problem,n,m,nu,delta_w,n_flagged,tau_norm_only,ident_norm_only,tau_aggr_only,ident_aggr_only,tau_both,ident_both
0,8,5,15.806549011492635,0.29515493342567767,6,0.5714285714285714,0,0.5714285714285714,0,0.4999999999999999,0
1,6,3,2.984273117845896,0.24015162534603757,0,0.9999999999999999,1,0.9999999999999999,1,0.9999999999999999,1
2,5,4,4.2004994743601305,0.16774967945310243,2,0.6,0,0.6,0,0.6,0
3,6,5,4.115524761985364,0.11094766549627529,1,0.8666666666666666,0,0.9999999999999999,1,0.8666666666666666,0
4,4,4,6.355267787367254,0.06398264928453848,0,1.0,1,1.0,1,1.0,1
5,8,4,3.4927136631704565,0.08584041431246281,0,0.9999999999999998,1,0.9999999999999998,1,0.9999999999999998,1
6,8,5,56.63892156488892,0.34662942030104316,9,0.3571428571428571,0,0.9999999999999998,1,0.42857142857142855,0
7,10,4,3.900828947262121,0.22555343285351198,3,0.8666666666666666,0,0.911111111111111,0,0.8666666666666666,0
8,4,3,1.9215345978902545,0.05287322157792573,1,0.6666666666666669,0,0.6666666666666669,0,0.6666666666666669,0
9,5,4,1.3388977687894712,0.0164298939975901,0,0.9999999999999999,1,0.7999999999999999,0,0.7999999999999999,0
10,8,4,6.076967979258471,0.14576450901469454,0,0.9999999999999998,1,0.9999999999999998,1,0.9999999999999998,1
11,5,4,46.16865297843691,0.25499002779908003,0,0.9999999999999999,1,0.9999999999999999,1,0.9999999999999999,1
12,5,3,4.586703739199875,0.17582962404420957,0,0.9999999999999999,1,0.9999999999999999,1,0.9999999999999999,1
13,4,4,2.8180652835764586,0.09338481607199735,0,1.0,1,1.0,1,1.0,1
14,10,5,1.877282749626022,0.11563413808800607,3,0.8666666666666666,0,0.8222222222222221,0,0.8222222222222221,0
15,4,5,3.451147153902663,0.16428516359312367,1,0.6666666666666669,0,0.6666666666666669,0,0.6666666666666669,0
16,8,3,1.048616400512314,0.006559145652176052,0,0.9999999999999998,1,0.9999999999999998,1,0.9999999999999998,1
17,5,5,304.8833202795418,0.4563957535919402,4,0.19999999999999998,0,0.6,0,0.19999999999999998,0
18,6,5,2.8147249381019197,0.07666860322910528,1,0.8666666666666666,0,0.8666666666666666,0,0.7333333333333333,0
19,4,4,32.136512807974775,0.11640147559713784,1,0.6666666666666669,0,1.0,1,0.6666666666666669,0
20,5,3,162.08604609417884,0.1918634796221721,1,0.7999999999999999,0,0.9999999999999999,1,0.7999999999999999,0
21,5,4,13.0764217433122,0.47226769572340854,7,-0.39999999999999997,0,0.9999999999999999,1,-0.6,0
22,8,4,1.5937844439622921,0.033423030052333866,1,0.9285714285714285,0,0.8571428571428571,0,0.8571428571428571,0
23,6,5,29.970315089237804,0.42681027643053293,7,0.06666666666666665,0,0.8666666666666666,0,0.06666666666666665,0
24,10,5,17.02817525373384,0.27157908455078633,14,0.37777777777777777,0,0.8666666666666666,0,0.37777777777777777,0
25,5,4,1.910956055626482,0.07474137629293813,0,0.9999999999999999,1,0.9999999999999999,1,0.9999999999999999,1
26,5,5,29.246883076355925,0.41587303989247176,5,0.0,0,0.9999999999999999,1,-0.19999999999999998,0
27,5,4,15.510504813742088,0.4812240788329564,3,0.39999999999999997,0,0.7999999999999999,0,0.39999999999999997,0
28,6,3,1.8343390332654042,0.022322169936849698,2,0.7333333333333333,0,0.7333333333333333,0,0.7333333333333333,0
29,4,3,4.586192122840009,0.023304400485744975,1,0.6666666666666669,0,1.0,1,1.0,1
30,4,4,14.464754814754142,0.17463097845387093,1,0.6666666666666669,0,1.0,1,0.6666666666666669,0
31,5,5,4.744273955903491,0.21657488975961514,0,0.9999999999999999,1,0.7999999999999999,0,0.7999999999999999,0
32,8,3,1.6889276154497463,0.052289469551057705,2,0.8571428571428571,0,0.8571428571428571,0,0.8571428571428571,0
33,10,4,9.843839629652894,0.03360368318913405,1,0.9555555555555554,0,0.9999999999999999,1,0.9999999999999999,1
34,8,5,5.758500096378478,0.19886995988032344,0,0.9999999999999998,1,0.9285714285714285,0,0.9285714285714285,0
35,10,4,2.4793239737965744,0.07581535268673883,5,0.7777777777777777,0,0.6888888888888888,0,0.6444444444444444,0
36,8,3,1.4294588733355202,0.014262343475865559,1,0.9285714285714285,0,0.9285714285714285,0,0.9285714285714285,0
37,6,3,1.6709831902614063,0.10500667396632463,1,0.8666666666666666,0,0.8666666666666666,0,0.7333333333333333,0
38,8,3,5.23129978180768,0.32651617362946384,5,0.6428571428571428,0,0.9285714285714285,0,0.6428571428571428,0
39,6,4,5.456482869449911,0.1744462084357275,2,0.7333333333333333,0,0.9999999999999999,1,0.7333333333333333,0
40,6,4,7.773661887223566,0.11167930193722012,0,0.9999999999999999,1,0.8666666666666666,0,0.8666666666666666,0
41,4,4,1.7774812931760728,0.03440333868984934,0,1.0,1,1.0,1,1.0,1
42,5,3,2.541313655286011,0.11259149888809142,1,0.7999999999999999,0,0.9999999999999999,1,0.7999999999999999,0
43,4,4,4.313808221233194,0.21073427313930398,1,0.6666666666666669,0,1.0,1,0.6666666666666669,0
44,6,4,3.8869279328819513,0.26718379249881474,2,0.7333333333333333,0,0.8666666666666666,0,0.6,0
45,10,5,47.543015436513826,0.36641428813835397,10,0.5555555555555555,0,0.7777777777777777,0,0.5111111111111111,0
46,4,5,13.232115659751043,0.21695174226273609,0,1.0,1,1.0,1,1.0,1
47,8,4,1.343469152200733,0.0512925988297554,0,0.9999999999999998,1,0.8571428571428571,0,0.8571428571428571,0
48,5,4,25.570427824067828,0.281244253106947,1,0.7999999999999999,0,0.9999999999999999,1,0.9999999999999999,1
49,8,5,6.476930608562029,0.34641202518708714,1,0.9285714285714285,0,0.9999999999999998,1,0.8571428571428571,0
50,8,5,7.763069088581738,0.38749369291928115,7,0.4999999999999999,0,0.7857142857142856,0,0.5714285714285714,0
51,4,4,10.140249733852645,0.08681732608838391,3,0.0,0,0.3333333333333334,0,0.0,0
52,4,4,4.187474956780427,0.19895474700180668,0,1.0,1,1.0,1,1.0,1
53,10,3,19.2246674234584,0.1521376753026217,7,0.6888888888888888,0,0.8222222222222221,0,0.6444444444444444,0
54,4,5,32.39490642114959,0.2561241783542154,2,0.3333333333333334,0,0.3333333333333334,0,0.3333333333333334,0
55,6,3,1.184949760791543,0.04122123145354806,1,0.8666666666666666,0,0.9999999999999999,1,0.8666666666666666,0
56,10,5,3.1574807824122746,0.1567544758949373,3,0.8666666666666666,0,0.9999999999999999,1,0.7777777777777777,0
57,4,3,16.73633912147933,0.4690837947242793,3,0.0,0,0.6666666666666669,0,0.0,0
58,8,4,5.455178176943027,0.3443019338424521,4,0.7142857142857142,0,0.8571428571428571,0,0.5714285714285714,0
59,5,3,27.377755017655755,0.1829343924984843,1,0.7999999999999999,0,0.9999999999999999,1,0.7999999999999999,0
60,5,3,4.305772377244929,0.1393818123637149,0,0.9999999999999999,1,0.7999999999999999,0,0.7999999999999999,0
61,6,4,187.48178476946416,0.0654715129426183,1,0.8666666666666666,0,0.9999999999999999,1,0.8666666666666666,0
62,4,3,3.134584889705856,0.08233575902155674,0,1.0,1,1.0,1,1.0,1
63,4,4,1.6784518775218884,0.08368828730638514,1,0.6666666666666669,0,1.0,1,1.0,1
64,6,5,22.123160589603525,0.4265005374125514,1,0.8666666666666666,0,0.9999999999999999,1,0.8666666666666666,0
65,4,3,7.179810971005895,0.34185029875793277,1,0.6666666666666669,0,1.0,1,0.6666666666666669,0
66,10,5,3.198736149108423,0.26439208587338847,10,0.5555555555555555,0,0.8666666666666666,0,0.37777777777777777,0
67,10,3,4.414581637674105,0.2564829694574086,6,0.7333333333333333,0,0.8666666666666666,0,0.911111111111111,0
68,8,3,3.1021761107992716,0.028673252472365608,0,0.9999999999999998,1,0.9999999999999998,1,0.9285714285714285,0
69,10,4,5.921844565656568,0.20709874237065679,4,0.8222222222222221,0,0.9555555555555554,0,0.7333333333333333,0
70,4,4,4.290536517275161,0.2263119505253121,0,1.0,1,1.0,1,1.0,1
71,5,5,10.586089636783802,0.28518161467497294,0,0.9999999999999999,1,0.7999999999999999,0,0.9999999999999999,1
72,5,4,2.2951165684188313,0.1361942027500061,2,0.6,0,0.9999999999999999,1,0.6,0
73,8,3,11.272962300029526,0.23117956675556756,3,0.7857142857142856,0,0.9285714285714285,0,0.7857142857142856,0
74,8,5,38.646227473663,0.15799277608965,1,0.9285714285714285,0,0.7857142857142856,0,0.7857142857142856,0
75,8,5,12.525541314700424,0.3835226315425674,10,0.2857142857142857,0,0.7857142857142856,0,0.21428571428571427,0
76,8,3,38.51093805865546,0.5815811333289109,14,0.0,0,0.8571428571428571,0,0.07142857142857142,0
77,6,5,2.660302837808365,0.11364730508624882,2,0.7333333333333333,0,0.7333333333333333,0,0.6,0
78,6,4,1.2710470874609099,0.044995125957816746,1,0.8666666666666666,0,0.8666666666666666,0,0.8666666666666666,0
79,6,4,25.364845200798698,0.1344222693646829,0,0.9999999999999999,1,0.9999999999999999,1,0.9999999999999999,1
80,8,4,1.5622421030325697,0.06233851364686645,3,0.7857142857142856,0,0.7857142857142856,0,0.7857142857142856,0
81,8,3,3.3322753680245967,0.2786606014804137,2,0.8571428571428571,0,0.9285714285714285,0,0.7142857142857142,0
82,8,4,10.461177649187835,0.13292392394041452,0,0.9999999999999998,1,0.9999999999999998,1,0.9999999999999998,1
83,5,3,2.535546428235169,0.1653798373562072,1,0.7999999999999999,0,0.9999999999999999,1,0.6,0
84,5,4,3.5471031170292675,0.21686613023170748,0,0.9999999999999999,1,0.9999999999999999,1,0.9999999999999999,1
85,4,5,11.721468279772974,0.1308591447663226,0,1.0,1,1.0,1,1.0,1
86,10,4,3.7061501594975095,0.04137729165250843,1,0.9555555555555554,0,0.7333333333333333,0,0.6888888888888888,0
87,10,5,7.040209104111341,0.24349748067992286,1,0.9555555555555554,0,0.9999999999999999,1,0.8222222222222221,0
88,6,3,1.6986024633714603,0.052994727450399154,0,0.9999999999999999,1,0.9999999999999999,1,0.9999999999999999,1
89,4,5,3.717932310933744,0.15109704241438043,1,0.6666666666666669,0,1.0,1,0.6666666666666669,0
90,8,5,17.587104174186237,0.30284933777675527,6,0.5714285714285714,0,0.7857142857142856,0,0.5714285714285714,0
91,5,3,39.59995868450115,0.48230648663946973,4,0.19999999999999998,0,0.6,0,0.19999999999999998,0
92,8,3,7.818559837341038,0.3356638799057455,3,0.7857142857142856,0,0.9999999999999998,1,0.7857142857142856,0
93,5,4,1.9763683995854235,0.08410489261936328,0,0.9999999999999999,1,0.9999999999999999,1,0.9999999999999999,1
94,10,3,2.0076150878537193,0.16969107593552096,1,0.9555555555555554,0,0.911111111111111,0,0.7333333333333333,0
95,10,5,2.3942359454808146,0.0920711694526763,4,0.8222222222222221,0,0.911111111111111,0,0.9555555555555554,0
96,6,5,115.50188640757132,0.26026845044981195,3,0.6,0,0.9999999999999999,1,0.6,0
97,8,5,6.268033457757243,0.2790025315326703,3,0.7857142857142856,0,0.8571428571428571,0,0.6428571428571428,0
98,6,3,27.379069929582712,0.47768053464556115,4,0.4666666666666666,0,0.8666666666666666,0,0.4666666666666666,0
99,10,4,3.445869836156186,0.036563924960222705,2,0.911111111111111,0,0.9999999999999999,1,0.9999999999999999,1
100,10,4,3.1645021659647417,0.17881148559518797,2,0.911111111111111,0,0.8666666666666666,0,0.911111111111111,0
101,8,5,3.8048138534269826,0.07904964724783448,3,0.7857142857142856,0,0.9285714285714285,0,0.9285714285714285,0
102,8,4,7.001165715346344,0.3481022737677392,10,0.2857142857142857,0,0.6428571428571428,0,0.2857142857142857,0
103,8,5,13.638349232676662,0.4251642237608968,7,0.4999999999999999,0,0.7857142857142856,0,0.4999999999999999,0
104,8,5,20.477308666099383,0.16813916701577014,1,0.9285714285714285,0,0.8571428571428571,0,0.8571428571428571,0
105,4,4,6.104542305366657,0.18126606924685965,1,0.6666666666666669,0,0.6666666666666669,0,0.6666666666666669,0
106,5,4,2.9913981430384387,0.13691771961923713,1,0.7999999999999999,0,0.9999999999999999,1,0.9999999999999999,1
107,4,4,11.932439020879707,0.15625574361873545,0,1.0,1,1.0,1,1.0,1
108,10,3,3.202593224654188,0.2182767907091613,5,0.7777777777777777,0,0.8666666666666666,0,0.6888888888888888,0
109,6,3,8.43868506854427,0.4567703709454457,7,0.06666666666666665,0,0.9999999999999999,1,-0.06666666666666665,0
110,5,3,4.136967369509942,0.20800519820575247,1,0.7999999999999999,0,0.9999999999999999,1,0.7999999999999999,0
111,6,3,3.2583739061013395,0.25005720676766213,1,0.8666666666666666,0,0.9999999999999999,1,0.8666666666666666,0
112,6,5,18.525649166706394,0.4783664722297606,1,0.8666666666666666,0,0.9999999999999999,1,0.7333333333333333,0
113,10,4,2.110589076249249,0.12639671870045804,3,0.8666666666666666,0,0.9555555555555554,0,0.7333333333333333,0
114,10,3,4.253881757459079,0.34217868207812474,2,0.911111111111111,0,0.9999999999999999,1,0.8222222222222221,0
115,6,4,39.65610830780962,0.13582190079270284,0,0.9999999999999999,1,0.9999999999999999,1,0.9999999999999999,1
116,5,4,2.944747740515685,0.16567885001248409,1,0.7999999999999999,0,0.9999999999999999,1,0.7999999999999999,0
117,6,4,10.144736985987125,0.2721052942245319,3,0.6,0,0.7333333333333333,0,0.6,0
118,6,5,4.170174525389753,0.1975229993878645,2,0.7333333333333333,0,0.7333333333333333,0,0.7333333333333333,0
119,5,3,4.405149074653977,0.27802684428646485,3,0.39999999999999997,0,0.7999999999999999,0,0.39999999999999997,0
120,8,3,1.9187246820605286,0.09449157756430236,2,0.8571428571428571,0,0.9999999999999998,1,0.9285714285714285,0
121,4,3,3.5628852926883856,0.11945236112821381,1,0.6666666666666669,0,1.0,1,0.6666666666666669,0
122,6,4,70.69301569778555,0.30872871516177486,1,0.8666666666666666,0,0.9999999999999999,1,0.8666666666666666,0
123,8,4,12.315805945195414,0.28000695321502833,7,0.4999999999999999,0,0.9285714285714285,0,0.42857142857142855,0
124,4,3,7.962374444803442,0.24654082700101643,1,0.6666666666666669,0,1.0,1,0.6666666666666669,0
125,8,5,10.194836562520344,0.24720376497066154,4,0.7142857142857142,0,0.9999999999999998,1,0.7142857142857142,0
126,10,5,6.628905368246845,0.14880513306301318,2,0.911111111111111,0,0.8222222222222221,0,0.7777777777777777,0
127,6,4,237.36596859885768,0.1751235316404686,0,0.9999999999999999,1,0.9999999999999999,1,0.9999999999999999,1
128,10,3,4.507831843106541,0.2786352586548911,5,0.7777777777777777,0,0.9555555555555554,0,0.6888888888888888,0
129,10,5,19.843513331505637,0.375448695794102,8,0.6444444444444444,0,0.911111111111111,0,0.6888888888888888,0
130,10,4,2.0381542827064814,0.12028456143448306,4,0.8222222222222221,0,0.9555555555555554,0,0.8222222222222221,0
131,4,5,26.885880136706962,0.07840566134512425,0,1.0,1,1.0,1,1.0,1
132,8,3,2.5111856394749767,0.09699415745629204,0,0.9999999999999998,1,0.9285714285714285,0,0.8571428571428571,0
133,8,4,14.294260524635082,0.11424040448901224,5,0.6428571428571428,0,0.9999999999999998,1,0.7142857142857142,0
134,5,4,16.945098050820608,0.5698606300983575,7,-0.39999999999999997,0,0.9999999999999999,1,-0.39999999999999997,0
135,8,5,10.361705988313247,0.397119938972437,6,0.5714285714285714,0,0.9285714285714285,0,0.4999999999999999,0
136,4,3,1.38384661063395,0.06811762101827373,0,1.0,1,1.0,1,1.0,1
137,4,3,4.244190443173769,0.31623115048486816,1,0.6666666666666669,0,0.6666666666666669,0,0.6666666666666669,0
138,8,4,6.10583399606916,0.08432320639266175,2,0.8571428571428571,0,0.9285714285714285,0,0.9285714285714285,0
139,10,5,3.6660453247869653,0.19871807618826756,8,0.6444444444444444,0,0.8666666666666666,0,0.4666666666666666,0
140,8,3,9.517701055046349,0.47267421044370145,3,0.7857142857142856,0,0.9285714285714285,0,0.5714285714285714,0
141,8,5,9.720595265279542,0.33865734999502856,8,0.42857142857142855,0,0.8571428571428571,0,0.42857142857142855,0
142,6,3,3.359231546177809,0.08634800337343199,0,0.9999999999999999,1,0.8666666666666666,0,0.7333333333333333,0
143,6,4,3.177653224899083,0.19362434296408076,4,0.4666666666666666,0,0.9999999999999999,1,0.4666666666666666,0
144,8,3,6.489036378680163,0.10880638592763903,2,0.8571428571428571,0,0.9999999999999998,1,0.9999999999999998,1
145,6,4,32.19353264586535,0.3248709430986567,4,0.4666666666666666,0,0.8666666666666666,0,0.4666666666666666,0
146,4,3,3.018021833352586,0.19579576833252715,0,1.0,1,1.0,1,1.0,1
147,8,5,73.47563226238377,0.24578025127302594,4,0.7142857142857142,0,0.8571428571428571,0,0.7142857142857142,0
148,5,5,17.39706477971221,0.13642545792369284,2,0.6,0,0.9999999999999999,1,0.7999999999999999,0
149,10,5,8.4943388424378,0.4213468863897386,9,0.6,0,0.9555555555555554,0,0.5111111111111111,0
150,4,5,6.911174314700476,0.21397237948909625,1,0.6666666666666669,0,1.0,1,1.0,1
151,6,5,5.655662180903796,0.23644598631449204,1,0.8666666666666666,0,0.8666666666666666,0,0.8666666666666666,0
152,10,3,56.21519367897648,0.5815195434786982,7,0.6888888888888888,0,0.9555555555555554,0,0.6444444444444444,0
153,4,3,5.619299107306285,0.07841175184843016,1,0.6666666666666669,0,1.0,1,0.6666666666666669,0
154,4,3,1.8512382077969787,0.042596351267601286,0,1.0,1,1.0,1,1.0,1
155,5,3,4.094051658814032,0.25517296733573225,0,0.9999999999999999,1,0.7999999999999999,0,0.9999999999999999,1
156,10,5,12.988998673196491,0.16315364214097827,3,0.8666666666666666,0,0.9555555555555554,0,0.8222222222222221,0
157,8,3,1.6435301230073946,0.09422269591811336,0,0.9999999999999998,1,0.9285714285714285,0,0.9999999999999998,1
158,6,4,9.800739020225972,0.20756714971080445,1,0.8666666666666666,0,0.9999999999999999,1,0.9999999999999999,1
159,4,3,2.1316808003195926,0.13646034842228918,0,1.0,1,1.0,1,1.0,1
160,8,5,3.6047839623181246,0.1621247027018369,2,0.8571428571428571,0,0.9285714285714285,0,0.9285714285714285,0
161,6,5,8.62283739903926,0.0923930471969581,1,0.8666666666666666,0,0.4666666666666666,0,0.2,0
162,4,4,21.194404528951125,0.31186522011412,0,1.0,1,1.0,1,1.0,1
163,10,4,34.41337894297661,0.32140988736345416,11,0.5111111111111111,0,0.8666666666666666,0,0.5555555555555555,0
164,4,3,5.200942733435577,0.31853249759324476,4,-0.3333333333333334,0,0.6666666666666669,0,-0.3333333333333334,0
165,5,3,15.197365362758248,0.5419813730638201,5,0.0,0,0.9999999999999999,1,0.0,0
166,8,4,2.820699357952802,0.08098819876482108,0,0.9999999999999998,1,0.7857142857142856,0,0.9285714285714285,0
167,4,5,113.4410370747512,0.15350649826148124,1,0.6666666666666669,0,1.0,1,0.6666666666666669,0
168,10,4,11.0090323483068,0.3312923566412192,5,0.7777777777777777,0,0.911111111111111,0,0.7333333333333333,0
169,6,5,20.083878284549243,0.338288526076978,3,0.6,0,0.9999999999999999,1,0.4666666666666666,0
170,6,3,3.3141895030804434,0.09666574410062449,2,0.7333333333333333,0,0.9999999999999999,1,0.8666666666666666,0
171,4,3,2.026822445472931,0.125738464295265,1,0.6666666666666669,0,0.6666666666666669,0,0.6666666666666669,0
172,10,5,6.054549665968427,0.16595076829796207,5,0.7777777777777777,0,0.8222222222222221,0,0.8666666666666666,0
173,6,5,6.766805113642398,0.304403520569121,0,0.9999999999999999,1,0.9999999999999999,1,0.9999999999999999,1
174,5,3,2.1261228435185817,0.0675532176027665,0,0.9999999999999999,1,0.9999999999999999,1,0.9999999999999999,1
175,4,3,2.115545624431903,0.16199670280583345,1,0.6666666666666669,0,1.0,1,0.6666666666666669,0
176,4,3,2.1310155734169514,0.15802196679586678,0,1.0,1,1.0,1,1.0,1
177,6,3,19.028130225918385,0.5201132141393756,6,0.2,0,0.7333333333333333,0,0.2,0
178,10,5,25.459986988357254,0.37462237924382935,12,0.4666666666666666,0,0.6444444444444444,0,0.4666666666666666,0
179,6,5,2.753812409773634,0.1371908837386037,2,0.7333333333333333,0,0.6,0,0.7333333333333333,0
180,8,5,7.949072803566784,0.31756332665038367,6,0.5714285714285714,0,0.9285714285714285,0,0.42857142857142855,0
181,5,3,1.508354604658937,0.009043297833634546,0,0.9999999999999999,1,0.9999999999999999,1,0.9999999999999999,1
182,4,3,3.4706176823300336,0.2705771577604022,1,0.6666666666666669,0,1.0,1,0.6666666666666669,0
183,8,5,15.925070250015922,0.3020823333055572,4,0.7142857142857142,0,0.9999999999999998,1,0.6428571428571428,0
184,6,5,3.264643968726689,0.030656215386914806,0,0.9999999999999999,1,0.9999999999999999,1,0.9999999999999999,1
185,6,5,4.930532722044326,0.291394728213914,4,0.4666666666666666,0,0.8666666666666666,0,0.3333333333333333,0
186,10,4,34.98733975952824,0.17003330457117471,3,0.8666666666666666,0,0.9999999999999999,1,0.8666666666666666,0
187,5,4,3.557551103291469,0.23541953887086497,2,0.6,0,0.9999999999999999,1,0.6,0
188,4,4,8.49211941744276,0.29101124943682727,1,0.6666666666666669,0,1.0,1,0.6666666666666669,0
189,4,4,6.0346209111109035,0.3127127574890738,1,0.6666666666666669,0,1.0,1,0.6666666666666669,0
190,8,4,1.7868308095219814,0.11921255321260932,3,0.7857142857142856,0,0.9285714285714285,0,0.7857142857142856,0
191,5,4,3.365381633564036,0.21799818280775674,2,0.6,0,0.9999999999999999,1,0.39999999999999997,0
192,8,3,3.0464140827170687,0.009276225136185251,0,0.9999999999999998,1,0.9999999999999998,1,0.9999999999999998,1
193,4,3,2.200988728449178,0.07700288923899323,0,1.0,1,1.0,1,1.0,1
194,10,3,2.5236493669375712,0.14284901091833047,6,0.7333333333333333,0,0.8222222222222221,0,0.7777777777777777,0
195,10,4,10.919925509346049,0.3843324891819395,17,0.24444444444444444,0,0.7777777777777777,0,0.28888888888888886,0
196,6,4,4.311807114279155,0.3126588812874626,2,0.7333333333333333,0,0.8666666666666666,0,0.7333333333333333,0
197,4,4,2.8545290438888893,0.11962827939351528,0,1.0,1,1.0,1,0.6666666666666669,0
198,5,3,2.587006327402545,0.06454378592142757,0,0.9999999999999999,1,0.9999999999999999,1,0.9999999999999999,1
199,5,5,16.888357056487806,0.06923123781553739,0,0.9999999999999999,1,0.9999999999999999,1,0.9999999999999999,1
200,5,5,3.9775283796790535,0.1703670240961006,0,0.9999999999999999,1,0.9999999999999999,1,0.7999999999999999,0
201,5,3,3.1791485949971934,0.07574878807557046,1,0.7999999999999999,0,0.9999999999999999,1,0.7999999999999999,0
202,8,4,3.252220250694089,0.08720119422285863,0,0.9999999999999998,1,0.9285714285714285,0,0.9285714285714285,0
203,6,3,6.888997161983308,0.3215832753717701,0,0.9999999999999999,1,0.9999999999999999,1,0.9999999999999999,1
204,8,5,28.77326792933306,0.1974084737679448,3,0.7857142857142856,0,0.9285714285714285,0,0.7857142857142856,0
205,5,4,10.83007433232072,0.21614102413275385,1,0.7999999999999999,0,0.6,0,0.6,0
206,6,4,4.598698690350339,0.2470659216157448,5,0.3333333333333333,0,0.8666666666666666,0,0.3333333333333333,0
207,8,5,1.9057515390457893,0.11368849696229515,2,0.8571428571428571,0,0.8571428571428571,0,0.7857142857142856,0
208,8,5,4.074844079853622,0.13006234252392287,4,0.7142857142857142,0,0.9285714285714285,0,0.7142857142857142,0
209,10,5,13.708405966499065,0.3488063384241503,6,0.7333333333333333,0,0.8666666666666666,0,0.6888888888888888,0
210,10,3,4.908923436201968,0.3017204091673211,10,0.5555555555555555,0,0.911111111111111,0,0.5555555555555555,0
211,6,5,2.112812562019206,0.07906727705778985,0,0.9999999999999999,1,0.8666666666666666,0,0.9999999999999999,1
212,6,3,1.8378345224165498,0.031991823882004916,0,0.9999999999999999,1,0.9999999999999999,1,0.9999999999999999,1
213,4,5,10.74426116080185,0.23417431052246226,0,1.0,1,0.6666666666666669,0,0.6666666666666669,0
214,4,4,27.567957350519947,0.16659766148480737,0,1.0,1,1.0,1,1.0,1
215,8,4,13.47488065152012,0.31424065626285963,3,0.7857142857142856,0,0.7857142857142856,0,0.7142857142857142,0
216,4,5,61.117761619789995,0.27733747360826605,2,0.3333333333333334,0,1.0,1,0.3333333333333334,0
217,8,4,21.603960590469768,0.22226448539703308,4,0.7142857142857142,0,0.9285714285714285,0,0.7857142857142856,0
218,6,5,13.97805659349076,0.4112754386029983,1,0.8666666666666666,0,0.9999999999999999,1,0.9999999999999999,1
219,8,5,10.10259891076068,0.3980887963193718,8,0.42857142857142855,0,0.7857142857142856,0,0.2857142857142857,0
220,5,4,24.46883383095739,0.30998030662882736,2,0.6,0,0.9999999999999999,1,0.6,0
221,5,3,3.1657151529651624,0.12184994932168601,1,0.7999999999999999,0,0.6,0,0.6,0
222,10,5,1.9581465604163628,0.049166638480372546,7,0.6888888888888888,0,0.6888888888888888,0,0.5111111111111111,0
223,4,5,8.153760509374177,0.17883880179391926,1,0.6666666666666669,0,1.0,1,1.0,1
224,6,4,4.087752890537313,0.16270385772739024,0,0.9999999999999999,1,0.8666666666666666,0,0.8666666666666666,0
225,6,5,4.467474825216181,0.14396977009372203,1,0.8666666666666666,0,0.8666666666666666,0,0.9999999999999999,1
226,10,5,58.81451746970562,0.3970845313860899,21,0.06666666666666667,0,0.911111111111111,0,0.022222222222222223,0
227,5,4,2.704040668568133,0.13581466854554042,1,0.7999999999999999,0,0.9999999999999999,1,0.7999999999999999,0
228,10,3,2.223161349641226,0.14329511354789903,5,0.7777777777777777,0,0.911111111111111,0,0.6888888888888888,0
229,10,4,3.8562046525505065,0.18645980475377597,7,0.6888888888888888,0,0.8666666666666666,0,0.6444444444444444,0
230,8,3,1.8861330384335782,0.0788980618838448,0,0.9999999999999998,1,0.9999999999999998,1,0.9999999999999998,1
231,6,4,5.094501513322529,0.2981782626970769,0,0.9999999999999999,1,0.9999999999999999,1,0.9999999999999999,1
232,6,5,3.0018593894352423,0.1478454927627573,1,0.8666666666666666,0,0.8666666666666666,0,0.8666666666666666,0
233,10,4,7.704267229702906,0.022697856501324817,2,0.911111111111111,0,0.8666666666666666,0,0.911111111111111,0
234,10,3,2.1646131165608464,0.07126269215521137,2,0.911111111111111,0,0.9999999999999999,1,0.9555555555555554,0
235,6,4,2.5658950923493435,0.2210674500791935,7,0.06666666666666665,0,0.9999999999999999,1,0.06666666666666665,0
236,10,5,37.26135256876266,0.21426888472215674,1,0.9555555555555554,0,0.8666666666666666,0,0.8222222222222221,0
237,5,3,147.45805226392034,0.5470777215571123,0,0.9999999999999999,1,0.9999999999999999,1,0.9999999999999999,1
238,6,3,2.2251114274741055,0.12532562589342322,2,0.7333333333333333,0,0.9999999999999999,1,0.7333333333333333,0
239,6,3,15.759778614568924,0.5252455842783683,8,-0.06666666666666665,0,0.8666666666666666,0,-0.06666666666666665,0
240,8,5,3.901480415245346,0.10909361204691903,3,0.7857142857142856,0,0.7857142857142856,0,0.7142857142857142,0
241,6,3,3.727998170595903,0.29727977724636506,3,0.6,0,0.6,0,0.6,0
242,10,4,3.3321895694666863,0.21812807131797432,3,0.8666666666666666,0,0.8666666666666666,0,0.8222222222222221,0
243,8,5,2.543745680887184,0.18671114071973005,1,0.9285714285714285,0,0.7857142857142856,0,0.7142857142857142,0
244,10,4,4.19236718554718,0.17161729113731206,5,0.7777777777777777,0,0.911111111111111,0,0.6444444444444444,0
245,10,5,29.72775520716825,0.40083549570634147,14,0.37777777777777777,0,0.7777777777777777,0,0.06666666666666667,0
246,6,3,3.1262813203516635,0.10278832490294039,1,0.8666666666666666,0,0.9999999999999999,1,0.8666666666666666,0
247,8,5,20.54041512700413,0.23364798657081273,2,0.8571428571428571,0,0.8571428571428571,0,0.7857142857142856,0
248,5,5,7.640249922466328,0.15689859205435716,0,0.9999999999999999,1,0.7999999999999999,0,0.9999999999999999,1
249,4,5,234.0230535056066,0.34706572084437604,3,0.0,0,0.6666666666666669,0,0.3333333333333334,0
250,4,4,2.4692631414473856,0.18330943445869624,0,1.0,1,1.0,1,0.6666666666666669,0
251,4,4,10.514056037906462,0.17469006177778013,2,0.3333333333333334,0,1.0,1,0.3333333333333334,0
252,4,3,40.337892437059615,0.3868393409906543,0,1.0,1,1.0,1,1.0,1
253,8,4,2.1427553439311664,0.08488423330969969,3,0.7857142857142856,0,0.8571428571428571,0,0.7857142857142856,0
254,4,5,3.4021065360140987,0.12462992718687137,1,0.6666666666666669,0,0.6666666666666669,0,1.0,1
255,8,5,95.46195294664287,0.11054874020782354,0,0.9999999999999998,1,0.8571428571428571,0,0.9285714285714285,0
256,8,3,4.961014744609265,0.12351355392230973,0,0.9999999999999998,1,0.9999999999999998,1,0.9285714285714285,0
257,4,4,2.7999980252760763,0.238673920399073,0,1.0,1,1.0,1,1.0,1
258,10,3,4.517087269452651,0.15402343517516404,2,0.911111111111111,0,0.911111111111111,0,0.8222222222222221,0
259,5,3,35.207622960103755,0.6114706217171881,1,0.7999999999999999,0,0.7999999999999999,0,0.7999999999999999,0
260,5,3,1.9728818085927313,0.15839472427351403,2,0.6,0,0.9999999999999999,1,0.6,0
261,4,3,64.11231696135113,0.6598251984253385,4,-0.3333333333333334,0,1.0,1,-0.3333333333333334,0
262,8,3,10.615981681732631,0.21201699417359368,4,0.7142857142857142,0,0.9285714285714285,0,0.7142857142857142,0
263,8,4,3.401290398962757,0.1897349771126592,2,0.8571428571428571,0,0.9285714285714285,0,0.7142857142857142,0
264,10,4,5.809728720291666,0.39544850658148367,7,0.6888888888888888,0,0.6888888888888888,0,0.6888888888888888,0
265,4,3,5.894590237099299,0.14087685447117088,0,1.0,1,1.0,1,1.0,1
266,8,5,6.934720831575593,0.2674195222133817,4,0.7142857142857142,0,0.9999999999999998,1,0.7142857142857142,0
267,8,3,20.647235219229064,0.14810629918529167,1,0.9285714285714285,0,0.9285714285714285,0,0.9285714285714285,0
268,5,5,3.3641924446637694,0.23553324850680815,1,0.7999999999999999,0,0.9999999999999999,1,0.7999999999999999,0
269,5,5,22.70681188366875,0.3159963285797679,2,0.6,0,0.7999999999999999,0,0.6,0
270,10,3,1.8773283751617578,0.07580935627369055,1,0.9555555555555554,0,0.9555555555555554,0,0.9555555555555554,0
271,6,3,11.931139970988873,0.09375457559320728,0,0.9999999999999999,1,0.8666666666666666,0,0.9999999999999999,1
272,6,3,1.5807334874065984,0.11005976467070953,2,0.7333333333333333,0,0.8666666666666666,0,0.7333333333333333,0
273,5,5,2.3638273135889243,0.057386950065553756,0,0.9999999999999999,1,0.9999999999999999,1,0.9999999999999999,1
274,10,3,4.903306635059599,0.3548819735184745,11,0.5111111111111111,0,0.9555555555555554,0,0.5111111111111111,0
275,4,3,8.371419606110182,0.35563612371602227,0,1.0,1,1.0,1,1.0,1
276,10,3,1.0256606883729487,0.002734779773916708,0,0.9999999999999999,1,0.9555555555555554,0,0.9555555555555554,0
277,8,3,20.586981737677423,0.5507712026302065,8,0.42857142857142855,0,0.7857142857142856,0,0.42857142857142855,0
278,4,4,45.32059666036119,0.44467527525304706,4,-0.3333333333333334,0,1.0,1,-0.3333333333333334,0
279,5,4,17.830866046940997,0.33739183295018493,3,0.39999999999999997,0,0.9999999999999999,1,0.39999999999999997,0
280,4,4,12.57768688655937,0.5375252404214215,0,1.0,1,1.0,1,1.0,1
281,10,3,1.2034139621783133,0.007488581994392628,0,0.9999999999999999,1,0.911111111111111,0,0.911111111111111,0
282,10,4,12.565178535436521,0.11083132552716754,2,0.911111111111111,0,0.9555555555555554,0,0.8666666666666666,0
283,6,4,1.6215337609919864,0.09169091030609837,1,0.8666666666666666,0,0.8666666666666666,0,0.9999999999999999,1
284,6,3,1.5009423577701835,0.09370773773252081,2,0.7333333333333333,0,0.8666666666666666,0,0.7333333333333333,0
285,6,5,6.01753328539178,0.1271068017959768,1,0.8666666666666666,0,0.8666666666666666,0,0.8666666666666666,0
286,6,4,2.5805671848650364,0.0795897225275725,1,0.8666666666666666,0,0.8666666666666666,0,0.8666666666666666,0
287,4,3,23.62664321025174,0.26677711602426746,0,1.0,1,1.0,1,0.6666666666666669,0
288,5,5,30.8286719646124,0.28506613624598415,0,0.9999999999999999,1,0.9999999999999999,1,0.9999999999999999,1
289,10,5,14.556219502455662,0.29132037892767654,9,0.6,0,0.8666666666666666,0,0.4222222222222222,0
290,10,5,31.78099325102088,0.3750353057777639,10,0.5555555555555555,0,0.911111111111111,0,0.6888888888888888,0
291,5,3,5.25570422759933,0.07157082842705634,0,0.9999999999999999,1,0.9999999999999999,1,0.9999999999999999,1
292,4,4,3.74222966296695,0.2525190524682886,2,0.3333333333333334,0,1.0,1,0.3333333333333334,0
293,5,3,1.6010228893464986,0.09649196265714824,0,0.9999999999999999,1,0.9999999999999999,1,0.9999999999999999,1
294,8,3,21.36596153660004,0.17087420855255367,2,0.8571428571428571,0,0.9999999999999998,1,0.9285714285714285,0
295,6,4,3.4557099228705295,0.24864103745113456,2,0.7333333333333333,0,0.8666666666666666,0,0.7333333333333333,0
296,10,3,1.730361723475045,0.1334354195997446,3,0.8666666666666666,0,0.8666666666666666,0,0.8666666666666666,0
297,6,5,2.151087513125508,0.07286965881333368,0,0.9999999999999999,1,0.8666666666666666,0,0.8666666666666666,0
298,5,5,3.2206677141580085,0.16065730139278916,0,0.9999999999999999,1,0.7999999999999999,0,0.7999999999999999,0
299,6,4,3.6933188094830496,0.17883092879530896,0,0.9999999999999999,1,0.8666666666666666,0,0.8666666666666666,0
300,5,4,2.746478478174637,0.20731562947787,0,0.9999999999999999,1,0.7999999999999999,0,0.9999999999999999,1
301,8,5,8.11482148017424,0.07557170530607993,1,0.9285714285714285,0,0.8571428571428571,0,0.8571428571428571,0
302,4,4,55.502510502019945,0.33173860457427096,2,0.3333333333333334,0,1.0,1,0.3333333333333334,0
303,4,4,6.2716625825893715,0.3563407196692263,1,0.6666666666666669,0,1.0,1,0.6666666666666669,0
304,8,5,22.41108509275664,0.3970890514500305,9,0.3571428571428571,0,0.9285714285714285,0,0.3571428571428571,0
305,8,4,3.3838541834520437,0.05534025609456011,1,0.9285714285714285,0,0.8571428571428571,0,0.8571428571428571,0
306,4,4,3.3054759222518895,0.149673872620689,1,0.6666666666666669,0,1.0,1,1.0,1
307,6,3,1.709244639568717,0.13066087250559744,1,0.8666666666666666,0,0.7333333333333333,0,0.8666666666666666,0
308,4,5,7.456860560155097,0.2552817676753618,0,1.0,1,1.0,1,0.3333333333333334,0
309,5,5,3.422162718778505,0.12675247669911094,0,0.9999999999999999,1,0.6,0,0.7999999999999999,0
310,8,4,16.26636905422109,0.24311685985353526,6,0.5714285714285714,0,0.9999999999999998,1,0.5714285714285714,0
311,5,3,1.6688903641754287,0.1266925479590903,0,0.9999999999999999,1,0.6,0,0.9999999999999999,1
312,4,4,27.920370900463798,0.35855010886622396,1,0.6666666666666669,0,1.0,1,0.3333333333333334,0
313,8,5,2.9328422431051964,0.05408428834776619,0,0.9999999999999998,1,0.9285714285714285,0,0.9285714285714285,0
314,6,4,35.62446223679651,0.3181939456232687,3,0.6,0,0.9999999999999999,1,0.6,0
315,10,5,5.602582838850005,0.09723661760665107,3,0.8666666666666666,0,0.7777777777777777,0,0.7333333333333333,0
316,8,5,11.890164448761926,0.4040160179643927,5,0.6428571428571428,0,0.9285714285714285,0,0.5714285714285714,0
317,5,3,5.016459584245268,0.1454607365404103,1,0.7999999999999999,0,0.9999999999999999,1,0.7999999999999999,0
318,4,4,49.37131201294081,0.3461057477134286,2,0.3333333333333334,0,1.0,1,0.3333333333333334,0
319,4,3,3.902298676758156,0.24422387391485625,0,1.0,1,1.0,1,1.0,1
320,8,5,5.961870478276045,0.36482949770538237,7,0.4999999999999999,0,0.8571428571428571,0,0.42857142857142855,0
321,5,5,4.489337099460507,0.2441911867737011,1,0.7999999999999999,0,0.7999999999999999,0,0.7999999999999999,0
322,5,4,1.4016784166668852,0.07622188440413168,1,0.7999999999999999,0,0.9999999999999999,1,0.9999999999999999,1
323,5,4,1.5826076129176556,0.08278609572174242,0,0.9999999999999999,1,0.7999999999999999,0,0.6,0
324,6,4,1.6791304480239382,0.057793777341689084,0,0.9999999999999999,1,0.8666666666666666,0,0.8666666666666666,0
325,4,4,6.1406173643467055,0.07571894992850783,0,1.0,1,1.0,1,1.0,1
326,10,3,6.75913544176832,0.047770914167956854,2,0.911111111111111,0,0.9555555555555554,0,0.8666666666666666,0
327,8,4,4.372327328015566,0.18341679890777965,3,0.7857142857142856,0,0.9285714285714285,0,0.9285714285714285,0
328,10,3,33.17673414530097,0.33442798996696776,5,0.7777777777777777,0,0.9555555555555554,0,0.7333333333333333,0
329,8,4,1.1638524333656017,0.019184251247692564,1,0.9285714285714285,0,0.9285714285714285,0,0.9285714285714285,0
330,5,4,17.753879809182294,0.060411108587676246,0,0.9999999999999999,1,0.9999999999999999,1,0.9999999999999999,1
331,10,4,2.594253948517471,0.10904957025362887,3,0.8666666666666666,0,0.7777777777777777,0,0.7333333333333333,0
332,8,4,3.45981857364973,0.21539348282636572,2,0.8571428571428571,0,0.7857142857142856,0,0.9999999999999998,1
333,8,5,2.9855378665777,0.16527203707431629,2,0.8571428571428571,0,0.8571428571428571,0,0.6428571428571428,0
334,4,5,8.99138126626773,0.18268816624790402,1,0.6666666666666669,0,1.0,1,1.0,1
335,5,5,2.6585503116187104,0.10329417284556336,0,0.9999999999999999,1,0.9999999999999999,1,0.9999999999999999,1
336,4,3,1.2026168326784874,0.044625135802478774,0,1.0,1,1.0,1,1.0,1
337,10,4,98.41126096433071,0.25597889253054096,5,0.7777777777777777,0,0.9555555555555554,0,0.6888888888888888,0
338,10,4,3.2932275797890567,0.1997712754113362,5,0.7777777777777777,0,0.7777777777777777,0,0.6888888888888888,0
339,10,5,9.921157971687325,0.4450372626984399,4,0.8222222222222221,0,0.8222222222222221,0,0.6444444444444444,0
340,4,3,1.5593131019054354,0.02836584019743997,0,1.0,1,1.0,1,1.0,1
341,8,4,14.790646326576635,0.17993415927683737,4,0.7142857142857142,0,0.7857142857142856,0,0.7142857142857142,0
342,5,5,5.274777604420371,0.15561111116753368,0,0.9999999999999999,1,0.7999999999999999,0,0.7999999999999999,0
343,8,5,16.75796900836865,0.35603291197056774,2,0.8571428571428571,0,0.9285714285714285,0,0.8571428571428571,0
344,5,5,3.492238005138698,0.12171206356554301,0,0.9999999999999999,1,0.9999999999999999,1,0.7999999999999999,0
345,10,4,6.689904960919597,0.22644368444189947,9,0.6,0,0.8666666666666666,0,0.5555555555555555,0
346,5,3,10.323033457914756,0.1607203476539365,1,0.7999999999999999,0,0.9999999999999999,1,0.7999999999999999,0
347,10,4,4.45993391196212,0.07946587611759474,2,0.911111111111111,0,0.9999999999999999,1,0.911111111111111,0
348,10,5,5.023525624682834,0.23010306820380472,2,0.911111111111111,0,0.9555555555555554,0,0.8666666666666666,0
349,10,5,2.3700648396679047,0.10466659619188992,3,0.8666666666666666,0,0.7777777777777777,0,0.911111111111111,0
350,10,5,16.670211293090457,0.2498971328404435,6,0.7333333333333333,0,0.8222222222222221,0,0.7777777777777777,0
351,4,5,11.833011283221005,0.4397413462958518,3,0.0,0,0.6666666666666669,0,0.0,0
352,4,4,4.606303363047354,0.3160878976458971,1,0.6666666666666669,0,1.0,1,0.6666666666666669,0
353,6,3,139.49928100599294,0.22941210037398718,0,0.9999999999999999,1,0.9999999999999999,1,0.9999999999999999,1
354,5,3,5.33981600591694,0.06932359268678837,0,0.9999999999999999,1,0.9999999999999999,1,0.9999999999999999,1
355,6,4,3.3953918001666237,0.18570569106554585,0,0.9999999999999999,1,0.9999999999999999,1,0.9999999999999999,1
356,6,5,19.409839647607015,0.1899707991691873,1,0.8666666666666666,0,0.9999999999999999,1,0.8666666666666666,0
357,5,3,100.80382988264006,0.15549550662687878,1,0.7999999999999999,0,0.9999999999999999,1,0.7999999999999999,0
358,10,5,1.8109550406280246,0.09566069365721279,2,0.911111111111111,0,0.9555555555555554,0,0.8222222222222221,0
359,8,3,1.4348042646918482,0.0719074237822021,2,0.8571428571428571,0,0.8571428571428571,0,0.7857142857142856,0
360,8,5,8.363092780062972,0.3957188108281636,9,0.3571428571428571,0,0.9285714285714285,0,0.21428571428571427,0
361,4,4,2.366792994958318,0.09881419002989696,1,0.6666666666666669,0,1.0,1,0.3333333333333334,0
362,8,5,2.1597907277412767,0.10197736712667554,4,0.7142857142857142,0,0.7857142857142856,0,0.6428571428571428,0
363,8,3,3.3209457220153196,0.27409754683749255,7,0.4999999999999999,0,0.9285714285714285,0,0.4999999999999999,0
364,8,4,4.731398236586929,0.3337453698862487,19,-0.3571428571428571,0,0.8571428571428571,0,-0.2857142857142857,0
365,5,5,50.65401424701966,0.6025508234711868,6,-0.19999999999999998,0,0.7999999999999999,0,-0.19999999999999998,0
366,10,3,1.6572145488269514,0.09546548904503982,1,0.9555555555555554,0,0.911111111111111,0,0.8666666666666666,0
367,10,5,3.679461107141248,0.173179677899001,1,0.9555555555555554,0,0.911111111111111,0,0.9999999999999999,1
368,6,5,9.530654245364119,0.1509511548534011,0,0.9999999999999999,1,0.8666666666666666,0,0.8666666666666666,0
369,10,3,2.2320677027547893,0.024135128489001522,2,0.911111111111111,0,0.9555555555555554,0,0.911111111111111,0
370,6,4,3.3809680301258176,0.10094006339117217,2,0.7333333333333333,0,0.8666666666666666,0,0.7333333333333333,0
371,8,4,21.644167132271342,0.4264402474025955,7,0.4999999999999999,0,0.9999999999999998,1,0.5714285714285714,0
372,5,5,2.751114989749724,0.175397959316207,3,0.39999999999999997,0,0.7999999999999999,0,0.19999999999999998,0
373,5,5,3.668437213613617,0.15674096840096854,2,0.6,0,0.6,0,0.39999999999999997,0
374,5,3,4.492647469817278,0.2354530459107293,1,0.7999999999999999,0,0.7999999999999999,0,0.7999999999999999,0
375,5,4,2.387858113659228,0.1563083361402558,0,0.9999999999999999,1,0.9999999999999999,1,0.7999999999999999,0
376,6,4,4.928198013955428,0.22863698638439467,0,0.9999999999999999,1,0.9999999999999999,1,0.9999999999999999,1
377,10,4,23.046295251384752,0.5397111805132867,15,0.3333333333333333,0,0.9555555555555554,0,0.1111111111111111,0
378,10,5,3.208533379536299,0.12669136345865584,4,0.8222222222222221,0,0.7777777777777777,0,0.6444444444444444,0
379,5,5,29.510007584117346,0.3073088383480575,2,0.6,0,0.9999999999999999,1,0.39999999999999997,0
380,4,4,1.5188538435832266,0.06440766420540861,0,1.0,1,1.0,1,1.0,1
381,8,5,17.782569731586047,0.4774774619336475,9,0.3571428571428571,0,0.8571428571428571,0,0.21428571428571427,0
382,4,4,7.045633324452512,0.3902884248063051,0,1.0,1,1.0,1,1.0,1
383,8,3,16.64814493849344,0.5368249147199261,6,0.5714285714285714,0,0.7857142857142856,0,0.4999999999999999,0
384,4,5,440.758039188423,0.3128365362386661,0,1.0,1,1.0,1,1.0,1
385,10,5,8.398293003658486,0.2415284789924104,6,0.7333333333333333,0,0.8666666666666666,0,0.6,0
386,6,5,2.401732683926018,0.09363311004703251,2,0.7333333333333333,0,0.8666666666666666,0,0.7333333333333333,0
387,8,5,38.88844440538262,0.61047055955888,5,0.6428571428571428,0,0.9285714285714285,0,0.4999999999999999,0
388,5,3,24.227793228744698,0.08930965467493267,0,0.9999999999999999,1,0.9999999999999999,1,0.9999999999999999,1
389,10,3,421.41359254998025,0.4798194182160981,15,0.3333333333333333,0,0.7777777777777777,0,0.37777777777777777,0
390,8,3,1.0438541614623218,0.007842737770867511,0,0.9999999999999998,1,0.9999999999999998,1,0.9999999999999998,1
391,10,3,15.004728775566992,0.31150058926715296,9,0.6,0,0.9999999999999999,1,0.5555555555555555,0
392,8,5,9.844443220296029,0.19354848864312837,2,0.8571428571428571,0,0.9999999999999998,1,0.8571428571428571,0
393,8,4,1.7898665667647815,0.10416335568064966,4,0.7142857142857142,0,0.7142857142857142,0,0.5714285714285714,0
394,4,3,7.523082241896718,0.07407130396138209,0,1.0,1,1.0,1,1.0,1
395,6,5,8.521802424610081,0.3518342979561176,2,0.7333333333333333,0,0.8666666666666666,0,0.7333333333333333,0
396,8,5,17.414258866100436,0.22927054593975066,6,0.5714285714285714,0,0.8571428571428571,0,0.4999999999999999,0
397,8,4,10.408063714555839,0.33033163964681495,3,0.7857142857142856,0,0.8571428571428571,0,0.7857142857142856,0
398,8,4,2.058517858543052,0.10029498428445363,2,0.8571428571428571,0,0.7857142857142856,0,0.8571428571428571,0
399,4,5,343.9812550234974,0.6720996163567046,2,0.3333333333333334,0,0.6666666666666669,0,0.3333333333333334,0
400,4,4,4.730322160628535,0.1678621160029208,0,1.0,1,1.0,1,0.6666666666666669,0
401,6,3,1.6971288523048715,0.09577174054498051,1,0.8666666666666666,0,0.8666666666666666,0,0.8666666666666666,0
402,6,3,14.389121550321843,0.22870105001934465,1,0.8666666666666666,0,0.9999999999999999,1,0.9999999999999999,1
403,4,4,72.72264288425552,0.20196073584215224,1,0.6666666666666669,0,0.6666666666666669,0,0.6666666666666669,0
404,8,4,1.4988591014281747,0.049216579990733415,0,0.9999999999999998,1,0.9285714285714285,0,0.9999999999999998,1
405,10,4,1.9317054599762364,0.035885627678876916,1,0.9555555555555554,0,0.911111111111111,0,0.9555555555555554,0
406,5,5,12.830394525797562,0.11683663113450074,1,0.7999999999999999,0,0.7999999999999999,0,0.7999999999999999,0
407,10,5,12.184089154965418,0.23439929655556324,7,0.6888888888888888,0,0.9999999999999999,1,0.6888888888888888,0
408,4,5,11.173976587705184,0.31842814088502575,1,0.6666666666666669,0,1.0,1,0.6666666666666669,0
409,5,4,51.57960570371825,0.44445391520187394,3,0.39999999999999997,0,0.7999999999999999,0,0.39999999999999997,0
410,4,5,8.703056698595494,0.4155820435133792,0,1.0,1,1.0,1,1.0,1
411,6,4,21.972681751391754,0.21159290539070064,0,0.9999999999999999,1,0.9999999999999999,1,0.8666666666666666,0
412,5,5,11.367619611220032,0.34415349891486313,2,0.6,0,0.7999999999999999,0,0.6,0
413,6,4,3.8849511696696446,0.22218269024830203,4,0.4666666666666666,0,0.6,0,0.6,0
414,8,4,1.9470714929045894,0.12449882806191151,3,0.7857142857142856,0,0.9285714285714285,0,0.7857142857142856,0
415,10,3,1.6661979193298335,0.09458167969663274,2,0.911111111111111,0,0.9555555555555554,0,0.8666666666666666,0
416,6,3,1.5485786899814111,0.04970119093029181,0,0.9999999999999999,1,0.9999999999999999,1,0.9999999999999999,1
417,8,3,2.096401300077843,0.00931407626557296,1,0.9285714285714285,0,0.9999999999999998,1,0.9999999999999998,1
418,6,4,4.911274335638399,0.21934616138205515,2,0.7333333333333333,0,0.6,0,0.6,0
419,5,4,3.5734010871089383,0.22499678643065527,2,0.6,0,0.9999999999999999,1,0.39999999999999997,0
420,5,5,14.860050933701608,0.4430179594227228,4,0.19999999999999998,0,0.7999999999999999,0,0.19999999999999998,0
421,8,5,5.842321778547062,0.08596189088120695,1,0.9285714285714285,0,0.9285714285714285,0,0.9999999999999998,1
422,5,4,2.1575899906825873,0.08920696073998396,0,0.9999999999999999,1,0.9999999999999999,1,0.9999999999999999,1
423,5,4,6.376644219228596,0.23460712600347888,1,0.7999999999999999,0,0.9999999999999999,1,0.7999999999999999,0
424,8,3,1.6331646947621425,0.07457196400630278,0,0.9999999999999998,1,0.9999999999999998,1,0.9999999999999998,1
425,5,3,2.299410683365952,0.061976835004587075,0,0.9999999999999999,1,0.9999999999999999,1,0.9999999999999999,1
426,8,4,3.4448363821575487,0.22838054170827798,4,0.7142857142857142,0,0.9999999999999998,1,0.7857142857142856,0
427,6,3,5.685195949272219,0.20335563239104376,1,0.8666666666666666,0,0.9999999999999999,1,0.8666666666666666,0
428,8,3,2.997048928766673,0.12094860552091286,4,0.7142857142857142,0,0.8571428571428571,0,0.7142857142857142,0
429,10,4,6.575134557224351,0.3430149826348616,5,0.7777777777777777,0,0.9555555555555554,0,0.6,0
430,4,5,22.5000660156797,0.17721739417024943,1,0.6666666666666669,0,0.6666666666666669,0,0.6666666666666669,0
431,5,5,44.162199321750535,0.48368908951941525,1,0.7999999999999999,0,0.6,0,0.39999999999999997,0
432,10,4,6.703513706915735,0.13436949002918114,0,0.9999999999999999,1,0.9999999999999999,1,0.9999999999999999,1
433,4,5,3.133711025253007,0.1498685863659617,1,0.6666666666666669,0,0.6666666666666669,0,0.3333333333333334,0
434,6,5,8.31227721485485,0.4608342044873328,2,0.7333333333333333,0,0.7333333333333333,0,0.7333333333333333,0
435,4,4,5.0315723983783585,0.35185853697777936,2,0.3333333333333334,0,1.0,1,0.6666666666666669,0
436,5,5,4.023636674174843,0.1743497715146083,0,0.9999999999999999,1,0.9999999999999999,1,0.7999999999999999,0
437,5,4,4.919374310142616,0.30748754428165187,2,0.6,0,0.7999999999999999,0,0.19999999999999998,0
438,10,4,4.390859013699792,0.11155431220889425,3,0.8666666666666666,0,0.9555555555555554,0,0.911111111111111,0
439,6,4,8.496666647326787,0.33171556147752407,5,0.3333333333333333,0,0.8666666666666666,0,0.2,0
440,4,5,2.3489932311488366,0.16854513405426816,1,0.6666666666666669,0,1.0,1,1.0,1
441,8,3,1.2614239081724685,0.034889583178697864,1,0.9285714285714285,0,0.9285714285714285,0,0.9999999999999998,1
442,8,5,2.764592035111829,0.07357797982024768,0,0.9999999999999998,1,0.9999999999999998,1,0.9285714285714285,0
443,4,5,1.1831675918557025,0.017643621875495098,0,1.0,1,1.0,1,1.0,1
444,8,4,14.67989234937993,0.1732478660780727,5,0.6428571428571428,0,0.7857142857142856,0,0.6428571428571428,0
445,10,5,12.03616278237644,0.3807344434204669,9,0.6,0,0.7777777777777777,0,0.5555555555555555,0
446,4,4,112.5867517071811,0.2673394883882204,2,0.3333333333333334,0,0.6666666666666669,0,0.3333333333333334,0
447,5,5,2.6439835836661185,0.08728691498492348,0,0.9999999999999999,1,0.9999999999999999,1,0.9999999999999999,1
448,10,4,677.9372706855878,0.5522264704451318,13,0.4222222222222222,0,0.911111111111111,0,0.3333333333333333,0
449,8,5,10.932536808240384,0.23377162162180243,6,0.5714285714285714,0,0.8571428571428571,0,0.4999999999999999,0
450,10,3,15.431379459328882,0.32004163518344947,9,0.6,0,0.9555555555555554,0,0.6,0
451,8,3,2.674531069465205,0.21073853718754068,1,0.9285714285714285,0,0.9999999999999998,1,0.9285714285714285,0
452,4,5,501.4167278172318,0.35811728370208157,5,-0.6666666666666669,0,1.0,1,-1.0,0
453,4,5,3.065402369656323,0.15892490029506193,0,1.0,1,0.6666666666666669,0,1.0,1
454,4,4,2.888097778398947,0.22662367084339086,0,1.0,1,1.0,1,0.6666666666666669,0
455,10,4,1804.0975232093533,0.4573331526557032,11,0.5111111111111111,0,0.9555555555555554,0,0.5111111111111111,0
456,8,3,4.37410088970687,0.08792847581165666,1,0.9285714285714285,0,0.9285714285714285,0,0.9285714285714285,0
457,10,5,6.03676735386395,0.2023671034013397,3,0.8666666666666666,0,0.911111111111111,0,0.8666666666666666,0
458,4,4,1.5937292553320017,0.03988077427356143,0,1.0,1,1.0,1,1.0,1
459,10,3,130.16819575917452,0.3179521385452764,9,0.6,0,0.9555555555555554,0,0.5555555555555555,0
460,8,5,2.0187365247396074,0.10302431264665436,0,0.9999999999999998,1,0.9999999999999998,1,0.9285714285714285,0
461,5,5,5.05229273462477,0.21635108764704705,4,0.19999999999999998,0,0.7999999999999999,0,0.19999999999999998,0
462,6,4,2.642281309223091,0.06356908359503129,1,0.8666666666666666,0,0.7333333333333333,0,0.6,0
463,4,4,2.874287487568006,0.12192126366611407,0,1.0,1,1.0,1,0.6666666666666669,0
464,8,3,1.6220380764547726,0.08324082727553862,0,0.9999999999999998,1,0.9285714285714285,0,0.9999999999999998,1
465,6,4,2.7921652038098896,0.07472802266340134,0,0.9999999999999999,1,0.8666666666666666,0,0.9999999999999999,1
466,5,3,7.788750534991642,0.2971059487195696,1,0.7999999999999999,0,0.9999999999999999,1,0.7999999999999999,0
467,5,4,3.1015071041457354,0.21123072130172543,1,0.7999999999999999,0,0.9999999999999999,1,0.7999999999999999,0
468,5,3,105.11527642221371,0.6958007391044168,4,0.19999999999999998,0,0.9999999999999999,1,0.19999999999999998,0
469,8,4,4.199541732112588,0.06711231709670255,1,0.9285714285714285,0,0.9285714285714285,0,0.9285714285714285,0
470,4,4,3.3117468891496333,0.13901848136838926,0,1.0,1,1.0,1,1.0,1
471,5,4,9.4921964098717,0.29954394484358077,1,0.7999999999999999,0,0.9999999999999999,1,0.7999999999999999,0
472,6,5,40.56272218319353,0.21146963366080163,1,0.8666666666666666,0,0.8666666666666666,0,0.8666666666666666,0
473,4,4,2.440937603520322,0.17427997391535022,0,1.0,1,1.0,1,0.6666666666666669,0
474,6,5,1.955804918972615,0.09440764566390472,1,0.8666666666666666,0,0.6,0,0.7333333333333333,0
475,5,3,2.6284736908475295,0.20384132085460951,1,0.7999999999999999,0,0.9999999999999999,1,0.9999999999999999,1
476,6,4,17.104331812553593,0.25235523631192514,0,0.9999999999999999,1,0.9999999999999999,1,0.9999999999999999,1
477,6,3,4.691720515202382,0.2917828396883688,1,0.8666666666666666,0,0.9999999999999999,1,0.8666666666666666,0
478,8,5,11.774482669262744,0.20496513639196443,1,0.9285714285714285,0,0.9999999999999998,1,0.8571428571428571,0
479,8,5,3.950849766077186,0.04206031041155377,1,0.9285714285714285,0,0.9285714285714285,0,0.8571428571428571,0
480,4,5,13.437154909417282,0.3788409355681672,2,0.3333333333333334,0,1.0,1,0.3333333333333334,0
481,8,5,4.227887533018421,0.09526499968557613,1,0.9285714285714285,0,0.9285714285714285,0,0.8571428571428571,0
482,5,3,2.249812380652649,0.13478548664540096,0,0.9999999999999999,1,0.9999999999999999,1,0.7999999999999999,0
483,4,4,2.933523035102615,0.15988795537654277,0,1.0,1,1.0,1,1.0,1
484,8,5,6.657296254422879,0.14580808895169123,1,0.9285714285714285,0,0.8571428571428571,0,0.9285714285714285,0
485,8,5,32.59364309441015,0.2400695513138293,6,0.5714285714285714,0,0.9285714285714285,0,0.5714285714285714,0
486,8,5,3.1233792288775253,0.22416007421487566,3,0.7857142857142856,0,0.9999999999999998,1,0.7142857142857142,0
487,6,5,43.33091155544511,0.08617017098071916,0,0.9999999999999999,1,0.8666666666666666,0,0.8666666666666666,0
488,5,5,2.139485217557215,0.11033628706950371,2,0.6,0,0.7999999999999999,0,0.6,0
489,5,5,3.8164509628954915,0.05217428657991155,0,0.9999999999999999,1,0.9999999999999999,1,0.9999999999999999,1
490,10,3,22.686750815582432,0.46948655695602326,7,0.6888888888888888,0,0.8666666666666666,0,0.6888888888888888,0
491,4,5,1.470990667447089,0.03085599592608069,1,0.6666666666666669,0,0.3333333333333334,0,0.6666666666666669,0
492,4,5,1.5166124441526723,0.033830289793303575,0,1.0,1,1.0,1,1.0,1
493,10,3,10.639480812871325,0.28508742488017935,3,0.8666666666666666,0,0.9555555555555554,0,0.7333333333333333,0
494,5,3,1.9001850013918073,0.07513332333833588,1,0.7999999999999999,0,0.9999999999999999,1,0.7999999999999999,0
495,4,4,1.5474393761358158,0.0647002955404814,0,1.0,1,1.0,1,1.0,1
496,5,4,10.680905699126594,0.23787536365898443,2,0.6,0,0.7999999999999999,0,0.39999999999999997,0
497,10,5,5.970935758633995,0.19533251186717976,6,0.7333333333333333,0,0.7777777777777777,0,0.5111111111111111,0
498,6,4,5.297390494776995,0.36034305960408514,1,0.8666666666666666,0,0.8666666666666666,0,0.6,0
499,10,3,1.645496579314844,0.08353895745637574,2,0.911111111111111,0,0.8666666666666666,0,0.8666666666666666,0
500,6,4,2.9563301592991893,0.24489633178507447,1,0.8666666666666666,0,0.9999999999999999,1,0.7333333333333333,0
501,4,4,7.953987034223323,0.17877318513397317,1,0.6666666666666669,0,1.0,1,0.6666666666666669,0
502,6,4,7.093973874764445,0.38043052241841835,6,0.2,0,0.8666666666666666,0,0.06666666666666665,0
503,4,5,3.5530062872038277,0.1113138412575769,0,1.0,1,1.0,1,1.0,1
504,5,5,9.765952965597997,0.3214210818456699,2,0.6,0,0.9999999999999999,1,0.6,0
505,6,4,2.3096443932812156,0.1021860106691474,2,0.7333333333333333,0,0.8666666666666666,0,0.6,0
506,4,5,2.5743045933186792,0.130051716420871,0,1.0,1,1.0,1,1.0,1
507,4,4,13.71235125070273,0.37756506717964367,1,0.6666666666666669,0,1.0,1,0.6666666666666669,0
508,6,4,2.177356225463112,0.11005323368083872,1,0.8666666666666666,0,0.8666666666666666,0,0.8666666666666666,0
509,8,5,28.22979140999858,0.15814039092365623,3,0.7857142857142856,0,0.8571428571428571,0,0.8571428571428571,0
510,10,5,2.4400441437061278,0.0741252406781535,3,0.8666666666666666,0,0.6888888888888888,0,0.6444444444444444,0
511,5,3,2.74162246513591,0.24220496554389645,0,0.9999999999999999,1,0.9999999999999999,1,0.9999999999999999,1
512,8,3,5.110248584000831,0.1892250006109828,2,0.8571428571428571,0,0.9285714285714285,0,0.7857142857142856,0
513,10,5,20.2914432380324,0.3479717108677066,12,0.4666666666666666,0,0.6888888888888888,0,0.4222222222222222,0
514,8,3,2.4387817572579817,0.07162261497418905,1,0.9285714285714285,0,0.8571428571428571,0,0.9285714285714285,0
515,5,5,1.779186333339106,0.11073582609956521,0,0.9999999999999999,1,0.39999999999999997,0,0.6,0
516,4,4,6.182783644270813,0.2588328325144154,4,-0.3333333333333334,0,0.6666666666666669,0,-0.3333333333333334,0
517,6,4,8.800528828955235,0.11372621024720023,1,0.8666666666666666,0,0.9999999999999999,1,0.8666666666666666,0
518,6,3,1.5800263323160455,0.02335421981578343,0,0.9999999999999999,1,0.9999999999999999,1,0.9999999999999999,1
519,6,5,6.550424120710771,0.06595612187519222,1,0.8666666666666666,0,0.8666666666666666,0,0.8666666666666666,0
520,8,5,19.491520253690354,0.433279078162326,3,0.7857142857142856,0,0.9999999999999998,1,0.7857142857142856,0
521,5,3,8.64591811335648,0.41079873393494537,6,-0.19999999999999998,0,0.9999999999999999,1,-0.19999999999999998,0
522,6,5,10.352899449751648,0.3864483466277631,6,0.2,0,0.8666666666666666,0,-0.06666666666666665,0
523,4,4,1.3989591259495384,0.04597832716942878,0,1.0,1,1.0,1,1.0,1
524,5,4,2.95106316750259,0.22048697299429965,1,0.7999999999999999,0,0.9999999999999999,1,0.7999999999999999,0
525,8,4,3.1300484619148317,0.22202870245005296,1,0.9285714285714285,0,0.8571428571428571,0,0.7857142857142856,0
526,8,4,7.574551448082935,0.3141384066647116,9,0.3571428571428571,0,0.9285714285714285,0,0.3571428571428571,0
527,6,5,3.334034116073143,0.16548483456852103,0,0.9999999999999999,1,0.8666666666666666,0,0.8666666666666666,0
528,8,3,14.467154081819222,0.5622396200711159,9,0.3571428571428571,0,0.9999999999999998,1,0.21428571428571427,0
529,10,4,3.367701560450689,0.1310008597311207,3,0.8666666666666666,0,0.9555555555555554,0,0.7333333333333333,0
530,6,3,4.110382443015442,0.30789019528408956,1,0.8666666666666666,0,0.9999999999999999,1,0.8666666666666666,0
531,10,3,1.5195489652129661,0.09907758024056654,1,0.9555555555555554,0,0.9999999999999999,1,0.911111111111111,0
532,8,3,5.671650254016743,0.23694352026543847,4,0.7142857142857142,0,0.8571428571428571,0,0.5714285714285714,0
533,8,3,23.618029961685675,0.3896776658616223,6,0.5714285714285714,0,0.9285714285714285,0,0.5714285714285714,0
534,4,3,3.8622713069769636,0.10296260332393407,3,0.0,0,1.0,1,0.0,0
535,8,3,6.358150129146647,0.2038638764090308,0,0.9999999999999998,1,0.9285714285714285,0,0.9999999999999998,1
536,6,3,2.209654300311416,0.06683908297431879,1,0.8666666666666666,0,0.8666666666666666,0,0.9999999999999999,1
537,6,4,3.4184949630950774,0.2017467500139533,1,0.8666666666666666,0,0.9999999999999999,1,0.6,0
538,6,3,2.3010718546110716,0.13711839780223029,1,0.8666666666666666,0,0.8666666666666666,0,0.8666666666666666,0
539,4,3,9.684075921229697,0.41224321800330677,1,0.6666666666666669,0,1.0,1,0.6666666666666669,0
540,4,4,4.411556449670186,0.3123637827860581,3,0.0,0,0.6666666666666669,0,0.0,0
541,6,4,2.6568403863537577,0.13344518252248494,2,0.7333333333333333,0,0.9999999999999999,1,0.7333333333333333,0
542,10,5,3.8414606849752357,0.13792988861262484,1,0.9555555555555554,0,0.9555555555555554,0,0.8666666666666666,0
543,5,3,53.19006515526976,0.3012693424170951,1,0.7999999999999999,0,0.9999999999999999,1,0.7999999999999999,0
544,6,4,4.022290759898816,0.043727963297808856,2,0.7333333333333333,0,0.9999999999999999,1,0.9999999999999999,1
545,6,4,5.073822000364145,0.08628895208419124,1,0.8666666666666666,0,0.8666666666666666,0,0.8666666666666666,0
546,6,3,8.75068161198938,0.3795010497868997,2,0.7333333333333333,0,0.9999999999999999,1,0.7333333333333333,0
547,8,3,2.058274817613538,0.04697566980907021,0,0.9999999999999998,1,0.8571428571428571,0,0.7857142857142856,0
548,8,4,5.161888679485139,0.24824236104052635,2,0.8571428571428571,0,0.8571428571428571,0,0.8571428571428571,0
549,4,4,6.797810116444554,0.286497173359168,1,0.6666666666666669,0,1.0,1,0.6666666666666669,0
550,10,3,1.9316027406840985,0.15524680192718843,4,0.8222222222222221,0,0.9555555555555554,0,0.8222222222222221,0
551,8,5,5.288748883987455,0.31396580388175016,8,0.42857142857142855,0,0.9285714285714285,0,0.7857142857142856,0
552,4,4,4.847858484412804,0.14711266947208687,1,0.6666666666666669,0,1.0,1,0.6666666666666669,0
553,5,5,2.4122186157424297,0.1416922075587106,1,0.7999999999999999,0,0.9999999999999999,1,0.9999999999999999,1
554,10,3,2.9969063778467384,0.17504050576472524,8,0.6444444444444444,0,0.7777777777777777,0,0.6,0
555,10,4,3.4922630699609187,0.16437153308950167,7,0.6888888888888888,0,0.8666666666666666,0,0.6888888888888888,0
556,4,4,22.88295618900136,0.3541639491035319,1,0.6666666666666669,0,1.0,1,0.6666666666666669,0
557,8,5,12.821210417738092,0.3508731075634129,7,0.4999999999999999,0,0.9999999999999998,1,0.4999999999999999,0
558,8,5,4.2326724686539,0.2378626914891952,4,0.7142857142857142,0,0.9999999999999998,1,0.7142857142857142,0
559,8,5,6.587347512205286,0.12903357063693216,1,0.9285714285714285,0,0.9999999999999998,1,0.9285714285714285,0
560,10,5,4.663077377213591,0.2457756209778219,5,0.7777777777777777,0,0.9555555555555554,0,0.7777777777777777,0
561,8,4,13.506300406255601,0.4230968740735888,7,0.4999999999999999,0,0.9285714285714285,0,0.4999999999999999,0
562,10,4,1.4428334537652474,0.05160855960947349,2,0.911111111111111,0,0.8666666666666666,0,0.7333333333333333,0
563,10,4,24.137314616843636,0.23084153405936542,6,0.7333333333333333,0,0.8666666666666666,0,0.7333333333333333,0
564,4,4,17.59891718557965,0.3512759149425493,4,-0.3333333333333334,0,1.0,1,-0.3333333333333334,0
565,8,4,34.68231620568291,0.48337889275071444,7,0.4999999999999999,0,0.9285714285714285,0,0.3571428571428571,0
566,4,3,1.6890459774952415,0.07701661219193734,0,1.0,1,1.0,1,1.0,1
567,10,4,1.6841159766476628,0.08092765984815273,3,0.8666666666666666,0,0.8222222222222221,0,0.911111111111111,0
568,10,3,9.102942804651997,0.24945615167275076,6,0.7333333333333333,0,0.8666666666666666,0,0.7333333333333333,0
569,8,4,20.451282269597744,0.24329952149807335,0,0.9999999999999998,1,0.9999999999999998,1,0.9999999999999998,1
570,5,5,2.0079621918116843,0.09537488901157327,0,0.9999999999999999,1,0.9999999999999999,1,0.9999999999999999,1
571,4,4,4.235495730651587,0.21525965016491738,1,0.6666666666666669,0,0.6666666666666669,0,0.6666666666666669,0
572,10,3,4.167666951840061,0.21545625067391835,12,0.4666666666666666,0,0.9555555555555554,0,0.5111111111111111,0
573,10,3,2.080002061759726,0.12017379503931143,3,0.8666666666666666,0,0.911111111111111,0,0.7777777777777777,0
574,10,4,5.149830706065965,0.3705316277577389,9,0.6,0,0.8666666666666666,0,0.5555555555555555,0
575,5,3,41.79730523243431,0.5160637936777497,3,0.39999999999999997,0,0.9999999999999999,1,0.39999999999999997,0
576,8,5,60.878030185689745,0.133838958821709,2,0.8571428571428571,0,0.9999999999999998,1,0.8571428571428571,0
577,5,3,1.550927106299855,0.10503681549137206,0,0.9999999999999999,1,0.9999999999999999,1,0.9999999999999999,1
578,6,4,2.546391801650955,0.09835935046861549,1,0.8666666666666666,0,0.8666666666666666,0,0.8666666666666666,0
579,6,4,7.293276261971173,0.29868623470894967,3,0.6,0,0.9999999999999999,1,0.6,0
580,5,5,3.328343121047804,0.14087424627177247,0,0.9999999999999999,1,0.9999999999999999,1,0.9999999999999999,1
581,6,4,3.066710824979152,0.19352936551530173,4,0.4666666666666666,0,0.6,0,0.4666666666666666,0
582,5,3,1.4036717270798476,0.07282537582638109,1,0.7999999999999999,0,0.9999999999999999,1,0.7999999999999999,0
583,8,3,9.815643267941715,0.5090893989831855,8,0.42857142857142855,0,0.9285714285714285,0,0.4999999999999999,0
584,8,5,2.202131969396721,0.0858990442277871,3,0.7857142857142856,0,0.8571428571428571,0,0.7857142857142856,0
585,6,3,4.409840119962197,0.30729157789346956,2,0.7333333333333333,0,0.8666666666666666,0,0.7333333333333333,0
586,4,5,4.388641385901644,0.2629823480086064,0,1.0,1,1.0,1,1.0,1
587,5,4,2.16359515841322,0.16255061627781164,3,0.39999999999999997,0,0.9999999999999999,1,0.6,0
588,10,5,3.439197055425269,0.10038313117668064,2,0.911111111111111,0,0.911111111111111,0,0.8222222222222221,0
589,6,5,37.801201436040074,0.6398751469188795,5,0.3333333333333333,0,0.9999999999999999,1,0.2,0
590,8,3,1.62388886045209,0.0024614083410647884,0,0.9999999999999998,1,0.9999999999999998,1,0.9999999999999998,1
591,4,4,21.44991561469355,0.5505986996552199,4,-0.3333333333333334,0,1.0,1,-0.3333333333333334,0
592,8,3,5.616717698428394,0.28842797024305356,5,0.6428571428571428,0,0.8571428571428571,0,0.5714285714285714,0
593,10,3,2.0761886314398366,0.07431505929781623,1,0.9555555555555554,0,0.911111111111111,0,0.911111111111111,0
594,4,3,1.3174456062116169,0.05650913156273829,0,1.0,1,1.0,1,1.0,1
595,4,5,3.8543620291491543,0.03539669148358906,0,1.0,1,0.6666666666666669,0,0.6666666666666669,0
596,10,3,1.2507232038522074,0.04893936311404799,0,0.9999999999999999,1,0.9999999999999999,1,0.9999999999999999,1
597,10,5,5.231348745509362,0.281406740813675,4,0.8222222222222221,0,0.9555555555555554,0,0.8222222222222221,0
598,5,5,4.947002135688434,0.2800880700206414,1,0.7999999999999999,0,0.9999999999999999,1,0.6,0
599,10,4,4.509961713877659,0.16115764762192336,0,0.9999999999999999,1,0.9555555555555554,0,0.911111111111111,0
600,6,3,2.095254970990104,0.16476580447272388,3,0.6,0,0.8666666666666666,0,0.7333333333333333,0
601,5,4,19.964216081922242,0.49942315284678473,2,0.6,0,0.7999999999999999,0,0.6,0
602,6,4,2.7530640372900543,0.15608758573610643,2,0.7333333333333333,0,0.9999999999999999,1,0.7333333333333333,0
603,4,5,105.89211469631475,0.5393444767941717,1,0.6666666666666669,0,1.0,1,0.6666666666666669,0
604,5,5,12.156183848070826,0.4880510067869318,6,-0.19999999999999998,0,0.7999999999999999,0,-0.19999999999999998,0
605,10,4,3.679489578922748,0.1920461031953088,2,0.911111111111111,0,0.911111111111111,0,0.8222222222222221,0
606,5,4,4.921564783144527,0.16787913052201053,0,0.9999999999999999,1,0.9999999999999999,1,0.6,0
607,10,3,2.160143748777343,0.14684572135701546,4,0.8222222222222221,0,0.911111111111111,0,0.7333333333333333,0
608,4,5,4.681281498932178,0.18233458666456775,1,0.6666666666666669,0,0.6666666666666669,0,0.6666666666666669,0
609,8,3,2.039575965948663,0.15341283717317378,3,0.7857142857142856,0,0.9999999999999998,1,0.9285714285714285,0
610,8,3,6.179075628746418,0.24113286212211724,1,0.9285714285714285,0,0.9999999999999998,1,0.8571428571428571,0
611,8,4,119.1504852486168,0.5010857897335563,12,0.14285714285714285,0,0.8571428571428571,0,0.14285714285714285,0
612,6,5,4.325519769776257,0.19186435854861147,3,0.6,0,0.9999999999999999,1,0.9999999999999999,1
613,8,4,13.520282828729277,0.23303246405348063,2,0.8571428571428571,0,0.8571428571428571,0,0.8571428571428571,0
614,5,4,1.560155941589633,0.08312041141468221,0,0.9999999999999999,1,0.9999999999999999,1,0.9999999999999999,1
615,6,5,33.81185823889969,0.23310252559540626,4,0.4666666666666666,0,0.9999999999999999,1,0.3333333333333333,0
616,8,4,1.728694510282517,0.12230095651002221,0,0.9999999999999998,1,0.9285714285714285,0,0.8571428571428571,0
617,6,3,2.6012848804493713,0.19680960059262287,1,0.8666666666666666,0,0.9999999999999999,1,0.9999999999999999,1
618,6,4,2.725994372362331,0.21679904153980598,2,0.7333333333333333,0,0.6,0,0.6,0
619,10,4,1.9409960855067014,0.1260905609370768,3,0.8666666666666666,0,0.9999999999999999,1,0.7777777777777777,0
620,10,3,5.2601045786512,0.12880570256379098,2,0.911111111111111,0,0.911111111111111,0,0.911111111111111,0
621,5,4,3.123519651604409,0.1551255375301862,1,0.7999999999999999,0,0.9999999999999999,1,0.39999999999999997,0
622,4,3,5.6242560303306215,0.10279160977550106,1,0.6666666666666669,0,1.0,1,1.0,1
623,5,5,2.936416690846351,0.11864735005803043,0,0.9999999999999999,1,0.9999999999999999,1,0.9999999999999999,1
624,5,3,2.2916286021673384,0.11082075101681879,0,0.9999999999999999,1,0.9999999999999999,1,0.7999999999999999,0
625,8,5,45.36121851892393,0.2912902142050721,11,0.21428571428571427,0,0.9285714285714285,0,0.2857142857142857,0
626,8,4,2.4969199724993434,0.09024282206525173,2,0.8571428571428571,0,0.7142857142857142,0,0.7857142857142856,0
627,10,3,5.265971887541536,0.17900235889542176,1,0.9555555555555554,0,0.911111111111111,0,0.911111111111111,0
628,10,4,3.477291047630266,0.1717815607199095,3,0.8666666666666666,0,0.911111111111111,0,0.7333333333333333,0
629,5,4,1.95388971939825,0.10670674993194562,0,0.9999999999999999,1,0.9999999999999999,1,0.9999999999999999,1
630,4,4,3.5082075963568244,0.08416292215579038,0,1.0,1,1.0,1,1.0,1
631,6,4,6.648845897057933,0.4136854405034068,7,0.06666666666666665,0,0.7333333333333333,0,-0.3333333333333333,0
632,8,5,2.8818403538935695,0.19060257561611083,1,0.9285714285714285,0,0.8571428571428571,0,0.5714285714285714,0
633,5,5,2.9345494499121956,0.16449577692208953,1,0.7999999999999999,0,0.9999999999999999,1,0.7999999999999999,0
634,10,3,2.6276162733409136,0.2306245449077694,4,0.8222222222222221,0,0.8666666666666666,0,0.8222222222222221,0
635,6,5,6.145763413251207,0.318781072948354,1,0.8666666666666666,0,0.9999999999999999,1,0.8666666666666666,0
636,4,4,4.278489207001906,0.28637333796319253,0,1.0,1,1.0,1,0.6666666666666669,0
637,8,3,8.073236862371536,0.4129680776820193,5,0.6428571428571428,0,0.7142857142857142,0,0.6428571428571428,0
638,5,3,18.179951575995496,0.5652334897064224,2,0.6,0,0.9999999999999999,1,0.6,0
639,4,4,8.543491407193262,0.2875135055682634,0,1.0,1,1.0,1,1.0,1
640,8,4,35.435317547252474,0.5320443201498174,7,0.4999999999999999,0,0.9999999999999998,1,0.3571428571428571,0
641,4,3,2.9435983823914085,0.14005362936432206,0,1.0,1,0.6666666666666669,0,1.0,1
642,10,4,3.736911465384562,0.2001473866611458,3,0.8666666666666666,0,0.911111111111111,0,0.7777777777777777,0
643,4,3,8.166416794060314,0.27766921494508506,1,0.6666666666666669,0,1.0,1,0.6666666666666669,0
644,10,5,11.550826395833134,0.5042340078184218,11,0.5111111111111111,0,0.6,0,0.3333333333333333,0
645,8,3,2.2986591767349,0.1846387483146283,7,0.4999999999999999,0,0.7857142857142856,0,0.07142857142857142,0
646,4,4,6.791207142926334,0.19169063502434988,0,1.0,1,1.0,1,1.0,1
647,6,3,5.774724864422369,0.20117028339516976,0,0.9999999999999999,1,0.8666666666666666,0,0.9999999999999999,1
648,5,4,153.54632318803468,0.3420018088877488,5,0.0,0,0.7999999999999999,0,0.0,0
649,5,4,6.2735278459900226,0.2424895237534318,3,0.39999999999999997,0,0.9999999999999999,1,0.19999999999999998,0
650,4,4,14.045671920823741,0.38205264778503945,2,0.3333333333333334,0,1.0,1,0.3333333333333334,0
651,10,5,126.72087521587382,0.6168192677112629,28,-0.24444444444444444,0,0.9555555555555554,0,-0.28888888888888886,0
652,6,5,21.59118755937202,0.44809646264037567,3,0.6,0,0.9999999999999999,1,0.4666666666666666,0
653,10,5,2.5150957595765195,0.16732357665959993,7,0.6888888888888888,0,0.911111111111111,0,0.7333333333333333,0
654,6,4,20.4864238573577,0.20453284513354267,1,0.8666666666666666,0,0.9999999999999999,1,0.8666666666666666,0
655,10,4,56.44180601993617,0.3794245154866075,11,0.5111111111111111,0,0.7333333333333333,0,0.4666666666666666,0
656,8,5,13.03888187477322,0.3080085975749439,2,0.8571428571428571,0,0.9285714285714285,0,0.7857142857142856,0
657,4,3,4.218551353349203,0.1508112714808736,1,0.6666666666666669,0,0.6666666666666669,0,0.6666666666666669,0
658,6,5,10.82099092651313,0.28998331842231195,1,0.8666666666666666,0,0.9999999999999999,1,0.8666666666666666,0
659,5,3,1.3796978173266103,0.07396132330722134,1,0.7999999999999999,0,0.9999999999999999,1,0.9999999999999999,1
660,6,3,2.068932535488093,0.07673036560055063,1,0.8666666666666666,0,0.9999999999999999,1,0.9999999999999999,1
661,10,5,3.7829927821434897,0.2639401352061336,8,0.6444444444444444,0,0.911111111111111,0,0.6444444444444444,0
662,10,4,4.484322088532314,0.2539834546472405,5,0.7777777777777777,0,0.9555555555555554,0,0.7333333333333333,0
663,5,3,4.544015075371005,0.3002238622545875,2,0.6,0,0.9999999999999999,1,0.6,0
664,8,4,2.7741259456791143,0.09295842577574023,1,0.9285714285714285,0,0.9999999999999998,1,0.9999999999999998,1
665,10,3,3.1134142726764127,0.052176938425241334,1,0.9555555555555554,0,0.9555555555555554,0,0.9999999999999999,1
666,8,3,9.513450086079024,0.3475431359096297,7,0.4999999999999999,0,0.7857142857142856,0,0.4999999999999999,0
667,4,4,4.844355428467547,0.22828824868537573,1,0.6666666666666669,0,1.0,1,0.6666666666666669,0
668,8,3,4.79829651093253,0.3107455342558524,4,0.7142857142857142,0,0.9285714285714285,0,0.6428571428571428,0
669,4,4,5.9666850005471455,0.05419864305539911,1,0.6666666666666669,0,1.0,1,1.0,1
670,5,3,3.7798228442646744,0.21816358269647476,1,0.7999999999999999,0,0.9999999999999999,1,0.7999999999999999,0
671,4,3,4.809390336958455,0.07718147117389168,0,1.0,1,1.0,1,1.0,1
672,6,3,1.6027950996809974,0.01560045514639307,0,0.9999999999999999,1,0.9999999999999999,1,0.9999999999999999,1
673,8,5,2.957656587652762,0.09642697906325129,5,0.6428571428571428,0,0.6428571428571428,0,0.6428571428571428,0
674,8,4,44.173238425503655,0.2955093748271227,7,0.4999999999999999,0,0.9285714285714285,0,0.42857142857142855,0
675,8,5,25.275404695087186,0.6002045435104979,9,0.3571428571428571,0,0.9999999999999998,1,0.3571428571428571,0
676,10,5,4.4733698739479175,0.3044881236112149,10,0.5555555555555555,0,0.911111111111111,0,0.5555555555555555,0
677,4,4,1.3307875865778898,0.04463550955428492,0,1.0,1,1.0,1,1.0,1
678,4,4,3.063808521359618,0.040036071047304826,1,0.6666666666666669,0,0.6666666666666669,0,0.6666666666666669,0
679,6,3,6.008961106294482,0.2528797417155828,1,0.8666666666666666,0,0.9999999999999999,1,0.8666666666666666,0
680,6,5,5.287986292382489,0.11633652685146956,0,0.9999999999999999,1,0.9999999999999999,1,0.8666666666666666,0
681,4,5,14.82004852281357,0.055237059220347245,0,1.0,1,0.6666666666666669,0,1.0,1
682,4,3,48.85837118388532,0.07019224086728082,1,0.6666666666666669,0,0.6666666666666669,0,0.6666666666666669,0
683,4,4,9.814246142328704,0.23930034052223248,3,0.0,0,1.0,1,0.0,0
684,4,5,42.48295059001744,0.2738227366155599,1,0.6666666666666669,0,0.6666666666666669,0,1.0,1
685,5,5,12.051665637487552,0.4851094035394195,1,0.7999999999999999,0,0.9999999999999999,1,0.39999999999999997,0
686,6,4,3.8690383566379483,0.26796404156917975,1,0.8666666666666666,0,0.8666666666666666,0,0.6,0
687,5,3,27.334143871184967,0.48417481240767934,0,0.9999999999999999,1,0.9999999999999999,1,0.9999999999999999,1
688,4,5,7.500930852811469,0.23466360090670918,1,0.6666666666666669,0,1.0,1,0.6666666666666669,0
689,5,4,28.536571393817955,0.237252201687166,3,0.39999999999999997,0,0.9999999999999999,1,0.6,0
690,6,5,19.241849899864246,0.4897757234528135,4,0.4666666666666666,0,0.9999999999999999,1,0.4666666666666666,0
691,4,4,4.823394801699818,0.1497753194860491,0,1.0,1,1.0,1,1.0,1
692,6,3,33.33135347114732,0.4811586343599007,1,0.8666666666666666,0,0.8666666666666666,0,0.8666666666666666,0
693,8,5,5.253126170839152,0.0669919282476116,0,0.9999999999999998,1,0.9285714285714285,0,0.9285714285714285,0
694,6,3,6.72750846591725,0.1773290473059805,1,0.8666666666666666,0,0.8666666666666666,0,0.8666666666666666,0
695,4,5,7.151493507019811,0.3594490757107266,2,0.3333333333333334,0,1.0,1,0.3333333333333334,0
696,5,5,1.9621763634896827,0.10297578998442503,1,0.7999999999999999,0,0.7999999999999999,0,0.9999999999999999,1
697,10,4,2.2489968613783304,0.09533765297669479,3,0.8666666666666666,0,0.8222222222222221,0,0.6444444444444444,0
698,6,3,22.439945133256774,0.4993701145015317,9,-0.2,0,0.8666666666666666,0,-0.2,0
699,4,3,2.5767645025606454,0.09269717549931539,0,1.0,1,1.0,1,1.0,1
700,6,3,3.423800659166233,0.22331737310772645,4,0.4666666666666666,0,0.9999999999999999,1,0.4666666666666666,0
701,8,5,10.772783440622769,0.23408449224056352,2,0.8571428571428571,0,0.7142857142857142,0,0.7857142857142856,0
702,6,5,26.16527108139878,0.2998974718562351,5,0.3333333333333333,0,0.6,0,0.3333333333333333,0
703,10,4,10.462614252290463,0.12386143255918969,4,0.8222222222222221,0,0.911111111111111,0,0.8222222222222221,0
704,5,5,60.69716565162127,0.21159433689118057,0,0.9999999999999999,1,0.9999999999999999,1,0.9999999999999999,1
705,6,4,1.5315468865338229,0.08245762847496856,0,0.9999999999999999,1,0.9999999999999999,1,0.7333333333333333,0
706,8,5,3.93643017841028,0.11154490159629318,0,0.9999999999999998,1,0.9285714285714285,0,0.9285714285714285,0
707,4,4,1.927056288576165,0.015004991490740307,0,1.0,1,0.6666666666666669,0,0.6666666666666669,0
708,4,3,18.21312506107947,0.47562374693684084,0,1.0,1,0.6666666666666669,0,1.0,1
709,8,5,72.6906111557216,0.546758327087305,11,0.21428571428571427,0,0.9999999999999998,1,0.07142857142857142,0
710,10,4,14.801727894091641,0.22500262318900374,3,0.8666666666666666,0,0.7777777777777777,0,0.911111111111111,0
711,8,3,1.7853335384575915,0.0913962260788587,3,0.7857142857142856,0,0.9285714285714285,0,0.7142857142857142,0
712,10,3,17.030203422633203,0.3759707977463439,12,0.4666666666666666,0,0.8666666666666666,0,0.4666666666666666,0
713,6,3,4.6777331071727035,0.2525837195377945,1,0.8666666666666666,0,0.8666666666666666,0,0.6,0
714,6,3,20.860112957836755,0.37516053396766974,3,0.6,0,0.9999999999999999,1,0.6,0
715,10,3,1.3363093568844393,0.061696955629627244,3,0.8666666666666666,0,0.8222222222222221,0,0.7333333333333333,0
716,6,5,194.58341921559,0.1992788400842569,4,0.4666666666666666,0,0.7333333333333333,0,0.2,0
717,5,4,5.750874897177336,0.26891306398736875,2,0.6,0,0.9999999999999999,1,0.6,0
718,4,5,1.4023404285229444,0.05697765166606405,0,1.0,1,1.0,1,1.0,1
719,8,3,4.234060212726451,0.20979689325020584,2,0.8571428571428571,0,0.9285714285714285,0,0.8571428571428571,0
720,5,4,3.670351026952273,0.1833094072618364,2,0.6,0,0.9999999999999999,1,0.6,0
721,5,3,1.6709694682534313,0.06845844264175048,1,0.7999999999999999,0,0.7999999999999999,0,0.7999999999999999,0
722,10,3,5.885147432053803,0.3040298898442164,11,0.5111111111111111,0,0.911111111111111,0,0.5555555555555555,0
723,6,3,1.982800877129672,0.07485905350424626,1,0.8666666666666666,0,0.8666666666666666,0,0.8666666666666666,0
724,10,5,8.795338683504637,0.3637132164133211,9,0.6,0,0.5555555555555555,0,0.4666666666666666,0
725,8,4,98.1049582081316,0.30960118528030967,7,0.4999999999999999,0,0.9285714285714285,0,0.42857142857142855,0
726,10,4,4.236146784500631,0.21152945716789867,14,0.37777777777777777,0,0.7777777777777777,0,0.37777777777777777,0
727,4,5,74.23601926697377,0.16918476446790223,0,1.0,1,1.0,1,1.0,1
728,10,5,4.884169445344326,0.23063219311763597,7,0.6888888888888888,0,0.911111111111111,0,0.6,0
729,8,4,29.448366477228948,0.3700805345925601,5,0.6428571428571428,0,0.9285714285714285,0,0.5714285714285714,0
730,10,5,3.7816520273086947,0.266295347824017,7,0.6888888888888888,0,0.9555555555555554,0,0.5111111111111111,0
731,6,3,6.812670288122764,0.22189618496628694,0,0.9999999999999999,1,0.9999999999999999,1,0.8666666666666666,0
732,10,5,7.642424613855652,0.28124751386186514,7,0.6888888888888888,0,0.9555555555555554,0,0.6,0
733,10,4,2.7709869971612093,0.19316000971738428,4,0.8222222222222221,0,0.911111111111111,0,0.8222222222222221,0
734,5,5,3.2477962876126276,0.06285115669064241,0,0.9999999999999999,1,0.7999999999999999,0,0.7999999999999999,0
735,5,5,1.749361707996309,0.028104298682519242,0,0.9999999999999999,1,0.9999999999999999,1,0.9999999999999999,1
736,6,4,16.917558914145715,0.08949001074192758,0,0.9999999999999999,1,0.9999999999999999,1,0.9999999999999999,1
737,4,4,7.261642321276296,0.22915758727711882,1,0.6666666666666669,0,1.0,1,1.0,1
738,10,5,4.676470096947958,0.20038385445390516,3,0.8666666666666666,0,0.9555555555555554,0,0.911111111111111,0
739,6,5,10.455512193544354,0.1495230228574813,0,0.9999999999999999,1,0.8666666666666666,0,0.8666666666666666,0
740,5,5,3.3341459145918613,0.10885054591498734,2,0.6,0,0.7999999999999999,0,0.6,0
741,4,3,1.2781051608109035,0.0531486654604367,0,1.0,1,1.0,1,1.0,1
742,5,3,14.999990015856147,0.5457530363721801,2,0.6,0,0.9999999999999999,1,0.39999999999999997,0
743,5,3,16.067298360051307,0.0882354641048178,1,0.7999999999999999,0,0.9999999999999999,1,0.7999999999999999,0
744,5,5,19.465635789943885,0.5441889788290297,6,-0.19999999999999998,0,0.9999999999999999,1,-0.19999999999999998,0
745,5,5,9.917369998565523,0.32700347145200015,0,0.9999999999999999,1,0.7999999999999999,0,0.7999999999999999,0
746,5,4,3.3056361371032823,0.18789572687959027,1,0.7999999999999999,0,0.7999999999999999,0,0.9999999999999999,1
747,4,3,9.988833462703038,0.36822107683862965,1,0.6666666666666669,0,1.0,1,0.6666666666666669,0
748,4,4,1.4586590829739372,0.06322346613470572,0,1.0,1,1.0,1,1.0,1
749,10,4,2.0429385909589524,0.0724040050514606,1,0.9555555555555554,0,0.9555555555555554,0,0.8666666666666666,0
750,6,4,7.314916354387269,0.3479731146434812,3,0.6,0,0.8666666666666666,0,0.6,0
751,5,3,2.286192626164456,0.05833594833428591,1,0.7999999999999999,0,0.6,0,0.6,0
752,4,4,2.2280924076334547,0.15522666586042128,0,1.0,1,1.0,1,1.0,1
753,8,5,4.6811189924268115,0.20411175619021082,8,0.42857142857142855,0,0.5714285714285714,0,0.42857142857142855,0
754,5,3,1.8137925650510116,0.09977325864841063,0,0.9999999999999999,1,0.7999999999999999,0,0.9999999999999999,1
755,10,4,2.1214622802047733,0.1771515007258234,8,0.6444444444444444,0,0.9555555555555554,0,0.5555555555555555,0
756,8,5,12.039782560559512,0.4002960938810354,2,0.8571428571428571,0,0.7857142857142856,0,0.7857142857142856,0
757,10,3,7.476773534460632,0.06941882180737408,1,0.9555555555555554,0,0.9999999999999999,1,0.9555555555555554,0
758,6,5,6.113983124510371,0.3790799948604949,2,0.7333333333333333,0,0.8666666666666666,0,0.3333333333333333,0
759,10,5,3.4401748114090083,0.0785741226881817,3,0.8666666666666666,0,0.7777777777777777,0,0.6888888888888888,0
760,10,4,1.4399781037945227,0.04065944817193916,4,0.8222222222222221,0,0.7777777777777777,0,0.7333333333333333,0
761,5,3,2.1439684004325703,0.04063497245312634,0,0.9999999999999999,1,0.9999999999999999,1,0.9999999999999999,1
762,5,4,24.38060708040036,0.19797724570798714,1,0.7999999999999999,0,0.9999999999999999,1,0.7999999999999999,0
763,5,4,3.2447513753366817,0.24576097722412826,2,0.6,0,0.6,0,0.39999999999999997,0
764,10,3,7.59880232366602,0.40221807480790545,3,0.8666666666666666,0,0.8666666666666666,0,0.9555555555555554,0
765,6,4,80.36067605777076,0.520690170322111,9,-0.2,0,0.7333333333333333,0,-0.2,0
766,5,5,1.3342988802367854,0.06238134617773079,0,0.9999999999999999,1,0.9999999999999999,1,0.9999999999999999,1
767,8,4,11.125863997501822,0.23432799505557877,3,0.7857142857142856,0,0.9285714285714285,0,0.7857142857142856,0
768,4,3,262.37910869331864,0.6519780037461249,2,0.3333333333333334,0,1.0,1,0.3333333333333334,0
769,8,3,3.8489167337465475,0.05151872077065776,0,0.9999999999999998,1,0.8571428571428571,0,0.8571428571428571,0
770,8,5,1.631420811886633,0.05951769579615385,2,0.8571428571428571,0,0.8571428571428571,0,0.9285714285714285,0
771,8,4,29.472048646350057,0.3215467337464569,8,0.42857142857142855,0,0.8571428571428571,0,0.42857142857142855,0
772,8,4,49.91305257688197,0.39064566297083275,4,0.7142857142857142,0,0.9999999999999998,1,0.7142857142857142,0
773,8,5,5.792047141719183,0.3135256598330828,5,0.6428571428571428,0,0.8571428571428571,0,0.4999999999999999,0
774,8,5,4.2839938823396855,0.15676870357560385,4,0.7142857142857142,0,0.8571428571428571,0,0.7857142857142856,0
775,8,4,3.3094064925570494,0.1055809003054372,1,0.9285714285714285,0,0.8571428571428571,0,0.9285714285714285,0
776,6,3,1.2483624561224085,0.046780034563777634,3,0.6,0,0.7333333333333333,0,0.6,0
777,4,3,3.3721149283355363,0.021257077717270596,0,1.0,1,1.0,1,1.0,1
778,6,3,2.4293157266401795,0.16449442437616407,1,0.8666666666666666,0,0.9999999999999999,1,0.8666666666666666,0
779,8,3,2.3360081439693126,0.18236088585848004,4,0.7142857142857142,0,0.8571428571428571,0,0.42857142857142855,0
780,8,5,4.713444785566619,0.1698702664027223,2,0.8571428571428571,0,0.9285714285714285,0,0.8571428571428571,0
781,6,4,15.2847801883209,0.1028741275824994,0,0.9999999999999999,1,0.9999999999999999,1,0.9999999999999999,1
782,5,5,4.999712491033224,0.21465275246373827,0,0.9999999999999999,1,0.9999999999999999,1,0.7999999999999999,0
783,4,4,1.6128321758409168,0.06677560220431351,0,1.0,1,1.0,1,1.0,1
784,4,5,4.37862275784355,0.11523531526798238,0,1.0,1,1.0,1,0.6666666666666669,0
785,4,4,6.369418686465618,0.25660285458344273,0,1.0,1,1.0,1,1.0,1
786,5,3,4.884818408337191,0.28113671887771147,2,0.6,0,0.9999999999999999,1,0.6,0
787,10,4,2.789768737083746,0.1949054606071764,7,0.6888888888888888,0,0.9555555555555554,0,0.6444444444444444,0
788,4,5,6.554522446305607,0.2666647618367745,2,0.3333333333333334,0,1.0,1,0.3333333333333334,0
789,5,5,3.1163922927414607,0.07550579628066963,1,0.7999999999999999,0,0.9999999999999999,1,0.9999999999999999,1
790,4,3,2.6776304902419237,0.05389880206871477,0,1.0,1,1.0,1,1.0,1
791,8,3,1.577137220383503,0.08059580275825522,0,0.9999999999999998,1,0.9285714285714285,0,0.9999999999999998,1
792,4,4,2.543770808527283,0.05921492632425094,1,0.6666666666666669,0,1.0,1,1.0,1
793,4,5,2.359458910611625,0.17305960978742868,1,0.6666666666666669,0,0.6666666666666669,0,0.6666666666666669,0
794,6,5,3.461246156696644,0.18841480036362454,3,0.6,0,0.9999999999999999,1,0.6,0
795,10,5,2.3038423446086385,0.1256469791487992,4,0.8222222222222221,0,0.9555555555555554,0,0.6,0
796,5,4,5.664823631476651,0.15713948503184672,1,0.7999999999999999,0,0.7999999999999999,0,0.7999999999999999,0
797,5,5,6.912564798086214,0.34312587853719645,5,0.0,0,0.9999999999999999,1,0.0,0
798,10,3,1.4815634812841778,0.045717030889873556,0,0.9999999999999999,1,0.9555555555555554,0,0.9555555555555554,0
799,8,3,124.08715990814633,0.09733772520002949,2,0.8571428571428571,0,0.9285714285714285,0,0.8571428571428571,0
800,8,4,2.9219607470594537,0.16497171017116447,4,0.7142857142857142,0,0.9999999999999998,1,0.6428571428571428,0
801,8,4,4.34400584960649,0.3434074252326753,6,0.5714285714285714,0,0.9285714285714285,0,0.42857142857142855,0
802,10,4,3.212966880217549,0.1256348257111925,3,0.8666666666666666,0,0.8222222222222221,0,0.8666666666666666,0
803,6,4,14.311480655471543,0.4234061318083563,0,0.9999999999999999,1,0.7333333333333333,0,0.9999999999999999,1
804,4,4,8.94679904459524,0.17938967836912362,1,0.6666666666666669,0,1.0,1,0.6666666666666669,0
805,5,4,1.6957321015895344,0.08258962263587688,1,0.7999999999999999,0,0.6,0,0.6,0
806,8,3,1.4306189856735918,0.056714023505305106,1,0.9285714285714285,0,0.8571428571428571,0,0.8571428571428571,0
807,6,4,4.470042687292359,0.18765895080796358,1,0.8666666666666666,0,0.7333333333333333,0,0.7333333333333333,0
808,8,3,3.2499937192380646,0.25410016509626565,2,0.8571428571428571,0,0.9285714285714285,0,0.8571428571428571,0
809,5,3,3.6370446970547574,0.17675273380307133,1,0.7999999999999999,0,0.7999999999999999,0,0.9999999999999999,1
810,5,3,2.6190014537968023,0.15142305241696152,0,0.9999999999999999,1,0.9999999999999999,1,0.9999999999999999,1
811,10,3,3.0184204204187726,0.1141861379636819,3,0.8666666666666666,0,0.8666666666666666,0,0.8666666666666666,0
812,10,4,1.6780842619788139,0.08850662093948716,1,0.9555555555555554,0,0.9555555555555554,0,0.911111111111111,0
813,10,5,1.3780535648898398,0.06589784200067833,3,0.8666666666666666,0,0.7777777777777777,0,0.7333333333333333,0
814,10,3,11.705539918599346,0.3835942982946804,7,0.6888888888888888,0,0.911111111111111,0,0.6444444444444444,0
815,8,4,9.79109596117814,0.2765052987042818,2,0.8571428571428571,0,0.8571428571428571,0,0.7857142857142856,0
816,8,4,7.558787407101766,0.06886124630532842,1,0.9285714285714285,0,0.9285714285714285,0,0.9999999999999998,1
817,10,5,3.4850127930221904,0.13159915459211033,3,0.8666666666666666,0,0.8666666666666666,0,0.7777777777777777,0
818,10,5,6.56423966308305,0.1612211225214764,2,0.911111111111111,0,0.8666666666666666,0,0.7777777777777777,0
819,10,4,1.7445788593819664,0.11351412490510282,8,0.6444444444444444,0,0.8222222222222221,0,0.7333333333333333,0
820,10,5,4.12822354427265,0.25845692893700206,7,0.6888888888888888,0,0.7777777777777777,0,0.5111111111111111,0
821,6,4,4.822414266185264,0.0996829697990932,3,0.6,0,0.7333333333333333,0,0.7333333333333333,0
822,5,5,3.0836706241853062,0.15831496811501428,0,0.9999999999999999,1,0.6,0,0.7999999999999999,0
823,8,5,16.940209058297793,0.2586741846078903,2,0.8571428571428571,0,0.9285714285714285,0,0.7142857142857142,0
824,8,3,74.71016620208772,0.06599952109633302,1,0.9285714285714285,0,0.9285714285714285,0,0.7857142857142856,0
825,10,4,1.6674122931273245,0.06022751102125576,2,0.911111111111111,0,0.8666666666666666,0,0.8222222222222221,0
826,10,3,4.409620555553352,0.2666791970935673,4,0.8222222222222221,0,0.911111111111111,0,0.7777777777777777,0
827,8,5,63.391257758978234,0.3484799058859231,5,0.6428571428571428,0,0.6428571428571428,0,0.21428571428571427,0
828,8,5,13.256825232197079,0.12946636614115897,3,0.7857142857142856,0,0.8571428571428571,0,0.5714285714285714,0
829,6,3,1.1872252404431436,0.03319279669812486,0,0.9999999999999999,1,0.8666666666666666,0,0.9999999999999999,1
830,5,4,12.710995041984953,0.23540664349598286,0,0.9999999999999999,1,0.7999999999999999,0,0.7999999999999999,0
831,4,5,35.80977389923637,0.3606441723225672,2,0.3333333333333334,0,1.0,1,0.3333333333333334,0
832,4,3,6.577076207708073,0.26682290050503543,1,0.6666666666666669,0,1.0,1,0.6666666666666669,0
833,6,5,24.679598314994593,0.31380946769920137,3,0.6,0,0.7333333333333333,0,0.6,0
834,5,4,64.94175934072277,0.5165045986654713,3,0.39999999999999997,0,0.7999999999999999,0,0.6,0
835,6,5,3.925284216169917,0.20677613876940584,2,0.7333333333333333,0,0.9999999999999999,1,0.7333333333333333,0
836,6,3,1.872277125428076,0.12922764451250904,2,0.7333333333333333,0,0.8666666666666666,0,0.8666666666666666,0
837,4,4,2.509919163109221,0.1351737201973122,0,1.0,1,1.0,1,1.0,1
838,5,3,13.929362347279652,0.4078074086986047,2,0.6,0,0.7999999999999999,0,0.6,0
839,4,5,2.732437943468864,0.17768923261328612,1,0.6666666666666669,0,1.0,1,0.3333333333333334,0
840,8,5,5.955838988440067,0.19305138465024213,3,0.7857142857142856,0,0.9999999999999998,1,0.7142857142857142,0
841,10,4,2.2035531545770786,0.08447280952445965,2,0.911111111111111,0,0.9999999999999999,1,0.9999999999999999,1
842,10,5,20.235059307750767,0.36388714173095743,9,0.6,0,0.911111111111111,0,0.5555555555555555,0
843,6,3,1.8589482981827898,0.12670975597522227,0,0.9999999999999999,1,0.9999999999999999,1,0.9999999999999999,1
844,6,3,10.1626620166766,0.13175071068428584,2,0.7333333333333333,0,0.9999999999999999,1,0.7333333333333333,0
845,5,5,29.911706972713638,0.2932900355954469,2,0.6,0,0.9999999999999999,1,0.6,0
846,4,4,17.360472619971958,0.4114376752604926,1,0.6666666666666669,0,1.0,1,0.6666666666666669,0
847,6,4,7.017057564137147,0.2637896056124698,1,0.8666666666666666,0,0.8666666666666666,0,0.7333333333333333,0
848,4,3,1.7080493686820697,0.06305953979457199,0,1.0,1,1.0,1,1.0,1
849,6,3,1.7152209980561386,0.11741964902145795,2,0.7333333333333333,0,0.9999999999999999,1,0.8666666666666666,0
850,8,3,1.8251946848182772,0.08704011450862095,2,0.8571428571428571,0,0.9285714285714285,0,0.7142857142857142,0
851,5,4,5.439000778673937,0.2115475059329921,1,0.7999999999999999,0,0.7999999999999999,0,0.7999999999999999,0
852,5,4,27.675226750541615,0.17139137665435655,2,0.6,0,0.39999999999999997,0,0.6,0
853,5,5,21.53392202985944,0.3555546859461271,2,0.6,0,0.9999999999999999,1,0.6,0
854,8,4,4.100343685095655,0.279107858711167,3,0.7857142857142856,0,0.9999999999999998,1,0.9285714285714285,0
855,6,5,47.907232498713014,0.6424428320814274,4,0.4666666666666666,0,0.9999999999999999,1,0.4666666666666666,0
856,4,3,5.364301961773009,0.30805709263419523,1,0.6666666666666669,0,1.0,1,0.6666666666666669,0
857,5,4,1.4093499612639753,0.023709441558458597,1,0.7999999999999999,0,0.7999999999999999,0,0.7999999999999999,0
858,5,5,4.841137915351891,0.2951594100913733,2,0.6,0,0.9999999999999999,1,0.6,0
859,5,4,10.088820364397117,0.15757306340742733,4,0.19999999999999998,0,0.7999999999999999,0,0.19999999999999998,0
860,10,4,4.671133464193265,0.17835608878565223,3,0.8666666666666666,0,0.9555555555555554,0,0.7777777777777777,0
861,8,4,1.6854253673615942,0.0842826738098698,1,0.9285714285714285,0,0.9999999999999998,1,0.9999999999999998,1
862,8,5,35.69310672625279,0.26213278139448537,4,0.7142857142857142,0,0.7142857142857142,0,0.4999999999999999,0
863,4,4,6.01621667713525,0.37052721708688807,0,1.0,1,1.0,1,0.6666666666666669,0
864,10,3,14.618744222879076,0.3396044662192511,4,0.8222222222222221,0,0.9555555555555554,0,0.6444444444444444,0
865,10,4,6.692598662185634,0.22450588481604342,10,0.5555555555555555,0,0.911111111111111,0,0.5111111111111111,0
866,8,4,7.525634206459574,0.3249284694583865,4,0.7142857142857142,0,0.9285714285714285,0,0.7142857142857142,0
867,5,4,12.358595810935414,0.2298379771196114,2,0.6,0,0.7999999999999999,0,0.39999999999999997,0
868,5,5,36.01154223299218,0.44174222098799737,3,0.39999999999999997,0,0.6,0,0.39999999999999997,0
869,8,3,9.882203161966308,0.2730205143743206,2,0.8571428571428571,0,0.9285714285714285,0,0.7857142857142856,0
870,5,4,4.483744328823563,0.2955922579568968,7,-0.39999999999999997,0,0.7999999999999999,0,-0.39999999999999997,0
871,6,3,8.666039093608633,0.46768919355158767,1,0.8666666666666666,0,0.9999999999999999,1,0.7333333333333333,0
872,10,4,2.8021480869042636,0.11881449461150301,2,0.911111111111111,0,0.9555555555555554,0,0.9555555555555554,0
873,6,5,24.214925468582408,0.37121614259394986,5,0.3333333333333333,0,0.7333333333333333,0,0.2,0
874,4,4,6.850809980957763,0.29969330029634056,0,1.0,1,1.0,1,0.3333333333333334,0
875,8,3,2.4160611725692487,0.03173326735550905,1,0.9285714285714285,0,0.8571428571428571,0,0.8571428571428571,0
876,6,5,17.674771422945348,0.21050657704968748,2,0.7333333333333333,0,0.7333333333333333,0,0.7333333333333333,0
877,4,4,3.928875838024489,0.3207591788703683,3,0.0,0,0.6666666666666669,0,0.0,0
878,10,4,3.1802379985071596,0.1700343708873842,8,0.6444444444444444,0,0.9555555555555554,0,0.7333333333333333,0
879,8,3,2.378378203257414,0.1564206409554766,2,0.8571428571428571,0,0.7857142857142856,0,0.5714285714285714,0
880,10,4,16.952913278882026,0.4470496022957878,21,0.06666666666666667,0,0.7777777777777777,0,0.1111111111111111,0
881,8,5,1.5047013626002559,0.06220226954862156,3,0.7857142857142856,0,0.7857142857142856,0,0.8571428571428571,0
882,8,5,7.069652563448164,0.12897254100689154,2,0.8571428571428571,0,0.7857142857142856,0,0.8571428571428571,0
883,6,4,10.302497806148182,0.18836951700296156,1,0.8666666666666666,0,0.8666666666666666,0,0.8666666666666666,0
884,10,5,9.343265368391622,0.4358106422309933,10,0.5555555555555555,0,0.911111111111111,0,0.6444444444444444,0
885,5,4,6.491611239398091,0.21983058980345754,2,0.6,0,0.7999999999999999,0,0.6,0
886,6,4,3.9294686458702,0.3025915718786985,3,0.6,0,0.7333333333333333,0,0.3333333333333333,0
887,6,4,1.9532867910130647,0.04788688811213688,0,0.9999999999999999,1,0.8666666666666666,0,0.8666666666666666,0
888,6,5,1.3572973182975991,0.037625648900049574,1,0.8666666666666666,0,0.8666666666666666,0,0.8666666666666666,0
889,5,4,2.6508099154412332,0.1837642386742957,1,0.7999999999999999,0,0.9999999999999999,1,0.7999999999999999,0
890,10,4,2.304585162271856,0.03984959360712495,0,0.9999999999999999,1,0.9555555555555554,0,0.911111111111111,0
891,5,3,9.58667460220454,0.23845943366983952,0,0.9999999999999999,1,0.9999999999999999,1,0.9999999999999999,1
892,5,4,2.834778846538599,0.11639572360941691,0,0.9999999999999999,1,0.7999999999999999,0,0.7999999999999999,0
893,6,3,2.8963850281978725,0.18040987424314467,1,0.8666666666666666,0,0.8666666666666666,0,0.8666666666666666,0
894,5,4,5.541886893421974,0.3823637055069621,0,0.9999999999999999,1,0.9999999999999999,1,0.9999999999999999,1
895,5,4,47.87350320592014,0.20047213904557357,1,0.7999999999999999,0,0.7999999999999999,0,0.9999999999999999,1
896,8,4,3.8034238996728735,0.12569520677933968,1,0.9285714285714285,0,0.9285714285714285,0,0.8571428571428571,0
897,6,5,21.60358248066422,0.3789963282122529,6,0.2,0,0.8666666666666666,0,-0.2,0
898,10,5,4.264463751101706,0.26123958068945896,9,0.6,0,0.8666666666666666,0,0.5111111111111111,0
899,10,4,8.34415512103154,0.18998048923475724,6,0.7333333333333333,0,0.911111111111111,0,0.6888888888888888,0
900,5,3,4.583467396793018,0.24451638412870105,0,0.9999999999999999,1,0.9999999999999999,1,0.9999999999999999,1
901,10,4,2.4671948036990767,0.07942692039059714,2,0.911111111111111,0,0.7777777777777777,0,0.7333333333333333,0
902,5,4,4.6127935624521665,0.2491977171163585,2,0.6,0,0.6,0,0.6,0
903,10,3,11.506201397396387,0.4560543217922802,10,0.5555555555555555,0,0.9555555555555554,0,0.5555555555555555,0
904,8,3,2.7349605486113533,0.12470543247861166,6,0.5714285714285714,0,0.6428571428571428,0,0.42857142857142855,0
905,5,3,4.6254184759579395,0.038316408539382105,0,0.9999999999999999,1,0.9999999999999999,1,0.9999999999999999,1
906,10,5,281.64271827072747,0.3467678500410428,4,0.8222222222222221,0,0.8222222222222221,0,0.6888888888888888,0
907,10,4,7.355196807196706,0.22392404059228602,8,0.6444444444444444,0,0.8222222222222221,0,0.6,0
908,5,4,1.520831613210852,0.053547498357684645,0,0.9999999999999999,1,0.9999999999999999,1,0.9999999999999999,1
909,5,3,1.4369121596206296,0.02049655480898395,0,0.9999999999999999,1,0.9999999999999999,1,0.9999999999999999,1
910,6,3,10.762105423153137,0.4313969746661708,3,0.6,0,0.7333333333333333,0,0.4666666666666666,0
911,6,5,7.623300617763504,0.21992146164431647,1,0.8666666666666666,0,0.8666666666666666,0,0.7333333333333333,0
912,10,4,13.371038789322357,0.17441161340912287,5,0.7777777777777777,0,0.9555555555555554,0,0.8666666666666666,0
913,5,4,5.042732611136757,0.10627091327115004,0,0.9999999999999999,1,0.9999999999999999,1,0.7999999999999999,0
914,4,5,15.32275544910273,0.37565071469456546,1,0.6666666666666669,0,1.0,1,0.6666666666666669,0
915,10,5,2.5590813286267773,0.14835652240053235,5,0.7777777777777777,0,0.7777777777777777,0,0.8222222222222221,0
916,8,3,2.6522234443034844,0.11914970712531009,1,0.9285714285714285,0,0.9999999999999998,1,0.9285714285714285,0
917,4,3,2.803476571580502,0.18688719678817217,0,1.0,1,1.0,1,1.0,1
918,8,3,2.618595821733292,0.18038503730105923,3,0.7857142857142856,0,0.9999999999999998,1,0.7857142857142856,0
919,8,5,24.59992998383598,0.2754062945534786,3,0.7857142857142856,0,0.7857142857142856,0,0.6428571428571428,0
920,5,3,3.2018088751969827,0.1778275704825637,0,0.9999999999999999,1,0.7999999999999999,0,0.7999999999999999,0
921,5,3,1.3424560917415413,0.02741814552118329,0,0.9999999999999999,1,0.9999999999999999,1,0.9999999999999999,1
922,10,3,5.50026064204389,0.35645264902463825,9,0.6,0,0.8666666666666666,0,0.4666666666666666,0
923,6,4,3.567687905210103,0.19556400880940436,0,0.9999999999999999,1,0.9999999999999999,1,0.9999999999999999,1
924,10,4,3.5452802516755,0.1604165562478695,4,0.8222222222222221,0,0.9999999999999999,1,0.7333333333333333,0
925,5,4,2.6004292697131905,0.19251335814785342,0,0.9999999999999999,1,0.9999999999999999,1,0.7999999999999999,0
926,6,3,31.681674370471434,0.13438624697734844,0,0.9999999999999999,1,0.8666666666666666,0,0.8666666666666666,0
927,5,3,29.140976970472934,0.03353981919112386,0,0.9999999999999999,1,0.9999999999999999,1,0.9999999999999999,1
928,5,4,5.487787970900637,0.31575315837800805,4,0.19999999999999998,0,0.9999999999999999,1,0.19999999999999998,0
929,6,3,2.017631460005758,0.0733437665496921,1,0.8666666666666666,0,0.8666666666666666,0,0.9999999999999999,1
930,4,3,32.70354319299679,0.10579931049429389,1,0.6666666666666669,0,1.0,1,1.0,1
931,10,4,27.821701468725514,0.2948613687670627,8,0.6444444444444444,0,0.911111111111111,0,0.6444444444444444,0
932,8,4,4.547594946083248,0.06614171448100457,0,0.9999999999999998,1,0.9999999999999998,1,0.9999999999999998,1
933,5,3,2.396941847447061,0.1045758914926666,0,0.9999999999999999,1,0.9999999999999999,1,0.9999999999999999,1
934,8,5,12.4274383142564,0.31938806226454197,7,0.4999999999999999,0,0.8571428571428571,0,0.42857142857142855,0
935,8,3,2.56458654932854,0.1783492067138545,4,0.7142857142857142,0,0.8571428571428571,0,0.6428571428571428,0
936,8,5,14.676946387109178,0.2774875542214292,3,0.7857142857142856,0,0.9285714285714285,0,0.8571428571428571,0
937,5,3,1.814434584648283,0.09932001583388751,0,0.9999999999999999,1,0.9999999999999999,1,0.9999999999999999,1
938,6,4,8.421942716853376,0.29172929927864444,0,0.9999999999999999,1,0.9999999999999999,1,0.9999999999999999,1
939,4,4,1.219171183260822,0.03526109667169984,0,1.0,1,1.0,1,1.0,1
940,6,4,3.3175473391818713,0.226875684428135,0,0.9999999999999999,1,0.8666666666666666,0,0.9999999999999999,1
941,10,5,34.71795213010805,0.5626963703508081,7,0.6888888888888888,0,0.9555555555555554,0,0.6444444444444444,0
942,4,5,2.9068078782443694,0.19604537808165495,1,0.6666666666666669,0,1.0,1,0.6666666666666669,0
943,8,4,4.2823148813994845,0.309902625651422,5,0.6428571428571428,0,0.8571428571428571,0,0.5714285714285714,0
944,4,4,5.0287153447365665,0.3686493153489263,1,0.6666666666666669,0,0.6666666666666669,0,0.6666666666666669,0
945,6,3,8.562745607606418,0.41352117549390166,0,0.9999999999999999,1,0.9999999999999999,1,0.9999999999999999,1
946,8,5,6.399989357589744,0.06412318222638974,0,0.9999999999999998,1,0.9285714285714285,0,0.9285714285714285,0
947,8,5,71.97944025393721,0.40499187982164697,5,0.6428571428571428,0,0.9285714285714285,0,0.5714285714285714,0
948,5,3,4.982639485746889,0.24117099002521783,4,0.19999999999999998,0,0.7999999999999999,0,0.19999999999999998,0
949,10,3,14.527673886942793,0.5817885332535511,22,0.022222222222222223,0,0.8666666666666666,0,0.022222222222222223,0
950,5,3,5.528276197441581,0.24317254577770317,0,0.9999999999999999,1,0.9999999999999999,1,0.7999999999999999,0
951,5,5,24.892118936092576,0.3319751868498306,2,0.6,0,0.7999999999999999,0,0.6,0
952,6,4,6.628590287178398,0.2603016329984413,3,0.6,0,0.8666666666666666,0,0.6,0
953,8,4,6.946443033614227,0.398340934978077,9,0.3571428571428571,0,0.7857142857142856,0,0.3571428571428571,0
954,4,3,11.920388172393155,0.31424557005657694,2,0.3333333333333334,0,1.0,1,0.3333333333333334,0
955,10,5,31.527029101656275,0.4903728170488343,5,0.7777777777777777,0,0.8222222222222221,0,0.7333333333333333,0
956,10,4,136.51038591478383,0.4488237344955789,13,0.4222222222222222,0,0.8222222222222221,0,0.4666666666666666,0
957,4,3,10.760368124097868,0.2510481288962939,0,1.0,1,1.0,1,1.0,1
958,5,4,8.443711427228283,0.2590071656593344,0,0.9999999999999999,1,0.7999999999999999,0,0.6,0
959,5,4,3.958989436066285,0.12150123144151528,0,0.9999999999999999,1,0.9999999999999999,1,0.9999999999999999,1
960,6,4,8.69801967858119,0.4151417404443868,4,0.4666666666666666,0,0.8666666666666666,0,0.4666666666666666,0
961,5,5,5.738415019865331,0.2588622485391573,1,0.7999999999999999,0,0.9999999999999999,1,0.7999999999999999,0
962,4,5,6.91270895288728,0.2712202106781144,2,0.3333333333333334,0,1.0,1,0.3333333333333334,0
963,8,4,2.858808764620259,0.23857276160961224,5,0.6428571428571428,0,0.9999999999999998,1,0.5714285714285714,0
964,4,4,5.121228671375153,0.20553130201349884,0,1.0,1,0.6666666666666669,0,1.0,1
965,5,3,1.1436150332817296,0.008721071327430916,0,0.9999999999999999,1,0.9999999999999999,1,0.9999999999999999,1
966,4,5,2.9934373812524484,0.1940452873965275,0,1.0,1,1.0,1,1.0,1
967,8,3,3.0862783310455923,0.24315805247877617,4,0.7142857142857142,0,0.6428571428571428,0,0.6428571428571428,0
968,6,3,2.102115205247099,0.1605106337637801,2,0.7333333333333333,0,0.6,0,0.7333333333333333,0
969,8,5,8.239764864615678,0.2250642866770173,8,0.42857142857142855,0,0.7857142857142856,0,0.4999999999999999,0
970,6,5,1.4002648625441307,0.03169863823072442,0,0.9999999999999999,1,0.9999999999999999,1,0.9999999999999999,1
971,8,3,28.769931778880444,0.4180568521877367,8,0.42857142857142855,0,0.7857142857142856,0,0.3571428571428571,0
972,10,4,2.4612544190196783,0.09670480414592436,1,0.9555555555555554,0,0.9555555555555554,0,0.911111111111111,0
973,6,4,2.211150845049854,0.07181367294006899,0,0.9999999999999999,1,0.9999999999999999,1,0.8666666666666666,0
974,8,3,1.5021463787446208,0.07045226180807265,1,0.9285714285714285,0,0.8571428571428571,0,0.8571428571428571,0
975,8,4,16.179841942131556,0.31504896390868453,3,0.7857142857142856,0,0.9999999999999998,1,0.7142857142857142,0
976,10,4,14.973248274203975,0.16074012292270942,7,0.6888888888888888,0,0.9999999999999999,1,0.7333333333333333,0
977,8,4,2.272796820917177,0.053689588651969815,0,0.9999999999999998,1,0.9285714285714285,0,0.9999999999999998,1
978,5,4,14.646279877510622,0.4555618651086131,3,0.39999999999999997,0,0.7999999999999999,0,0.39999999999999997,0
979,10,3,17.521317232793578,0.5333434519628513,4,0.8222222222222221,0,0.9555555555555554,0,0.8222222222222221,0
980,5,3,3.723113530001705,0.09750157390447013,0,0.9999999999999999,1,0.9999999999999999,1,0.9999999999999999,1
981,8,4,1.9055483025168956,0.13059352311609052,0,0.9999999999999998,1,0.7857142857142856,0,0.9285714285714285,0
982,8,4,10.750058161006473,0.4339686615958508,8,0.42857142857142855,0,0.9999999999999998,1,0.42857142857142855,0
983,6,3,14.866646942643946,0.39870643636737685,1,0.8666666666666666,0,0.9999999999999999,1,0.8666666666666666,0
984,6,3,4.6905990245473,0.22250054787647328,3,0.6,0,0.9999999999999999,1,0.7333333333333333,0
985,5,5,7.832435225882838,0.2704774760507795,3,0.39999999999999997,0,0.9999999999999999,1,0.19999999999999998,0
986,4,3,11.461581430837976,0.2588325668474084,4,-0.3333333333333334,0,0.6666666666666669,0,-0.3333333333333334,0
987,6,3,1.5526392021490583,0.06057732393303894,1,0.8666666666666666,0,0.8666666666666666,0,0.7333333333333333,0
988,5,5,2.4624898884227377,0.09507474010368022,0,0.9999999999999999,1,0.9999999999999999,1,0.7999999999999999,0
989,10,5,3.594820499669775,0.17636440838728612,4,0.8222222222222221,0,0.9555555555555554,0,0.7333333333333333,0
990,10,3,2.138894787269737,0.03681271207114921,4,0.8222222222222221,0,0.911111111111111,0,0.8666666666666666,0
991,6,5,4.120369395843899,0.1729376113623069,0,0.9999999999999999,1,0.8666666666666666,0,0.8666666666666666,0
992,6,4,3.9673206743023584,0.2983507622980008,2,0.7333333333333333,0,0.9999999999999999,1,0.7333333333333333,0
993,6,4,1.4793900921893166,0.05295328691492544,0,0.9999999999999999,1,0.8666666666666666,0,0.8666666666666666,0
994,10,5,11.624367673071902,0.29491882532954306,8,0.6444444444444444,0,0.8222222222222221,0,0.5555555555555555,0
995,5,5,6.018567627359143,0.15397448834046729,1,0.7999999999999999,0,0.9999999999999999,1,0.7999999999999999,0
996,10,4,1.382182084582631,0.016333159757884075,0,0.9999999999999999,1,0.9555555555555554,0,0.9555555555555554,0
997,8,5,70.26896280335316,0.6466996207926803,14,0.0,0,0.7857142857142856,0,-0.07142857142857142,0
998,4,5,4.244582811128482,0.29839937952193835,2,0.3333333333333334,0,1.0,1,0.6666666666666669,0
999,8,3,12.432576861515239,0.08486955336631732,2,0.8571428571428571,0,0.9999999999999998,1,0.7857142857142856,0
1000,6,5,8.057141202708872,0.1517734609387369,1,0.8666666666666666,0,0.9999999999999999,1,0.9999999999999999,1
1001,4,3,10.187770939141679,0.3203331519431022,2,0.3333333333333334,0,1.0,1,0.3333333333333334,0
1002,8,5,24.966988011541098,0.36689345066000717,9,0.3571428571428571,0,0.8571428571428571,0,0.3571428571428571,0
1003,10,4,3.971675664117502,0.2866209311939236,9,0.6,0,0.9555555555555554,0,0.6,0
1004,6,4,2.245491207083785,0.1183778798950303,1,0.8666666666666666,0,0.8666666666666666,0,0.8666666666666666,0
1005,6,4,5.929915648523265,0.3380929538555168,3,0.6,0,0.6,0,0.3333333333333333,0
1006,5,3,2.7050149360011932,0.19480153801041583,0,0.9999999999999999,1,0.9999999999999999,1,0.9999999999999999,1
1007,6,5,11.23361978623147,0.25596147589553947,1,0.8666666666666666,0,0.9999999999999999,1,0.9999999999999999,1
1008,6,3,6.919735533227479,0.07801531633167896,0,0.9999999999999999,1,0.9999999999999999,1,0.9999999999999999,1
1009,6,3,10.077373468104145,0.4246396751586135,5,0.3333333333333333,0,0.9999999999999999,1,0.4666666666666666,0
1010,4,5,2.786718725646984,0.0678360255741742,0,1.0,1,1.0,1,1.0,1
1011,6,5,1.6794248253382924,0.06465841619417126,1,0.8666666666666666,0,0.9999999999999999,1,0.9999999999999999,1
1012,4,4,21.81234800223969,0.455905502113202,1,0.6666666666666669,0,1.0,1,0.6666666666666669,0
1013,6,4,2.2492119772983883,0.11191357656025087,3,0.6,0,0.8666666666666666,0,0.4666666666666666,0
1014,10,4,2.354513198590517,0.09637548670074805,0,0.9999999999999999,1,0.9555555555555554,0,0.9555555555555554,0
1015,5,3,1.2353179360886297,0.037562416458775574,0,0.9999999999999999,1,0.7999999999999999,0,0.7999999999999999,0
1016,4,4,6.442221596568976,0.09477157146193263,0,1.0,1,1.0,1,1.0,1
1017,10,5,32.664983090569244,0.4777864752741344,7,0.6888888888888888,0,0.9999999999999999,1,0.6,0
1018,10,4,23.175656507967908,0.22636651308020744,6,0.7333333333333333,0,0.7333333333333333,0,0.7333333333333333,0
1019,4,3,5.768868143195332,0.17602668666343416,0,1.0,1,1.0,1,1.0,1
1020,4,3,8.685896723638818,0.22858382686531042,0,1.0,1,1.0,1,1.0,1
1021,4,5,3.6939129737320284,0.10949890264829656,0,1.0,1,0.6666666666666669,0,0.6666666666666669,0
1022,6,4,4.7037085590263,0.22256314408843192,3,0.6,0,0.8666666666666666,0,0.6,0
1023,8,4,7.788356987389449,0.26035017028918045,6,0.5714285714285714,0,0.8571428571428571,0,0.4999999999999999,0
1024,6,3,1.163587370717085,0.018709360585368748,0,0.9999999999999999,1,0.8666666666666666,0,0.7333333333333333,0
1025,8,5,2.3182087300604217,0.15687203743736716,4,0.7142857142857142,0,0.9285714285714285,0,0.7857142857142856,0
1026,6,3,13.18688636947223,0.4785399289654432,6,0.2,0,0.8666666666666666,0,0.2,0
1027,5,4,308.1927411273554,0.13777801731105385,2,0.6,0,0.9999999999999999,1,0.7999999999999999,0
1028,6,3,5.466088594326233,0.31466618135255914,2,0.7333333333333333,0,0.8666666666666666,0,0.7333333333333333,0
1029,6,3,1.233535300071567,0.007531229868844087,0,0.9999999999999999,1,0.9999999999999999,1,0.9999999999999999,1
1030,8,3,285.6515822479882,0.45166688639583186,9,0.3571428571428571,0,0.9285714285714285,0,0.2857142857142857,0
1031,6,5,5.593240728864295,0.26745135398595815,4,0.4666666666666666,0,0.8666666666666666,0,0.6,0
1032,8,4,5.013711026669806,0.16813644433959885,1,0.9285714285714285,0,0.8571428571428571,0,0.7142857142857142,0
1033,5,3,2.469054578700024,0.14841780603520244,2,0.6,0,0.7999999999999999,0,0.6,0
1034,6,3,1.9511679846400025,0.12668506076335773,1,0.8666666666666666,0,0.8666666666666666,0,0.9999999999999999,1
1035,10,3,5.461273312895942,0.37971016190332324,3,0.8666666666666666,0,0.8666666666666666,0,0.8222222222222221,0
1036,10,5,4.128749809687954,0.16343756294313078,3,0.8666666666666666,0,0.6888888888888888,0,0.8222222222222221,0
1037,10,3,4.959265910489476,0.31082745560681635,8,0.6444444444444444,0,0.8222222222222221,0,0.6444444444444444,0
1038,10,5,2.984603173988407,0.2220225499515525,4,0.8222222222222221,0,0.8222222222222221,0,0.7333333333333333,0
1039,10,3,4.467318461989504,0.18794099790369825,2,0.911111111111111,0,0.9555555555555554,0,0.9555555555555554,0
1040,6,3,7.517633161944153,0.4461080905510037,3,0.6,0,0.9999999999999999,1,0.4666666666666666,0
1041,5,5,58.17369632492572,0.2730631315557812,0,0.9999999999999999,1,0.9999999999999999,1,0.9999999999999999,1
1042,6,3,2.570569709286733,0.1596456919754411,2,0.7333333333333333,0,0.9999999999999999,1,0.7333333333333333,0
1043,5,4,20.0822536196266,0.5614319879920378,3,0.39999999999999997,0,0.9999999999999999,1,0.39999999999999997,0
1044,6,3,18.86767943087031,0.3750689509316061,4,0.4666666666666666,0,0.8666666666666666,0,0.06666666666666665,0
1045,4,5,2.8664897331479113,0.09082219135028513,0,1.0,1,1.0,1,1.0,1
1046,6,5,406.54702793073903,0.6414083208682319,9,-0.2,0,0.8666666666666666,0,-0.2,0
1047,6,5,2.5663064876639443,0.10906715288038599,2,0.7333333333333333,0,0.9999999999999999,1,0.7333333333333333,0
1048,5,4,4.182205512358349,0.15461401079431944,1,0.7999999999999999,0,0.9999999999999999,1,0.7999999999999999,0
1049,8,3,2.3686951391628326,0.08201804110900006,0,0.9999999999999998,1,0.9999999999999998,1,0.9999999999999998,1
1050,4,4,11.554353871806333,0.31975437219475733,0,1.0,1,1.0,1,1.0,1
1051,4,3,10.28113613692184,0.3592041303617635,3,0.0,0,0.6666666666666669,0,-0.3333333333333334,0
1052,10,3,1.0205561235180258,0.0034031736483061403,0,0.9999999999999999,1,0.8222222222222221,0,0.8222222222222221,0
1053,6,3,8.567465931409608,0.08685883833624039,0,0.9999999999999999,1,0.9999999999999999,1,0.9999999999999999,1
1054,5,5,3.7299718275625855,0.19119156448543428,1,0.7999999999999999,0,0.9999999999999999,1,0.7999999999999999,0
1055,4,4,5.454332050460035,0.18587099532346274,0,1.0,1,1.0,1,1.0,1
1056,8,4,19.29057720208306,0.39934681837468566,3,0.7857142857142856,0,0.8571428571428571,0,0.6428571428571428,0
1057,4,3,3.6539798555129375,0.2268518681080091,2,0.3333333333333334,0,1.0,1,0.0,0
1058,4,5,25.006909860759023,0.18076312666685831,0,1.0,1,1.0,1,1.0,1
1059,5,5,8.812200921506978,0.30576452966046846,4,0.19999999999999998,0,0.9999999999999999,1,0.19999999999999998,0
1060,4,5,1.9900518801034273,0.06741497137910624,0,1.0,1,1.0,1,1.0,1
1061,8,3,5.253264832395628,0.2876992118416661,5,0.6428571428571428,0,0.9285714285714285,0,0.5714285714285714,0
1062,6,5,67.79141238376518,0.31287094131232507,5,0.3333333333333333,0,0.8666666666666666,0,0.3333333333333333,0
1063,4,5,15.239672086101095,0.29330625368907803,1,0.6666666666666669,0,0.6666666666666669,0,0.3333333333333334,0
1064,10,4,7.310670992086635,0.14792018884849387,4,0.8222222222222221,0,0.8666666666666666,0,0.7333333333333333,0
1065,8,4,99.59681359085403,0.17180909405416983,2,0.8571428571428571,0,0.7857142857142856,0,0.7857142857142856,0
1066,4,5,22.93790608015202,0.4298565901356936,3,0.0,0,0.6666666666666669,0,0.0,0
1067,8,3,2.5534472740785916,0.0594307069181034,2,0.8571428571428571,0,0.9999999999999998,1,0.8571428571428571,0
1068,6,4,2.223864447232051,0.10832231509363223,2,0.7333333333333333,0,0.9999999999999999,1,0.7333333333333333,0
1069,6,4,36.99487854255353,0.4260901703973743,2,0.7333333333333333,0,0.7333333333333333,0,0.4666666666666666,0
1070,10,4,2.2852679054555285,0.08914055814875028,5,0.7777777777777777,0,0.7333333333333333,0,0.7333333333333333,0
1071,4,4,33.998782531259195,0.2588916366507217,0,1.0,1,1.0,1,1.0,1
1072,8,5,10.184133773256068,0.3144405750290622,8,0.42857142857142855,0,0.8571428571428571,0,0.3571428571428571,0
1073,5,4,6.0383659356194554,0.360061262699975,1,0.7999999999999999,0,0.7999999999999999,0,0.7999999999999999,0
1074,10,5,2.545733891216579,0.08909276084763086,0,0.9999999999999999,1,0.9999999999999999,1,0.9999999999999999,1
1075,6,5,77.64885434220379,0.460343915412629,5,0.3333333333333333,0,0.8666666666666666,0,0.3333333333333333,0
1076,8,5,3.278195763641899,0.195794926169188,4,0.7142857142857142,0,0.9285714285714285,0,0.6428571428571428,0
1077,6,3,2.135386834968896,0.1395521652895761,1,0.8666666666666666,0,0.9999999999999999,1,0.9999999999999999,1
1078,4,5,1.615829071991287,0.05595072421110627,0,1.0,1,1.0,1,1.0,1
1079,6,5,18.556595424051267,0.09885757993720543,0,0.9999999999999999,1,0.9999999999999999,1,0.8666666666666666,0
1080,10,4,3.0817878593924735,0.12486290333330273,2,0.911111111111111,0,0.7777777777777777,0,0.7333333333333333,0
1081,5,5,51.034727258555534,0.24850644725437565,1,0.7999999999999999,0,0.9999999999999999,1,0.7999999999999999,0
1082,10,3,27.359385641319303,0.31078317723250243,4,0.8222222222222221,0,0.9999999999999999,1,0.8222222222222221,0
1083,5,4,3.9316527678651223,0.04816764805444045,0,0.9999999999999999,1,0.7999999999999999,0,0.7999999999999999,0
1084,5,4,4.294668585626805,0.2417063610867276,0,0.9999999999999999,1,0.9999999999999999,1,0.6,0
1085,10,4,8.256912228690304,0.3387566869142049,8,0.6444444444444444,0,0.7777777777777777,0,0.6,0
1086,6,4,6.9273917111019365,0.09213104003180876,2,0.7333333333333333,0,0.9999999999999999,1,0.7333333333333333,0
1087,10,4,36.13076735806057,0.20328080939309467,5,0.7777777777777777,0,0.8666666666666666,0,0.7777777777777777,0
1088,5,5,4.690280533256723,0.22671964211860093,2,0.6,0,0.9999999999999999,1,0.6,0
1089,5,3,6.529712939982303,0.42954142489969993,3,0.39999999999999997,0,0.7999999999999999,0,0.39999999999999997,0
1090,5,5,2.316216621823016,0.12053493831233009,0,0.9999999999999999,1,0.39999999999999997,0,0.7999999999999999,0
1091,5,4,5.085451032632306,0.3112143040999759,2,0.6,0,0.19999999999999998,0,0.0,0
1092,8,4,3.3176473788867398,0.23688248416501315,4,0.7142857142857142,0,0.9999999999999998,1,0.6428571428571428,0
1093,6,3,2.8555975621357503,0.252093520938523,2,0.7333333333333333,0,0.6,0,0.7333333333333333,0
1094,8,4,11.594349462767044,0.3040725683936805,4,0.7142857142857142,0,0.8571428571428571,0,0.4999999999999999,0
1095,6,5,2.1961742376196627,0.09574961067699025,0,0.9999999999999999,1,0.8666666666666666,0,0.8666666666666666,0
1096,10,5,11.92028385952804,0.22672063204246876,2,0.911111111111111,0,0.8222222222222221,0,0.8222222222222221,0
1097,8,5,5.5643073653035415,0.2494187035655592,2,0.8571428571428571,0,0.8571428571428571,0,0.8571428571428571,0
1098,4,5,2.1735275599255672,0.0737319625767055,1,0.6666666666666669,0,1.0,1,1.0,1
1099,5,5,11.104419308109772,0.1961060855546647,1,0.7999999999999999,0,0.9999999999999999,1,0.7999999999999999,0
1100,8,3,3.0048381542282097,0.26575224271795966,5,0.6428571428571428,0,0.9285714285714285,0,0.7142857142857142,0
1101,10,3,1.5592847212838945,0.10311770785301551,3,0.8666666666666666,0,0.8666666666666666,0,0.7777777777777777,0
1102,6,3,10.384335211275006,0.010332919875024087,0,0.9999999999999999,1,0.9999999999999999,1,0.9999999999999999,1
1103,8,4,1.977380723922579,0.04270173580822184,2,0.8571428571428571,0,0.9285714285714285,0,0.9285714285714285,0
1104,8,5,1.7222266787217035,0.08387230461644912,0,0.9999999999999998,1,0.9999999999999998,1,0.9999999999999998,1
1105,10,3,3.19092449979525,0.16509160533610234,1,0.9555555555555554,0,0.9555555555555554,0,0.9555555555555554,0
1106,10,5,36.770613022767364,0.20543155157089182,4,0.8222222222222221,0,0.9555555555555554,0,0.7777777777777777,0
1107,4,5,6.998740857415344,0.2908745106460924,1,0.6666666666666669,0,0.6666666666666669,0,0.3333333333333334,0
1108,5,5,5.941402617878717,0.2275478836567083,4,0.19999999999999998,0,0.39999999999999997,0,0.19999999999999998,0
1109,8,4,4.7705085673655425,0.19697710322357406,2,0.8571428571428571,0,0.9999999999999998,1,0.7857142857142856,0
1110,5,3,1.1954165070763902,0.0354393626159668,0,0.9999999999999999,1,0.9999999999999999,1,0.9999999999999999,1
1111,6,3,8.834073917773235,0.44882820739621687,2,0.7333333333333333,0,0.9999999999999999,1,0.7333333333333333,0
1112,4,5,6.373234007591028,0.25154428838564985,1,0.6666666666666669,0,1.0,1,0.3333333333333334,0
1113,8,4,2.4109837435683596,0.03890686213037811,1,0.9285714285714285,0,0.9285714285714285,0,0.9285714285714285,0
1114,4,4,2.6224436844950296,0.17145532065485555,0,1.0,1,1.0,1,1.0,1
1115,5,3,3.225217723449374,0.24708202573447857,3,0.39999999999999997,0,0.9999999999999999,1,0.39999999999999997,0
1116,6,3,3.005619555881739,0.10015862247840718,0,0.9999999999999999,1,0.9999999999999999,1,0.9999999999999999,1
1117,5,3,2.788099522818972,0.13404376060207313,1,0.7999999999999999,0,0.7999999999999999,0,0.9999999999999999,1
1118,10,5,3.679931730525593,0.19791890870261258,5,0.7777777777777777,0,0.9555555555555554,0,0.6,0
1119,6,4,3.748473526369193,0.13542126386455303,3,0.6,0,0.9999999999999999,1,0.3333333333333333,0
1120,4,3,1.7923616324190734,0.0634619952663028,0,1.0,1,1.0,1,1.0,1
1121,10,5,28.94937401889349,0.37116628514498795,8,0.6444444444444444,0,0.6444444444444444,0,0.6,0
1122,8,5,5.201043413470038,0.1839026087733488,3,0.7857142857142856,0,0.8571428571428571,0,0.7857142857142856,0
1123,4,3,1.8724386835664915,0.007106590608199246,0,1.0,1,1.0,1,1.0,1
1124,5,4,34.12587613283824,0.522094070789731,4,0.19999999999999998,0,0.9999999999999999,1,0.19999999999999998,0
1125,10,3,2.961851135293182,0.19302254857771384,3,0.8666666666666666,0,0.9999999999999999,1,0.911111111111111,0
1126,6,4,4.791947669023102,0.1353881293487884,0,0.9999999999999999,1,0.9999999999999999,1,0.9999999999999999,1
1127,8,5,5.380825601691098,0.1272278397913852,2,0.8571428571428571,0,0.9285714285714285,0,0.8571428571428571,0
1128,5,5,3.381949365578481,0.15001303849500988,0,0.9999999999999999,1,0.9999999999999999,1,0.7999999999999999,0
1129,8,5,3.9450685471887756,0.19057236630185626,3,0.7857142857142856,0,0.7142857142857142,0,0.7142857142857142,0
1130,5,5,4.695176633183269,0.21769507730279028,1,0.7999999999999999,0,0.7999999999999999,0,0.6,0
1131,5,5,3.447506605046385,0.178659012320466,2,0.6,0,0.7999999999999999,0,0.7999999999999999,0
1132,10,4,29.086805150854087,0.14200159247550437,5,0.7777777777777777,0,0.911111111111111,0,0.8222222222222221,0
1133,4,4,4.345574158293565,0.14412810297614467,2,0.3333333333333334,0,0.3333333333333334,0,0.3333333333333334,0
1134,5,5,7.922118149253966,0.24887835762991783,3,0.39999999999999997,0,0.7999999999999999,0,0.39999999999999997,0
1135,5,5,4.304472264526599,0.2967062093831465,1,0.7999999999999999,0,0.9999999999999999,1,0.6,0
1136,5,4,11.523389949795842,0.17543376338723266,0,0.9999999999999999,1,0.9999999999999999,1,0.9999999999999999,1
1137,5,3,1.5732259499698873,0.11220856176572833,1,0.7999999999999999,0,0.9999999999999999,1,0.7999999999999999,0
1138,4,4,23.61380022456515,0.32456049514224994,3,0.0,0,1.0,1,0.0,0
1139,6,5,3.8818457610815393,0.17393621773114035,0,0.9999999999999999,1,0.8666666666666666,0,0.7333333333333333,0
1140,6,5,7.829661400336523,0.2266275001217618,3,0.6,0,0.7333333333333333,0,0.7333333333333333,0
1141,5,5,4.403279086838767,0.290443390106528,1,0.7999999999999999,0,0.6,0,0.6,0
1142,4,5,3.935971634650826,0.23451785790194035,0,1.0,1,1.0,1,0.6666666666666669,0
1143,8,4,114.01233327442098,0.48771612566888645,17,-0.21428571428571427,0,0.9285714285714285,0,-0.3571428571428571,0
1144,8,4,3.2795379411184133,0.21775445206438346,0,0.9999999999999998,1,0.9285714285714285,0,0.9285714285714285,0
1145,10,3,2.3234177983881055,0.17223597856948686,1,0.9555555555555554,0,0.8666666666666666,0,0.9999999999999999,1
1146,8,5,31.32280060630429,0.6514491020678217,9,0.3571428571428571,0,0.9285714285714285,0,0.3571428571428571,0
1147,6,4,38.75661567086325,0.198388946581467,3,0.6,0,0.8666666666666666,0,0.7333333333333333,0
1148,5,5,1.9730891795291237,0.11270801569357722,0,0.9999999999999999,1,0.9999999999999999,1,0.9999999999999999,1
1149,5,5,14.319892639259214,0.4290711386858427,2,0.6,0,0.9999999999999999,1,0.6,0
1150,4,3,7.573819264736189,0.4257163006300897,3,0.0,0,0.6666666666666669,0,0.0,0
1151,4,4,8.05653550759547,0.1812457106629309,0,1.0,1,1.0,1,1.0,1
1152,8,4,1.7628950021524254,0.10618261473910716,1,0.9285714285714285,0,0.8571428571428571,0,0.7142857142857142,0
1153,10,3,8.139452606662264,0.3669281650300983,12,0.4666666666666666,0,0.9555555555555554,0,0.5111111111111111,0
1154,10,4,11.624405905602778,0.06295752288419343,4,0.8222222222222221,0,0.6444444444444444,0,0.6444444444444444,0
1155,5,4,2.7053635917312167,0.10720864158969723,2,0.6,0,0.6,0,0.39999999999999997,0
1156,6,4,2.8072798649325743,0.1419786296696385,1,0.8666666666666666,0,0.7333333333333333,0,0.7333333333333333,0
1157,6,4,2.179374824519749,0.10681300663572448,0,0.9999999999999999,1,0.8666666666666666,0,0.9999999999999999,1
1158,6,3,47.401320562141095,0.152379488485448,1,0.8666666666666666,0,0.8666666666666666,0,0.7333333333333333,0
1159,6,3,1.4789750716549184,0.05050218837372806,0,0.9999999999999999,1,0.9999999999999999,1,0.9999999999999999,1
1160,10,5,11.907507040834492,0.2610565118339604,5,0.7777777777777777,0,0.7777777777777777,0,0.6888888888888888,0
1161,6,3,2.0417438641893613,0.12970901597970144,1,0.8666666666666666,0,0.9999999999999999,1,0.9999999999999999,1
1162,6,3,4.262725242660625,0.18010581188792812,1,0.8666666666666666,0,0.9999999999999999,1,0.9999999999999999,1
1163,4,5,3.0580599090903893,0.14284165671440835,0,1.0,1,1.0,1,0.6666666666666669,0
1164,8,3,7.382270480999505,0.29328837255296125,6,0.5714285714285714,0,0.8571428571428571,0,0.5714285714285714,0
1165,4,3,30.145544173907567,0.12309323084319514,0,1.0,1,1.0,1,1.0,1
1166,5,4,8.28230691581614,0.3461157533111216,4,0.19999999999999998,0,0.9999999999999999,1,-0.19999999999999998,0
1167,8,3,4.1151792891829055,0.18966806367131034,4,0.7142857142857142,0,0.8571428571428571,0,0.7857142857142856,0
1168,6,5,4.622768863962484,0.21056236985523724,3,0.6,0,0.7333333333333333,0,0.7333333333333333,0
1169,10,4,1.6599342986321453,0.08312555829095719,5,0.7777777777777777,0,0.7333333333333333,0,0.5111111111111111,0
1170,8,3,2.189616221907124,0.1451332710571066,3,0.7857142857142856,0,0.8571428571428571,0,0.9285714285714285,0
1171,6,5,6.957734557033642,0.1888756748432579,2,0.7333333333333333,0,0.9999999999999999,1,0.7333333333333333,0
1172,8,5,60.28563787586696,0.3075918955485995,9,0.3571428571428571,0,0.9285714285714285,0,0.2857142857142857,0
1173,10,5,27.521254204199316,0.390626707111699,19,0.15555555555555553,0,0.9999999999999999,1,0.1111111111111111,0
1174,4,4,75.87964561767002,0.4154392803145952,0,1.0,1,1.0,1,0.6666666666666669,0
1175,4,3,2.4689032842162186,0.08583509980916845,0,1.0,1,1.0,1,1.0,1
1176,8,5,3.0809236041701658,0.18510382405526576,4,0.7142857142857142,0,0.9285714285714285,0,0.6428571428571428,0
1177,5,4,4.746061172441183,0.18145924598212093,0,0.9999999999999999,1,0.7999999999999999,0,0.7999999999999999,0
1178,4,4,2.9838066233414726,0.10758708655537799,0,1.0,1,1.0,1,1.0,1
1179,8,3,3.1181768641763212,0.18502473453610216,2,0.8571428571428571,0,0.9999999999999998,1,0.7857142857142856,0
1180,4,3,6.431344807236461,0.2501753886984568,1,0.6666666666666669,0,0.6666666666666669,0,0.6666666666666669,0
1181,6,5,16.28030503250558,0.23938197301818026,1,0.8666666666666666,0,0.9999999999999999,1,0.8666666666666666,0
1182,5,4,1.9006514453747023,0.08776110826592418,1,0.7999999999999999,0,0.9999999999999999,1,0.7999999999999999,0
1183,4,4,268.21379454757806,0.2791491695871693,1,0.6666666666666669,0,1.0,1,0.6666666666666669,0
1184,5,3,76.85241440792936,0.1929364023046369,1,0.7999999999999999,0,0.7999999999999999,0,0.7999999999999999,0
1185,6,5,7.148978924526155,0.20682376518918133,2,0.7333333333333333,0,0.8666666666666666,0,0.7333333333333333,0
1186,4,3,2.4747443366215496,0.14516995273529903,1,0.6666666666666669,0,1.0,1,0.6666666666666669,0
1187,5,4,3.0312802885217294,0.13493201532268734,1,0.7999999999999999,0,0.9999999999999999,1,0.9999999999999999,1
1188,8,5,364.95698930188155,0.366580420262735,8,0.42857142857142855,0,0.7857142857142856,0,0.2857142857142857,0
1189,6,3,2.9651732948062453,0.14387747712265275,1,0.8666666666666666,0,0.9999999999999999,1,0.8666666666666666,0
1190,5,4,7.844815674762971,0.22926512775231828,1,0.7999999999999999,0,0.7999999999999999,0,0.7999999999999999,0
1191,5,5,27.644446273517488,0.499084667459902,1,0.7999999999999999,0,0.9999999999999999,1,0.9999999999999999,1
1192,10,4,4.610680485356111,0.2956426703972074,3,0.8666666666666666,0,0.9555555555555554,0,0.8666666666666666,0
1193,10,5,32.408688576409006,0.5489191095562718,15,0.3333333333333333,0,0.9555555555555554,0,0.3333333333333333,0
1194,10,3,3.4835140895445202,0.266680053945054,10,0.5555555555555555,0,0.911111111111111,0,0.4666666666666666,0
1195,8,3,1.5021145396692093,0.08957526203966783,0,0.9999999999999998,1,0.9285714285714285,0,0.9999999999999998,1
1196,10,3,1.3393643554471422,0.0666925095155441,3,0.8666666666666666,0,0.9555555555555554,0,0.911111111111111,0
1197,6,5,30.85893991221891,0.3485491884264583,4,0.4666666666666666,0,0.6,0,0.3333333333333333,0
1198,4,5,2.3749741227457024,0.11730011566690321,0,1.0,1,1.0,1,1.0,1
1199,8,3,1.1579176195690306,0.014785058898773289,0,0.9999999999999998,1,0.9999999999999998,1,0.9999999999999998,1
1200,8,4,7.510866319556993,0.20526006603878227,2,0.8571428571428571,0,0.9285714285714285,0,0.7857142857142856,0
1201,8,3,2.2142487459996487,0.17560137850317242,4,0.7142857142857142,0,0.9285714285714285,0,0.8571428571428571,0
1202,4,4,167.0135926806222,0.45084893690705347,0,1.0,1,1.0,1,1.0,1
1203,8,4,6.696588459569024,0.284719942442723,3,0.7857142857142856,0,0.9285714285714285,0,0.7857142857142856,0
1204,6,5,1.4184479214108388,0.06175992542511137,0,0.9999999999999999,1,0.8666666666666666,0,0.8666666666666666,0
1205,4,4,3.3702201009414443,0.20528137598924248,0,1.0,1,1.0,1,1.0,1
1206,10,3,2.6203504175355934,0.22400633185583455,12,0.4666666666666666,0,0.8666666666666666,0,0.4666666666666666,0
1207,8,3,3.100143189172953,0.1621084163409339,4,0.7142857142857142,0,0.7142857142857142,0,0.7142857142857142,0
1208,6,5,2.3681202448541763,0.08884750899927973,0,0.9999999999999999,1,0.8666666666666666,0,0.9999999999999999,1
1209,6,3,9.506188626105764,0.3882489650775087,2,0.7333333333333333,0,0.7333333333333333,0,0.6,0
1210,8,5,23.20171327236553,0.4047037975680724,5,0.6428571428571428,0,0.9999999999999998,1,0.6428571428571428,0
1211,4,4,2.9588116116814756,0.07053168935931678,0,1.0,1,0.6666666666666669,0,0.6666666666666669,0
1212,6,3,1.5908228206409059,0.09466814372016788,0,0.9999999999999999,1,0.9999999999999999,1,0.8666666666666666,0
1213,5,3,3.5889468106951146,0.2594581563922523,2,0.6,0,0.7999999999999999,0,0.39999999999999997,0
1214,4,3,3.470678726248463,0.2584802929316209,3,0.0,0,1.0,1,0.0,0
1215,6,5,7.589051908949524,0.3705119944400498,4,0.4666666666666666,0,0.8666666666666666,0,0.3333333333333333,0
1216,6,4,5.981734911263445,0.19505239496475604,0,0.9999999999999999,1,0.9999999999999999,1,0.9999999999999999,1
1217,8,4,2.47523140584096,0.1646766553247705,1,0.9285714285714285,0,0.9285714285714285,0,0.9285714285714285,0
1218,8,4,19.679998275229746,0.11203531876943723,0,0.9999999999999998,1,0.9999999999999998,1,0.9999999999999998,1
1219,5,3,10.586957800931888,0.19919422199033646,1,0.7999999999999999,0,0.9999999999999999,1,0.7999999999999999,0
1220,8,5,13.097737712412746,0.14783290813569386,3,0.7857142857142856,0,0.7857142857142856,0,0.7142857142857142,0
1221,4,5,3.995222321608058,0.24229509492210743,0,1.0,1,1.0,1,1.0,1
1222,4,5,6.726763837581317,0.3907953536874602,0,1.0,1,0.6666666666666669,0,1.0,1
1223,5,4,3.893902402261089,0.17902999322258106,1,0.7999999999999999,0,0.9999999999999999,1,0.7999999999999999,0
1224,10,3,8.177500445569192,0.2868754633463206,10,0.5555555555555555,0,0.911111111111111,0,0.5555555555555555,0
1225,6,5,1.2935638159113971,0.04710336990568655,0,0.9999999999999999,1,0.7333333333333333,0,0.7333333333333333,0
1226,8,3,15.863460947108539,0.5514263808393584,7,0.4999999999999999,0,0.9285714285714285,0,0.42857142857142855,0
1227,4,4,19.4892555906448,0.19645204900794958,0,1.0,1,1.0,1,1.0,1
1228,10,3,21.20433024956294,0.3955632336762648,9,0.6,0,0.911111111111111,0,0.5555555555555555,0
1229,10,3,1.7001202243179219,0.116109954726869,8,0.6444444444444444,0,0.7777777777777777,0,0.911111111111111,0
1230,5,5,12.28025593467469,0.19968333405834837,2,0.6,0,0.9999999999999999,1,0.6,0
1231,5,4,2.606477026548111,0.15203068713484105,1,0.7999999999999999,0,0.9999999999999999,1,0.7999999999999999,0
1232,8,5,15.267945549935117,0.2695927699503916,3,0.7857142857142856,0,0.9999999999999998,1,0.7857142857142856,0
1233,6,3,3.1855724941586607,0.2584161661434974,5,0.3333333333333333,0,0.9999999999999999,1,0.2,0
1234,5,5,2.4115498272842983,0.050206174014765084,1,0.7999999999999999,0,0.7999999999999999,0,0.7999999999999999,0
1235,10,4,4.980459013164375,0.22549691339060202,9,0.6,0,0.9999999999999999,1,0.4666666666666666,0
1236,6,3,2.6716516403837383,0.181342348553448,1,0.8666666666666666,0,0.8666666666666666,0,0.8666666666666666,0
1237,6,3,1.5961451090206702,0.06598929032940781,0,0.9999999999999999,1,0.8666666666666666,0,0.9999999999999999,1
1238,10,3,1.9680143479668173,0.054184887031862486,2,0.911111111111111,0,0.9999999999999999,1,0.9999999999999999,1
1239,5,4,30.132431710214846,0.22241498557759065,0,0.9999999999999999,1,0.9999999999999999,1,0.9999999999999999,1
1240,10,5,37.40427335946477,0.29613551001129934,9,0.6,0,0.8222222222222221,0,0.5555555555555555,0
1241,5,5,1.866123895502967,0.07976211211773176,0,0.9999999999999999,1,0.9999999999999999,1,0.9999999999999999,1
1242,10,5,5.611780259978327,0.19971932213623733,6,0.7333333333333333,0,0.911111111111111,0,0.6888888888888888,0
1243,10,4,187.01198406705012,0.4088723255398478,10,0.5555555555555555,0,0.8666666666666666,0,0.5111111111111111,0
1244,6,3,4.244471355751531,0.14270167157207458,5,0.3333333333333333,0,0.8666666666666666,0,0.2,0
1245,8,3,3.3014139029057215,0.2402851911918695,3,0.7857142857142856,0,0.9285714285714285,0,0.5714285714285714,0
1246,10,5,5.428827732941709,0.1484613775722752,3,0.8666666666666666,0,0.8666666666666666,0,0.911111111111111,0
1247,4,3,3.445749765375811,0.1482604058862418,1,0.6666666666666669,0,1.0,1,0.6666666666666669,0
1248,5,5,2.7363202768393484,0.08531042606052563,0,0.9999999999999999,1,0.9999999999999999,1,0.7999999999999999,0
1249,5,4,2.919141892290431,0.04278838624687056,0,0.9999999999999999,1,0.9999999999999999,1,0.9999999999999999,1
1250,8,5,4.209967188675873,0.21556928789988172,3,0.7857142857142856,0,0.9999999999999998,1,0.7142857142857142,0
1251,6,5,72.15256187711438,0.07704504561348424,0,0.9999999999999999,1,0.9999999999999999,1,0.9999999999999999,1
1252,8,5,12.12412197749435,0.2189691107408208,1,0.9285714285714285,0,0.9999999999999998,1,0.7857142857142856,0
1253,5,3,9.723358778148885,0.3824219095564365,3,0.39999999999999997,0,0.7999999999999999,0,0.19999999999999998,0
1254,8,3,2.109592783621434,0.04660607062649584,0,0.9999999999999998,1,0.8571428571428571,0,0.8571428571428571,0
1255,4,5,4.447216853275688,0.15618701232905485,0,1.0,1,1.0,1,1.0,1
1256,5,4,31.120934703397225,0.13576861368163085,1,0.7999999999999999,0,0.9999999999999999,1,0.7999999999999999,0
1257,5,4,79.67517672510822,0.24281560878189318,0,0.9999999999999999,1,0.9999999999999999,1,0.9999999999999999,1
1258,6,3,6.279120368088333,0.34981904914019,4,0.4666666666666666,0,0.9999999999999999,1,0.4666666666666666,0
1259,10,5,6.969110792232062,0.23637724977891822,10,0.5555555555555555,0,0.8666666666666666,0,0.6,0
1260,8,5,5.62205913649963,0.12392481526673134,0,0.9999999999999998,1,0.7857142857142856,0,0.9999999999999998,1
1261,5,4,6.075120850938463,0.0882756993708522,0,0.9999999999999999,1,0.9999999999999999,1,0.9999999999999999,1
1262,4,4,29.298894555547985,0.5177511577445231,1,0.6666666666666669,0,1.0,1,0.6666666666666669,0
1263,10,4,66.47570387894062,0.3295550132236805,11,0.5111111111111111,0,0.8666666666666666,0,0.4666666666666666,0
1264,10,4,78.8030019397498,0.21915226633875606,2,0.911111111111111,0,0.8666666666666666,0,0.9999999999999999,1
1265,6,5,28.896974299722636,0.23485018742737715,2,0.7333333333333333,0,0.3333333333333333,0,0.3333333333333333,0
1266,5,5,2.336308510727392,0.08390608599684159,1,0.7999999999999999,0,0.7999999999999999,0,0.7999999999999999,0
1267,10,4,11.486851400434624,0.2924248760651702,5,0.7777777777777777,0,0.9555555555555554,0,0.6444444444444444,0
1268,5,5,12.374586507286269,0.43153041487031973,0,0.9999999999999999,1,0.7999999999999999,0,0.9999999999999999,1
1269,4,4,17.019095939355243,0.12873788336903652,0,1.0,1,1.0,1,1.0,1
1270,5,3,8.4115467776795,0.2948575751740332,0,0.9999999999999999,1,0.9999999999999999,1,0.9999999999999999,1
1271,8,3,1.3392528514300974,0.06516716960879518,1,0.9285714285714285,0,0.9285714285714285,0,0.9285714285714285,0
1272,4,3,11.137846158073149,0.06261373972484872,0,1.0,1,0.6666666666666669,0,0.6666666666666669,0
1273,10,5,7.946501092454154,0.2118025596564171,7,0.6888888888888888,0,0.911111111111111,0,0.6,0
1274,5,3,3.6080327700092445,0.14583025574028416,1,0.7999999999999999,0,0.9999999999999999,1,0.7999999999999999,0
1275,8,3,11.441511777983187,0.209146235049604,5,0.6428571428571428,0,0.7857142857142856,0,0.6428571428571428,0
1276,5,3,5.040135489316141,0.18136156646165336,0,0.9999999999999999,1,0.9999999999999999,1,0.9999999999999999,1
1277,5,3,1.3399862312977133,0.07029127607342922,1,0.7999999999999999,0,0.7999999999999999,0,0.9999999999999999,1
1278,8,3,268.37737886348964,0.14079534057911516,5,0.6428571428571428,0,0.9285714285714285,0,0.6428571428571428,0
1279,4,4,8.979457089024732,0.19042205625516734,0,1.0,1,1.0,1,1.0,1
1280,4,5,35.4400201646776,0.2912926668247418,2,0.3333333333333334,0,0.3333333333333334,0,0.3333333333333334,0
1281,6,3,11.49318976781273,0.3572839639447126,2,0.7333333333333333,0,0.7333333333333333,0,0.6,0
1282,6,4,4.377600597596409,0.28651159112225255,2,0.7333333333333333,0,0.8666666666666666,0,0.6,0
1283,8,3,2.8590134467252772,0.17184291565980753,2,0.8571428571428571,0,0.8571428571428571,0,0.7142857142857142,0
1284,5,5,2.609235555561209,0.07369837719659961,1,0.7999999999999999,0,0.7999999999999999,0,0.7999999999999999,0
1285,10,5,5.760027276896413,0.0892223430853386,0,0.9999999999999999,1,0.911111111111111,0,0.9555555555555554,0
1286,10,5,1.7797459457451232,0.040006822449723506,1,0.9555555555555554,0,0.9555555555555554,0,0.911111111111111,0
1287,8,3,102.15633275377455,0.040670599330483094,1,0.9285714285714285,0,0.9285714285714285,0,0.9285714285714285,0
1288,10,3,1.5850413504632566,0.102621360880296,4,0.8222222222222221,0,0.911111111111111,0,0.8666666666666666,0
1289,10,4,43.96530477845659,0.6445391579220944,17,0.24444444444444444,0,0.9555555555555554,0,0.06666666666666667,0
1290,8,5,3.7116381092624997,0.07592450658238621,1,0.9285714285714285,0,0.9285714285714285,0,0.9999999999999998,1
1291,4,4,33.67398360651275,0.30698921629064346,2,0.3333333333333334,0,0.6666666666666669,0,0.3333333333333334,0
1292,10,5,212.35762616978303,0.6110740256597145,5,0.7777777777777777,0,0.8222222222222221,0,0.7777777777777777,0
1293,5,5,7.150575089133771,0.2477045893332261,2,0.6,0,0.6,0,0.6,0
1294,6,4,1.4222931140874449,0.01557271828787711,0,0.9999999999999999,1,0.9999999999999999,1,0.8666666666666666,0
1295,5,4,1.9464125488065434,0.13198109094663413,3,0.39999999999999997,0,0.9999999999999999,1,0.39999999999999997,0
1296,6,3,7.216336419282784,0.412777946047004,2,0.7333333333333333,0,0.9999999999999999,1,0.7333333333333333,0
1297,6,3,2.788508410532167,0.24253484999186253,3,0.6,0,0.9999999999999999,1,0.3333333333333333,0
1298,10,3,2.376085525542368,0.07943619291243584,0,0.9999999999999999,1,0.911111111111111,0,0.8666666666666666,0
1299,5,3,2.9329059589716984,0.10691124768938196,1,0.7999999999999999,0,0.9999999999999999,1,0.9999999999999999,1
1300,8,4,10.673801399885242,0.37969570151392157,6,0.5714285714285714,0,0.8571428571428571,0,0.6428571428571428,0
1301,5,3,2.5903318464615626,0.06629740813397539,0,0.9999999999999999,1,0.7999999999999999,0,0.7999999999999999,0
1302,6,3,4.06926716274655,0.17777625051073714,1,0.8666666666666666,0,0.7333333333333333,0,0.8666666666666666,0
1303,4,5,3.2195095015325497,0.20560070289661755,0,1.0,1,1.0,1,1.0,1
1304,4,3,6.703322724736763,0.24879139459330096,1,0.6666666666666669,0,1.0,1,0.6666666666666669,0
1305,8,3,1.8796465529013031,0.03497913271516581,1,0.9285714285714285,0,0.9285714285714285,0,0.9999999999999998,1
1306,4,5,2.9830753010422417,0.2142167360623548,0,1.0,1,1.0,1,1.0,1
1307,5,3,2.526510859959427,0.18225832309846948,2,0.6,0,0.9999999999999999,1,0.9999999999999999,1
1308,6,3,7.19356900201824,0.23087164189725667,2,0.7333333333333333,0,0.9999999999999999,1,0.9999999999999999,1
1309,5,5,11.41924885218957,0.22173669221087253,3,0.39999999999999997,0,0.6,0,0.19999999999999998,0
1310,10,4,4.169427209070846,0.20534256529566858,5,0.7777777777777777,0,0.8666666666666666,0,0.7777777777777777,0
1311,10,3,10.441436898641106,0.32453539109231266,4,0.8222222222222221,0,0.9999999999999999,1,0.8222222222222221,0
1312,8,4,4.38076971831968,0.12307612629599525,1,0.9285714285714285,0,0.8571428571428571,0,0.8571428571428571,0
1313,10,4,3.631418647155352,0.20437128623100825,4,0.8222222222222221,0,0.8666666666666666,0,0.6888888888888888,0
1314,10,4,1.7037086795585648,0.04487842277652944,1,0.9555555555555554,0,0.911111111111111,0,0.911111111111111,0
1315,6,5,2.7402969059729316,0.1976586938837252,2,0.7333333333333333,0,0.7333333333333333,0,0.9999999999999999,1
1316,5,3,3.6789532021462703,0.2541350189604421,1,0.7999999999999999,0,0.7999999999999999,0,0.7999999999999999,0
1317,4,4,4.023956090379607,0.20927664140187074,3,0.0,0,1.0,1,0.0,0
1318,4,3,17.61165888893513,0.3591081182411472,4,-0.3333333333333334,0,1.0,1,-0.3333333333333334,0
1319,6,4,4.680185833172986,0.11810349865707218,0,0.9999999999999999,1,0.9999999999999999,1,0.9999999999999999,1
1320,8,3,1.2004466107344471,0.028511345582352687,1,0.9285714285714285,0,0.8571428571428571,0,0.8571428571428571,0
1321,10,5,2.256758605372626,0.11984297253480457,3,0.8666666666666666,0,0.9555555555555554,0,0.8666666666666666,0
1322,6,4,10.137138620693834,0.13776763179739868,0,0.9999999999999999,1,0.9999999999999999,1,0.9999999999999999,1
1323,4,4,1.3351130489154244,0.04822443581567518,1,0.6666666666666669,0,1.0,1,1.0,1
1324,5,4,18.403192865480012,0.26744277038655045,0,0.9999999999999999,1,0.9999999999999999,1,0.9999999999999999,1
1325,10,3,13.984274781804004,0.13407547518203614,1,0.9555555555555554,0,0.911111111111111,0,0.8666666666666666,0
1326,6,5,441.53909942473354,0.6885636940485292,6,0.2,0,0.7333333333333333,0,0.2,0
1327,5,4,1.4850744650841783,0.04308939506428783,0,0.9999999999999999,1,0.6,0,0.7999999999999999,0
1328,5,5,3.651306694955648,0.14784505981715848,4,0.19999999999999998,0,0.7999999999999999,0,0.6,0
1329,5,4,9.111312700062088,0.37717387858841744,1,0.7999999999999999,0,0.19999999999999998,0,0.6,0
1330,4,3,5.286483003720374,0.17574183955249545,0,1.0,1,0.6666666666666669,0,1.0,1
1331,5,5,14.806273196128515,0.5000718030756989,7,-0.39999999999999997,0,0.9999999999999999,1,-0.39999999999999997,0
1332,6,3,6.44656390462982,0.32175959015656563,3,0.6,0,0.9999999999999999,1,0.6,0
1333,5,3,5.548817899256371,0.0704204945512755,0,0.9999999999999999,1,0.9999999999999999,1,0.9999999999999999,1
1334,4,3,4.72542194720848,0.313817918267244,2,0.3333333333333334,0,1.0,1,0.3333333333333334,0
1335,5,4,17.174265260625027,0.11888695299141748,0,0.9999999999999999,1,0.9999999999999999,1,0.9999999999999999,1
1336,5,4,80.31845618799693,0.10625191876197691,0,0.9999999999999999,1,0.9999999999999999,1,0.9999999999999999,1
1337,5,4,4.087734498308475,0.24092379264139102,1,0.7999999999999999,0,0.9999999999999999,1,0.7999999999999999,0
1338,5,3,2.3891996312731796,0.1503644705760903,0,0.9999999999999999,1,0.7999999999999999,0,0.9999999999999999,1
1339,5,3,1.5674529775225579,0.10300497418357081,1,0.7999999999999999,0,0.9999999999999999,1,0.7999999999999999,0
1340,10,5,8.76114083313018,0.343283974081522,9,0.6,0,0.8222222222222221,0,0.5555555555555555,0
1341,6,4,2.406098371967594,0.02349686136479735,1,0.8666666666666666,0,0.9999999999999999,1,0.9999999999999999,1
1342,6,4,27.64806869625174,0.48961320471567943,8,-0.06666666666666665,0,0.8666666666666666,0,-0.06666666666666665,0
1343,10,3,4.428106147511205,0.2031907603961318,1,0.9555555555555554,0,0.911111111111111,0,0.9999999999999999,1
1344,6,5,3.572957691887048,0.17859718080525885,3,0.6,0,0.9999999999999999,1,0.6,0
1345,8,4,2.540789511208425,0.06371101875181161,1,0.9285714285714285,0,0.9285714285714285,0,0.9285714285714285,0
1346,8,4,1.3093467581733096,0.04289855739050492,0,0.9999999999999998,1,0.9285714285714285,0,0.9999999999999998,1
1347,10,5,10.45108114985972,0.2106420776091958,8,0.6444444444444444,0,0.7777777777777777,0,0.6444444444444444,0
1348,4,3,17.062775627376162,0.344938745620484,5,-0.6666666666666669,0,1.0,1,-0.6666666666666669,0
1349,5,5,3.031437081256622,0.17275196161447787,1,0.7999999999999999,0,0.9999999999999999,1,0.6,0
1350,5,5,3.2424776278150476,0.09928606589234094,0,0.9999999999999999,1,0.9999999999999999,1,0.9999999999999999,1
1351,6,5,14.614992599067389,0.2835839095141157,2,0.7333333333333333,0,0.9999999999999999,1,0.7333333333333333,0
1352,8,3,3.141392573608103,0.0500031052969397,0,0.9999999999999998,1,0.9999999999999998,1,0.9999999999999998,1
1353,5,5,331.4414333509042,0.3891521331292913,1,0.7999999999999999,0,0.9999999999999999,1,0.39999999999999997,0
1354,5,4,31.374787127206904,0.35069292162438126,4,0.19999999999999998,0,0.9999999999999999,1,0.39999999999999997,0
1355,6,4,1.4847514454054813,0.08463615289072521,0,0.9999999999999999,1,0.9999999999999999,1,0.9999999999999999,1
1356,8,3,2.525752064348267,0.21982454801142318,3,0.7857142857142856,0,0.9285714285714285,0,0.7857142857142856,0
1357,4,5,1.8464830471701774,0.0895048494210482,0,1.0,1,1.0,1,1.0,1
1358,10,4,3.004172242254276,0.06404250365490084,0,0.9999999999999999,1,0.9555555555555554,0,0.9999999999999999,1
1359,8,5,5.225461322125064,0.25033510671639464,3,0.7857142857142856,0,0.9285714285714285,0,0.6428571428571428,0
1360,10,5,5.869175032351433,0.2869601928536309,7,0.6888888888888888,0,0.8222222222222221,0,0.6,0
1361,8,4,4.986792549259173,0.16948784994087232,3,0.7857142857142856,0,0.7857142857142856,0,0.6428571428571428,0
1362,5,5,114.3650417081881,0.42928080078193664,1,0.7999999999999999,0,0.9999999999999999,1,0.6,0
1363,6,3,1.1710800280315103,0.02772757543520546,0,0.9999999999999999,1,0.9999999999999999,1,0.9999999999999999,1
1364,6,3,1.769013640088048,0.058295376710141324,0,0.9999999999999999,1,0.9999999999999999,1,0.9999999999999999,1
1365,5,5,9.877904957913271,0.17758746276422943,0,0.9999999999999999,1,0.7999999999999999,0,0.9999999999999999,1
1366,8,5,8.856032999668178,0.13990547193602548,3,0.7857142857142856,0,0.9999999999999998,1,0.6428571428571428,0
1367,5,5,2.8262986331680606,0.08711120804135732,0,0.9999999999999999,1,0.7999999999999999,0,0.7999999999999999,0
1368,6,4,3.8012279216124956,0.21961126991693264,2,0.7333333333333333,0,0.9999999999999999,1,0.6,0
1369,5,4,2.278504348682222,0.16069580497037647,3,0.39999999999999997,0,0.39999999999999997,0,0.7999999999999999,0
1370,8,3,11.808676976478177,0.2714384753151445,2,0.8571428571428571,0,0.9999999999999998,1,0.9285714285714285,0
1371,4,5,78.65301780087063,0.4112377839119965,1,0.6666666666666669,0,1.0,1,0.6666666666666669,0
1372,8,3,12.557770054652146,0.5424635967590723,4,0.7142857142857142,0,0.9999999999999998,1,0.2857142857142857,0
1373,10,5,4.025952488291521,0.1414333151630847,2,0.911111111111111,0,0.911111111111111,0,0.9555555555555554,0
1374,4,4,8.918873799840096,0.4712944325119858,1,0.6666666666666669,0,1.0,1,0.6666666666666669,0
1375,8,5,2.4232481629222016,0.1475056939845139,3,0.7857142857142856,0,0.6428571428571428,0,0.5714285714285714,0
1376,4,5,23.55091085868465,0.1627843701054179,0,1.0,1,1.0,1,1.0,1
1377,8,3,13.221720914449277,0.4813622411423974,7,0.4999999999999999,0,0.9285714285714285,0,0.42857142857142855,0
1378,8,3,1.9235510494178816,0.012979128320304211,0,0.9999999999999998,1,0.9285714285714285,0,0.9285714285714285,0
1379,4,4,10.826116797472903,0.2817639118375198,0,1.0,1,1.0,1,1.0,1
1380,10,3,3.5267069502368815,0.2806247764987504,8,0.6444444444444444,0,0.8222222222222221,0,0.6888888888888888,0
1381,8,3,5.194978123640142,0.13783882287274615,4,0.7142857142857142,0,0.7857142857142856,0,0.7142857142857142,0
1382,5,3,2.5053414516577597,0.16989895410531647,1,0.7999999999999999,0,0.7999999999999999,0,0.9999999999999999,1
1383,6,4,6.641745000834271,0.07437875894467713,0,0.9999999999999999,1,0.7333333333333333,0,0.7333333333333333,0
1384,4,4,4.3594880374855896,0.19811690559802736,1,0.6666666666666669,0,1.0,1,0.6666666666666669,0
1385,10,3,1.7528185866455794,0.025570468013639047,0,0.9999999999999999,1,0.9555555555555554,0,0.9555555555555554,0
1386,6,4,11.473583538919291,0.4885871912413401,1,0.8666666666666666,0,0.8666666666666666,0,0.7333333333333333,0
1387,10,5,22.52913694459805,0.14095230893017305,0,0.9999999999999999,1,0.9555555555555554,0,0.911111111111111,0
1388,6,4,4.6348627008002,0.254918564595384,6,0.2,0,0.6,0,-0.06666666666666665,0
1389,4,3,8.921040706269732,0.30581642133824594,1,0.6666666666666669,0,1.0,1,0.6666666666666669,0
1390,8,5,6.301138132889445,0.3722497596652854,8,0.42857142857142855,0,0.9999999999999998,1,0.07142857142857142,0
1391,4,3,122.72697701958035,0.4368786335207179,2,0.3333333333333334,0,1.0,1,0.3333333333333334,0
1392,8,5,4.8994541942266085,0.3146839922009652,3,0.7857142857142856,0,0.9999999999999998,1,0.7857142857142856,0
1393,5,5,13.608183589750315,0.30941848089323654,4,0.19999999999999998,0,0.9999999999999999,1,0.19999999999999998,0
1394,4,3,6.255806363590719,0.13637082594333372,0,1.0,1,1.0,1,1.0,1
1395,10,4,11.827409438951053,0.2627440469837228,2,0.911111111111111,0,0.9555555555555554,0,0.911111111111111,0
1396,5,3,10.243351271706151,0.2955859469067598,3,0.39999999999999997,0,0.9999999999999999,1,0.39999999999999997,0
1397,6,3,5.224928623415246,0.2099434880296231,2,0.7333333333333333,0,0.9999999999999999,1,0.7333333333333333,0
1398,4,3,1.8456372889778074,0.1376258235228547,0,1.0,1,1.0,1,1.0,1
1399,4,4,49.743633842146174,0.2750134354377717,0,1.0,1,1.0,1,1.0,1
1400,4,3,87.08931012495609,0.46163286882943055,1,0.6666666666666669,0,1.0,1,0.6666666666666669,0
1401,6,4,3.8548456805304325,0.17120420184504986,2,0.7333333333333333,0,0.8666666666666666,0,0.4666666666666666,0
1402,10,5,7.578916396999665,0.1768626142983269,3,0.8666666666666666,0,0.9555555555555554,0,0.8666666666666666,0
1403,10,5,108.577575762668,0.37538412596875953,10,0.5555555555555555,0,0.8666666666666666,0,0.5111111111111111,0
1404,10,5,8.511945097802556,0.1240375685106068,4,0.8222222222222221,0,0.9555555555555554,0,0.8222222222222221,0
1405,5,4,1.2853483852756458,0.0555609400522291,0,0.9999999999999999,1,0.7999999999999999,0,0.7999999999999999,0
1406,8,4,91.86879636141299,0.4296634382683038,17,-0.21428571428571427,0,0.9285714285714285,0,-0.14285714285714285,0
1407,4,4,17.135029345450455,0.44550023703327796,2,0.3333333333333334,0,1.0,1,0.3333333333333334,0
1408,4,4,1.9377384458761977,0.0633838059337201,0,1.0,1,1.0,1,1.0,1
1409,6,3,24.84267578538983,0.21103359460088433,1,0.8666666666666666,0,0.9999999999999999,1,0.8666666666666666,0
1410,6,5,8.200814916270287,0.2643836465636548,3,0.6,0,0.9999999999999999,1,0.4666666666666666,0
1411,4,4,18.605294008557454,0.24118289316229516,0,1.0,1,1.0,1,1.0,1
1412,10,5,24.797500364955862,0.4356728018661139,10,0.5555555555555555,0,0.7333333333333333,0,0.28888888888888886,0
1413,10,4,3.443754208772686,0.12778335434153562,3,0.8666666666666666,0,0.911111111111111,0,0.911111111111111,0
1414,4,5,3.968885027809886,0.20968063447355048,1,0.6666666666666669,0,0.6666666666666669,0,0.6666666666666669,0
1415,4,3,2.4044802843273687,0.11649739710825237,0,1.0,1,1.0,1,1.0,1
1416,5,4,14.063756327704478,0.45793014560773915,2,0.6,0,0.7999999999999999,0,0.6,0
1417,4,5,9.78683565274482,0.3917477572151152,0,1.0,1,0.6666666666666669,0,0.6666666666666669,0
1418,6,3,6.590624919094015,0.3104585011203602,3,0.6,0,0.8666666666666666,0,0.3333333333333333,0
1419,10,4,13.984795443916383,0.48006161072310577,13,0.4222222222222222,0,0.9555555555555554,0,0.4222222222222222,0
1420,10,4,1.4045077864851558,0.02087489771555598,0,0.9999999999999999,1,0.9555555555555554,0,0.9555555555555554,0
1421,10,3,53.495494754544914,0.39421630574600175,7,0.6888888888888888,0,0.9555555555555554,0,0.6,0
1422,10,3,3.3142803235716016,0.1067711664777892,2,0.911111111111111,0,0.911111111111111,0,0.8666666666666666,0
1423,6,5,29.309094778056803,0.4622953295393075,3,0.6,0,0.8666666666666666,0,0.4666666666666666,0
1424,10,5,57.453761870004,0.15992453241593435,3,0.8666666666666666,0,0.911111111111111,0,0.8666666666666666,0
1425,5,3,36.19110327898576,0.20369788552381168,2,0.6,0,0.9999999999999999,1,0.6,0
1426,10,5,13.7130654825946,0.1736762012778548,3,0.8666666666666666,0,0.8666666666666666,0,0.911111111111111,0
1427,8,4,7.043882086775471,0.12421118300795553,5,0.6428571428571428,0,0.9285714285714285,0,0.7142857142857142,0
1428,6,3,3.177774349994499,0.27818649774160853,3,0.6,0,0.9999999999999999,1,0.6,0
1429,8,4,7.674021365452341,0.3818721387961205,6,0.5714285714285714,0,0.8571428571428571,0,0.5714285714285714,0
1430,5,5,8.595097625356802,0.35918565493590093,3,0.39999999999999997,0,0.9999999999999999,1,0.39999999999999997,0
1431,5,5,3.323475455806538,0.21287930774469216,1,0.7999999999999999,0,0.9999999999999999,1,0.9999999999999999,1
1432,5,4,82.59908765178652,0.5540769602724529,0,0.9999999999999999,1,0.7999999999999999,0,0.6,0
1433,10,5,3.75925268816559,0.25759927329150073,4,0.8222222222222221,0,0.9999999999999999,1,0.6444444444444444,0
1434,6,5,12.367734824312924,0.3236254280091039,3,0.6,0,0.8666666666666666,0,0.4666666666666666,0
1435,10,5,4.672364585594559,0.18377995241115325,1,0.9555555555555554,0,0.911111111111111,0,0.8222222222222221,0
1436,4,4,2.6862997084352966,0.17501741167701262,0,1.0,1,1.0,1,1.0,1
1437,6,4,5.307825007256261,0.2551647708409279,2,0.7333333333333333,0,0.7333333333333333,0,0.4666666666666666,0
1438,5,3,3.243963641676827,0.11425563051789733,0,0.9999999999999999,1,0.9999999999999999,1,0.7999999999999999,0
1439,5,3,2.102420031720518,0.17145363409716174,1,0.7999999999999999,0,0.9999999999999999,1,0.7999999999999999,0
1440,6,3,3.344756270441451,0.03916054061197399,0,0.9999999999999999,1,0.9999999999999999,1,0.9999999999999999,1
1441,5,3,19.91750956940191,0.6111474825543146,3,0.39999999999999997,0,0.9999999999999999,1,0.39999999999999997,0
1442,8,4,10.248801574924931,0.32894057286638057,1,0.9285714285714285,0,0.9285714285714285,0,0.9285714285714285,0
1443,6,4,8.55847603366818,0.2455034071488839,2,0.7333333333333333,0,0.9999999999999999,1,0.7333333333333333,0
1444,10,4,9.11748854047476,0.39126799859160155,8,0.6444444444444444,0,0.8666666666666666,0,0.6,0
1445,8,4,2.0998183094897596,0.0876212767362169,0,0.9999999999999998,1,0.9285714285714285,0,0.8571428571428571,0
1446,4,5,1.4916470345289172,0.06190297508176039,0,1.0,1,1.0,1,1.0,1
1447,8,3,4.00222947485807,0.1674618622289289,5,0.6428571428571428,0,0.7857142857142856,0,0.5714285714285714,0
1448,10,4,2.5380623354009666,0.03819396883223287,1,0.9555555555555554,0,0.8222222222222221,0,0.8222222222222221,0
1449,10,3,17.782558869673938,0.5489712507656765,14,0.37777777777777777,0,0.9555555555555554,0,0.3333333333333333,0
1450,5,5,9.734172620369833,0.4481637949169261,3,0.39999999999999997,0,0.9999999999999999,1,0.6,0
1451,8,5,3.598334862036905,0.23084778498714692,4,0.7142857142857142,0,0.9999999999999998,1,0.7857142857142856,0
1452,8,5,3.4325827438862317,0.23574368284344835,5,0.6428571428571428,0,0.9999999999999998,1,0.5714285714285714,0
1453,6,5,85.38247755790175,0.35206978063384503,3,0.6,0,0.7333333333333333,0,0.6,0
1454,5,5,4.302820476647823,0.10055139789305326,0,0.9999999999999999,1,0.7999999999999999,0,0.6,0
1455,4,5,5.681092592483966,0.20594259204635282,1,0.6666666666666669,0,1.0,1,0.6666666666666669,0
1456,6,3,1.7936975805910127,0.052078895548201685,0,0.9999999999999999,1,0.9999999999999999,1,0.8666666666666666,0
1457,8,4,4.398956332176635,0.2467291456238318,4,0.7142857142857142,0,0.9285714285714285,0,0.7142857142857142,0
1458,5,5,16.43455883409444,0.10617621641083352,0,0.9999999999999999,1,0.9999999999999999,1,0.9999999999999999,1
1459,6,3,4.64775883171512,0.22094451856381858,2,0.7333333333333333,0,0.8666666666666666,0,0.6,0
1460,4,5,10.063761698179952,0.41396531080698473,4,-0.3333333333333334,0,1.0,1,-0.6666666666666669,0
1461,5,5,9.182381221838735,0.25426115334413113,0,0.9999999999999999,1,0.9999999999999999,1,0.9999999999999999,1
1462,6,5,12.845551256357304,0.20627740561971988,2,0.7333333333333333,0,0.8666666666666666,0,0.4666666666666666,0
1463,10,3,1.2034884759950426,0.02601033290054531,0,0.9999999999999999,1,0.9999999999999999,1,0.9555555555555554,0
1464,10,3,2.6255943539421405,0.055734634543565933,1,0.9555555555555554,0,0.9999999999999999,1,0.9999999999999999,1
1465,10,4,13.738352467943013,0.48151434272188554,8,0.6444444444444444,0,0.8666666666666666,0,0.6,0
1466,10,5,2.329241621414366,0.06519653943052675,3,0.8666666666666666,0,0.911111111111111,0,0.8222222222222221,0
1467,4,4,4.773081574193552,0.1544199506643082,0,1.0,1,0.3333333333333334,0,0.6666666666666669,0
1468,8,3,3.023810460234364,0.0356697539080687,1,0.9285714285714285,0,0.8571428571428571,0,0.9285714285714285,0
1469,10,3,2.3030408780395213,0.14389875753157952,3,0.8666666666666666,0,0.911111111111111,0,0.9555555555555554,0
1470,6,3,1.8704599501256824,0.06458362092283773,0,0.9999999999999999,1,0.9999999999999999,1,0.9999999999999999,1
1471,6,3,15.924527076546378,0.21179887352626808,1,0.8666666666666666,0,0.8666666666666666,0,0.8666666666666666,0
1472,6,4,2.6947672055325644,0.19002373491831992,3,0.6,0,0.8666666666666666,0,0.4666666666666666,0
1473,6,3,2.146536142901961,0.17206350410223156,3,0.6,0,0.6,0,0.4666666666666666,0
1474,5,3,16.764100090962923,0.49651837641946533,2,0.6,0,0.9999999999999999,1,0.6,0
1475,10,3,2.4268980014506747,0.1456205594312594,3,0.8666666666666666,0,0.9555555555555554,0,0.7777777777777777,0
1476,10,4,2.4790912923468293,0.09662143228828868,2,0.911111111111111,0,0.9999999999999999,1,0.8666666666666666,0
1477,8,4,7.097026674387769,0.3360718658101437,5,0.6428571428571428,0,0.7857142857142856,0,0.5714285714285714,0
1478,5,4,2.353980552775407,0.047392988564968506,0,0.9999999999999999,1,0.9999999999999999,1,0.9999999999999999,1
1479,6,5,5.602486713340488,0.16511583342905856,1,0.8666666666666666,0,0.9999999999999999,1,0.8666666666666666,0
1480,6,3,2.091583985284249,0.09412694097797536,0,0.9999999999999999,1,0.8666666666666666,0,0.8666666666666666,0
1481,6,4,15.756149549937364,0.42046065750343453,5,0.3333333333333333,0,0.8666666666666666,0,0.3333333333333333,0
1482,10,5,39.19433151857343,0.5737862228688627,18,0.19999999999999998,0,0.7777777777777777,0,0.19999999999999998,0
1483,6,4,11.530191135424996,0.12295429673212835,1,0.8666666666666666,0,0.9999999999999999,1,0.8666666666666666,0
1484,5,4,3.44930959583471,0.10257753576944886,1,0.7999999999999999,0,0.7999999999999999,0,0.7999999999999999,0
1485,6,4,2.03555686242679,0.06207677535162007,2,0.7333333333333333,0,0.8666666666666666,0,0.7333333333333333,0
1486,4,3,2.6026755860250343,0.05135360386782579,0,1.0,1,1.0,1,1.0,1
1487,8,3,2.4173646898644163,0.09523456207408802,0,0.9999999999999998,1,0.9285714285714285,0,0.9285714285714285,0
1488,5,3,4.9284838503312285,0.002279326916259709,0,0.9999999999999999,1,0.9999999999999999,1,0.9999999999999999,1
1489,6,5,6.754931012200259,0.28708903073796094,4,0.4666666666666666,0,0.9999999999999999,1,0.06666666666666665,0
1490,8,3,3.4793751275381815,0.20913410511681838,1,0.9285714285714285,0,0.9285714285714285,0,0.9285714285714285,0
1491,6,4,1.3433237419850603,0.048961062000821856,0,0.9999999999999999,1,0.9999999999999999,1,0.9999999999999999,1
1492,10,4,28.438294721174817,0.5629933393979258,17,0.24444444444444444,0,0.8222222222222221,0,0.19999999999999998,0
1493,10,3,6.496394093196723,0.23399565563958463,9,0.6,0,0.911111111111111,0,0.6,0
1494,4,3,1.4792322319171247,0.05850852687512498,0,1.0,1,0.6666666666666669,0,0.6666666666666669,0
1495,8,4,10.161365290219448,0.28068180801187026,7,0.4999999999999999,0,0.9285714285714285,0,0.42857142857142855,0
1496,4,4,16.668385622577638,0.4676309623589699,2,0.3333333333333334,0,1.0,1,0.0,0
1497,5,5,4.071768139561722,0.06574745787416061,0,0.9999999999999999,1,0.7999999999999999,0,0.7999999999999999,0
1498,10,3,97.76419582086032,0.33838812881136027,6,0.7333333333333333,0,0.8666666666666666,0,0.6888888888888888,0
1499,4,4,5.970319298310764,0.2079529298947663,0,1.0,1,1.0,1,1.0,1
1500,6,5,2.162842049577686,0.0799969103098006,4,0.4666666666666666,0,0.7333333333333333,0,0.6,0
1501,10,3,6.2214229942727455,0.026660860512904998,0,0.9999999999999999,1,0.9999999999999999,1,0.9999999999999999,1
1502,8,5,11.577213547342334,0.4422176218978381,3,0.7857142857142856,0,0.9285714285714285,0,0.6428571428571428,0
1503,6,4,2.166904772136518,0.08396792888904736,0,0.9999999999999999,1,0.8666666666666666,0,0.9999999999999999,1
1504,6,3,4.243748116521171,0.26720011308932157,2,0.7333333333333333,0,0.8666666666666666,0,0.4666666666666666,0
1505,6,5,3.451221512242764,0.19293824542423746,2,0.7333333333333333,0,0.7333333333333333,0,0.7333333333333333,0
1506,4,5,2.1529956120210234,0.11524936614796007,0,1.0,1,0.6666666666666669,0,1.0,1
1507,6,3,2.071669352473277,0.1748018554860084,0,0.9999999999999999,1,0.7333333333333333,0,0.9999999999999999,1
1508,4,5,3.55247553896025,0.19474695674721662,1,0.6666666666666669,0,1.0,1,0.6666666666666669,0
1509,4,3,4.2320827858311985,0.23609497829360138,1,0.6666666666666669,0,1.0,1,0.6666666666666669,0
1510,5,4,5.777781124441208,0.08513447145993037,0,0.9999999999999999,1,0.7999999999999999,0,0.9999999999999999,1
1511,8,4,2.269358617086738,0.11569905956756588,1,0.9285714285714285,0,0.8571428571428571,0,0.9285714285714285,0
1512,8,4,2.2092005722601877,0.09154792281797981,3,0.7857142857142856,0,0.9285714285714285,0,0.8571428571428571,0
1513,6,5,3.848437496822001,0.19564486575999285,5,0.3333333333333333,0,0.4666666666666666,0,0.3333333333333333,0
1514,4,5,5.858021937477739,0.31300290920203516,0,1.0,1,0.6666666666666669,0,1.0,1
1515,4,4,14.441400929262015,0.33183524410955056,0,1.0,1,1.0,1,1.0,1
1516,4,5,3.334572906134699,0.053428578719002834,0,1.0,1,1.0,1,1.0,1
1517,4,3,19.416575260497684,0.3267744056981057,0,1.0,1,1.0,1,1.0,1
1518,5,4,2.613648948407694,0.13008396688204985,2,0.6,0,0.7999999999999999,0,0.19999999999999998,0
1519,6,4,32.16607934582914,0.2958965315139323,1,0.8666666666666666,0,0.9999999999999999,1,0.7333333333333333,0
1520,8,4,364.21734467242413,0.20406698159816433,4,0.7142857142857142,0,0.8571428571428571,0,0.7142857142857142,0
1521,5,3,8.692130560353556,0.10052223732088347,0,0.9999999999999999,1,0.9999999999999999,1,0.9999999999999999,1
1522,4,3,25.780154154675586,0.1837660249362048,0,1.0,1,1.0,1,1.0,1
1523,10,5,5.72084189170854,0.16543098736746414,6,0.7333333333333333,0,0.8222222222222221,0,0.7777777777777777,0
1524,6,5,42.386757018705794,0.10567430101761358,0,0.9999999999999999,1,0.8666666666666666,0,0.7333333333333333,0
1525,8,5,29.840428221176882,0.4855174489681392,10,0.2857142857142857,0,0.8571428571428571,0,0.14285714285714285,0
1526,10,5,5.010168474701069,0.3442620821602586,9,0.6,0,0.911111111111111,0,0.5111111111111111,0
1527,10,5,2.678237580912447,0.156699343239419,1,0.9555555555555554,0,0.9999999999999999,1,0.911111111111111,0
1528,8,5,6.348667222121256,0.227054402756646,4,0.7142857142857142,0,0.6428571428571428,0,0.7142857142857142,0
1529,4,3,6.236463796161429,0.3631228595262477,1,0.6666666666666669,0,1.0,1,0.6666666666666669,0
1530,8,4,3.977127256702874,0.31658401260489605,6,0.5714285714285714,0,0.9285714285714285,0,0.5714285714285714,0
1531,10,5,6.690704097872706,0.2146374448700733,3,0.8666666666666666,0,0.8666666666666666,0,0.7777777777777777,0
1532,5,5,46.1142945586857,0.2856104064637346,3,0.39999999999999997,0,0.7999999999999999,0,0.39999999999999997,0
1533,6,4,7.729397599922605,0.19711707404349235,3,0.6,0,0.7333333333333333,0,0.6,0
1534,5,3,12.935469360441532,0.14750766254405429,2,0.6,0,0.9999999999999999,1,0.6,0
1535,5,3,1.2207943137868693,0.018832221552639125,0,0.9999999999999999,1,0.9999999999999999,1,0.9999999999999999,1
1536,5,3,25.600235952123413,0.41265317042694477,5,0.0,0,0.9999999999999999,1,0.19999999999999998,0
1537,6,5,4.831095047509632,0.1628040686471294,1,0.8666666666666666,0,0.9999999999999999,1,0.7333333333333333,0
1538,10,4,4.500030320148961,0.22653276679567202,6,0.7333333333333333,0,0.6888888888888888,0,0.7333333333333333,0
1539,10,4,1.6632884331432585,0.051788949540347164,0,0.9999999999999999,1,0.9555555555555554,0,0.911111111111111,0
1540,4,3,6.930620756562419,0.22478691314893245,1,0.6666666666666669,0,1.0,1,0.6666666666666669,0
1541,10,5,1.890311391249168,0.054166327142120226,1,0.9555555555555554,0,0.8666666666666666,0,0.911111111111111,0
1542,4,5,4.322954012604638,0.03255878883634271,0,1.0,1,1.0,1,1.0,1
1543,10,4,17.99873137431417,0.30144711879973857,3,0.8666666666666666,0,0.911111111111111,0,0.911111111111111,0
1544,6,5,2.6273372854019965,0.20396072872010068,1,0.8666666666666666,0,0.9999999999999999,1,0.9999999999999999,1
1545,10,5,2.210042902776825,0.12042411997826162,6,0.7333333333333333,0,0.7777777777777777,0,0.7777777777777777,0
1546,10,4,43.704953792205316,0.475724205374442,12,0.4666666666666666,0,0.911111111111111,0,0.4666666666666666,0
1547,10,4,2.707749032222276,0.13020900553388828,3,0.8666666666666666,0,0.9555555555555554,0,0.6444444444444444,0
1548,8,5,5.733667192406908,0.11075222595950945,2,0.8571428571428571,0,0.8571428571428571,0,0.8571428571428571,0
1549,10,5,24.940195159838513,0.34656309361034915,9,0.6,0,0.8222222222222221,0,0.5111111111111111,0
1550,8,4,2.0370759393694433,0.1290277170828002,0,0.9999999999999998,1,0.9999999999999998,1,0.9999999999999998,1
1551,4,4,1.4798445282044803,0.012447727189076566,0,1.0,1,0.6666666666666669,0,0.6666666666666669,0
1552,10,5,3.363802034520415,0.18938835938173174,6,0.7333333333333333,0,0.8222222222222221,0,0.8222222222222221,0
1553,10,5,191.74560303060107,0.3001204087513947,9,0.6,0,0.8666666666666666,0,0.5555555555555555,0
1554,4,3,3.012248168457519,0.15787355427639688,0,1.0,1,1.0,1,1.0,1
1555,4,4,4.103773754925506,0.2456620088739429,0,1.0,1,0.6666666666666669,0,1.0,1
1556,8,4,16.454288706492104,0.4561755772181686,8,0.42857142857142855,0,0.7857142857142856,0,0.4999999999999999,0
1557,6,4,1.569930422818552,0.09351640588347125,2,0.7333333333333333,0,0.7333333333333333,0,0.6,0
1558,10,4,5.2531413438667,0.16384676672668638,6,0.7333333333333333,0,0.911111111111111,0,0.6888888888888888,0
1559,10,5,4.922900701113822,0.041586566879404444,1,0.9555555555555554,0,0.8666666666666666,0,0.8222222222222221,0
1560,4,3,16.272875415611857,0.5819723516027743,2,0.3333333333333334,0,1.0,1,0.3333333333333334,0
1561,4,5,5.897675364753592,0.13030135071819138,0,1.0,1,0.6666666666666669,0,0.6666666666666669,0
1562,5,5,3.0250293487931197,0.17878566006262359,5,0.0,0,0.7999999999999999,0,0.6,0
1563,10,3,8.190103923688431,0.21488739320734834,3,0.8666666666666666,0,0.8666666666666666,0,0.911111111111111,0
1564,4,5,2.8783901320685756,0.18337339799389113,1,0.6666666666666669,0,1.0,1,0.6666666666666669,0
1565,8,3,3.0712338145465234,0.186724619716154,6,0.5714285714285714,0,0.9999999999999998,1,0.6428571428571428,0
1566,10,4,29.50188993696109,0.20908063014107428,1,0.9555555555555554,0,0.9555555555555554,0,0.8666666666666666,0
1567,6,3,3.012047666318144,0.200433643152244,0,0.9999999999999999,1,0.9999999999999999,1,0.9999999999999999,1
1568,4,5,38.24594398765957,0.351156851291485,2,0.3333333333333334,0,1.0,1,0.3333333333333334,0
1569,8,5,25.599764664044176,0.14554613843940412,4,0.7142857142857142,0,0.9285714285714285,0,0.7857142857142856,0
1570,6,5,3.2845513399637536,0.20732372924909886,3,0.6,0,0.8666666666666666,0,0.6,0
1571,5,4,4.7955215767696275,0.2922150091965561,3,0.39999999999999997,0,0.7999999999999999,0,0.39999999999999997,0
1572,8,4,3.756625886010791,0.21854701470840793,4,0.7142857142857142,0,0.8571428571428571,0,0.7857142857142856,0
1573,10,5,21.796242834086673,0.40383063549972953,7,0.6888888888888888,0,0.8666666666666666,0,0.7333333333333333,0
1574,4,4,19.951627884444072,0.32643899051022146,0,1.0,1,1.0,1,1.0,1
1575,4,5,19.115590124771252,0.2479363503970507,0,1.0,1,1.0,1,1.0,1
1576,5,5,1.715839462904841,0.06839100304599101,0,0.9999999999999999,1,0.9999999999999999,1,0.9999999999999999,1
1577,4,5,9.822626967136383,0.2561473423767652,1,0.6666666666666669,0,1.0,1,0.3333333333333334,0
1578,5,4,4.689108823302114,0.18793629739757906,3,0.39999999999999997,0,0.7999999999999999,0,0.39999999999999997,0
1579,8,4,7.251230839573761,0.39160766416371884,10,0.2857142857142857,0,0.9999999999999998,1,0.14285714285714285,0
1580,5,4,2.5858921156122916,0.08871838859248365,0,0.9999999999999999,1,0.7999999999999999,0,0.7999999999999999,0
1581,10,5,473.72512341269305,0.2191552896654731,6,0.7333333333333333,0,0.9555555555555554,0,0.7777777777777777,0
1582,10,4,1.5181298013482463,0.05370972539576018,1,0.9555555555555554,0,0.911111111111111,0,0.9999999999999999,1
1583,8,4,6.736719740909218,0.10004875692616734,4,0.7142857142857142,0,0.9285714285714285,0,0.9285714285714285,0
1584,8,4,17.440323037958336,0.24693758776262106,2,0.8571428571428571,0,0.9999999999999998,1,0.9285714285714285,0
1585,5,3,56.659990065538274,0.5612049522009416,6,-0.19999999999999998,0,0.9999999999999999,1,-0.19999999999999998,0
1586,6,4,3.716750799295118,0.05433857274123821,0,0.9999999999999999,1,0.8666666666666666,0,0.9999999999999999,1
1587,4,3,3.9416802041895527,0.2557391890857535,1,0.6666666666666669,0,1.0,1,0.6666666666666669,0
1588,4,4,4.8547970833784,0.13169073393796663,1,0.6666666666666669,0,1.0,1,1.0,1
1589,10,5,16.487769834423773,0.3920937047861008,8,0.6444444444444444,0,0.8222222222222221,0,0.5555555555555555,0
1590,5,5,3.156181939737723,0.12141710975411288,1,0.7999999999999999,0,0.7999999999999999,0,0.7999999999999999,0
1591,10,3,3.3518110460766986,0.1505606084287561,5,0.7777777777777777,0,0.8666666666666666,0,0.7777777777777777,0
1592,5,3,5.327992803200011,0.3411713072396857,4,0.19999999999999998,0,0.6,0,0.0,0
1593,5,5,3.697636000391495,0.24554180701955078,1,0.7999999999999999,0,0.7999999999999999,0,0.7999999999999999,0
1594,4,4,5.200747881650898,0.15923964202188215,0,1.0,1,1.0,1,1.0,1
1595,6,4,7.853623396134561,0.19229301851363723,1,0.8666666666666666,0,0.9999999999999999,1,0.7333333333333333,0
1596,10,4,3.6556613902883033,0.2496268523516611,9,0.6,0,0.9555555555555554,0,0.5555555555555555,0
1597,8,3,1.0830404120134771,0.0030369615013796578,0,0.9999999999999998,1,0.9285714285714285,0,0.9285714285714285,0
1598,5,5,47.25983142883454,0.18166474031052607,0,0.9999999999999999,1,0.6,0,0.7999999999999999,0
1599,6,5,6.091303140011235,0.2756109389307831,0,0.9999999999999999,1,0.9999999999999999,1,0.9999999999999999,1
1600,8,4,2.761859510937612,0.24367887091133297,4,0.7142857142857142,0,0.9999999999999998,1,0.6428571428571428,0
1601,10,3,2.0550782555297986,0.16505618834172656,2,0.911111111111111,0,0.9555555555555554,0,0.911111111111111,0
1602,8,5,22.184197490684486,0.21564980318847501,2,0.8571428571428571,0,0.9285714285714285,0,0.5714285714285714,0
1603,6,4,4.839121705879298,0.23722038189768388,2,0.7333333333333333,0,0.6,0,0.7333333333333333,0
1604,4,5,32.00834158629528,0.13993171826443193,0,1.0,1,1.0,1,1.0,1
1605,10,5,58.29101597680233,0.45703985704049793,6,0.7333333333333333,0,0.911111111111111,0,0.6888888888888888,0
1606,10,3,1.995202103922548,0.030156503949043078,1,0.9555555555555554,0,0.911111111111111,0,0.9555555555555554,0
1607,6,4,4.244645293337102,0.3250428118248141,3,0.6,0,0.7333333333333333,0,0.3333333333333333,0
1608,4,4,2.510980167195724,0.2221036812325728,0,1.0,1,1.0,1,0.6666666666666669,0
1609,4,5,5.259592463611073,0.15750413536371488,1,0.6666666666666669,0,0.6666666666666669,0,0.3333333333333334,0
1610,6,4,2.809552596158132,0.12369877969393395,0,0.9999999999999999,1,0.9999999999999999,1,0.8666666666666666,0
1611,4,3,2.347370103212682,0.08994431520702692,0,1.0,1,1.0,1,1.0,1
1612,10,5,43.590809189988896,0.37141974716629444,14,0.37777777777777777,0,0.8222222222222221,0,0.3333333333333333,0
1613,6,3,1.713498933081415,0.06927805215867468,0,0.9999999999999999,1,0.9999999999999999,1,0.8666666666666666,0
1614,6,5,1.6187809963377915,0.07231532405196964,1,0.8666666666666666,0,0.7333333333333333,0,0.7333333333333333,0
1615,5,5,3.1782700120668883,0.25498490053297074,1,0.7999999999999999,0,0.7999999999999999,0,0.6,0
1616,8,5,2.2273533270747254,0.13911335777449235,8,0.42857142857142855,0,0.9285714285714285,0,0.4999999999999999,0
1617,10,5,38.978051558281635,0.5803783382633398,11,0.5111111111111111,0,0.911111111111111,0,0.5111111111111111,0
1618,6,3,16.36006959871654,0.4019612357187066,2,0.7333333333333333,0,0.9999999999999999,1,0.7333333333333333,0
1619,5,5,4.882826526568572,0.05591839952818138,1,0.7999999999999999,0,0.9999999999999999,1,0.9999999999999999,1
1620,8,5,5.235216932024091,0.22908124178400657,2,0.8571428571428571,0,0.8571428571428571,0,0.7857142857142856,0
1621,6,5,4.996933367623139,0.31843601905177255,2,0.7333333333333333,0,0.9999999999999999,1,0.6,0
1622,5,4,9.920801309274836,0.13422444086916016,1,0.7999999999999999,0,0.7999999999999999,0,0.6,0
1623,4,3,8.64742491452032,0.33893982633105013,2,0.3333333333333334,0,1.0,1,0.0,0
1624,10,4,33.554662653148796,0.3035007153344407,8,0.6444444444444444,0,0.8666666666666666,0,0.7333333333333333,0
1625,5,5,5.220998944786231,0.1429893967426869,0,0.9999999999999999,1,0.9999999999999999,1,0.7999999999999999,0
1626,6,4,4.313986159347401,0.1151274178494904,1,0.8666666666666666,0,0.7333333333333333,0,0.8666666666666666,0
1627,6,5,8.211903413445771,0.04332702866971816,0,0.9999999999999999,1,0.9999999999999999,1,0.8666666666666666,0
1628,4,5,33.59678552869558,0.1354549525196329,0,1.0,1,1.0,1,1.0,1
1629,6,3,4.605874511142353,0.2358844024802136,0,0.9999999999999999,1,0.9999999999999999,1,0.9999999999999999,1
1630,4,5,7.635876363304353,0.19652445140854177,0,1.0,1,1.0,1,0.6666666666666669,0
1631,5,5,31.133892605436436,0.32904899312160735,1,0.7999999999999999,0,0.9999999999999999,1,0.7999999999999999,0
1632,6,4,206.90320603379178,0.3861941395397177,1,0.8666666666666666,0,0.9999999999999999,1,0.8666666666666666,0
1633,8,5,31.94757769506773,0.44588289028299916,11,0.21428571428571427,0,0.8571428571428571,0,0.21428571428571427,0
1634,10,3,6.778840182663684,0.2642172248580521,8,0.6444444444444444,0,0.911111111111111,0,0.5555555555555555,0
1635,10,3,3.6522601759421423,0.08978407746180511,3,0.8666666666666666,0,0.911111111111111,0,0.8666666666666666,0
1636,8,3,2.328817580506468,0.0872144988272874,2,0.8571428571428571,0,0.7857142857142856,0,0.7142857142857142,0
1637,8,3,51.670172839629316,0.6390253553146545,7,0.4999999999999999,0,0.9999999999999998,1,0.42857142857142855,0
1638,8,4,4.7837663166093645,0.2192308687373747,4,0.7142857142857142,0,0.5714285714285714,0,0.7142857142857142,0
1639,5,5,2.8279075275191445,0.13337700293493082,0,0.9999999999999999,1,0.9999999999999999,1,0.9999999999999999,1
1640,6,5,2.260735692373222,0.08847943407072989,1,0.8666666666666666,0,0.9999999999999999,1,0.8666666666666666,0
1641,8,4,2.6096950468895876,0.11379528175379314,0,0.9999999999999998,1,0.9999999999999998,1,0.9285714285714285,0
1642,8,5,293.5696816137438,0.3069282271451703,8,0.42857142857142855,0,0.9285714285714285,0,0.42857142857142855,0
1643,8,5,28.415614591089444,0.28217162854096195,4,0.7142857142857142,0,0.9285714285714285,0,0.7142857142857142,0
1644,6,5,3.2603598191662666,0.1331535255538702,2,0.7333333333333333,0,0.9999999999999999,1,0.7333333333333333,0
1645,5,3,2.0890987221592274,0.11404054838490633,0,0.9999999999999999,1,0.9999999999999999,1,0.9999999999999999,1
1646,4,3,72.99977806533359,0.675348786061289,5,-0.6666666666666669,0,1.0,1,-0.6666666666666669,0
1647,10,5,10.739421178049897,0.41038480696352975,6,0.7333333333333333,0,0.8222222222222221,0,0.6444444444444444,0
1648,10,3,2.358164002046394,0.15163574843464872,8,0.6444444444444444,0,0.911111111111111,0,0.7777777777777777,0
1649,6,3,2.0372911532905906,0.10240880330012433,0,0.9999999999999999,1,0.9999999999999999,1,0.9999999999999999,1
1650,8,4,1.2202748003882995,0.0421778985965857,0,0.9999999999999998,1,0.9999999999999998,1,0.9285714285714285,0
1651,4,4,3.2477174875271833,0.16664416541102073,3,0.0,0,0.3333333333333334,0,-0.3333333333333334,0
1652,4,5,41.05447712846421,0.3256314348930839,2,0.3333333333333334,0,1.0,1,0.3333333333333334,0
1653,10,5,2.7197439707325906,0.09871908563075783,4,0.8222222222222221,0,0.7777777777777777,0,0.7777777777777777,0
1654,6,3,1.7326645383685133,0.05616178211173648,0,0.9999999999999999,1,0.9999999999999999,1,0.9999999999999999,1
1655,6,3,2.640609105672218,0.11934414983438374,0,0.9999999999999999,1,0.9999999999999999,1,0.9999999999999999,1
1656,6,5,31.648104814563926,0.33187805884316074,2,0.7333333333333333,0,0.8666666666666666,0,0.7333333333333333,0
1657,6,4,1.7583567438730534,0.0820974415830816,0,0.9999999999999999,1,0.9999999999999999,1,0.9999999999999999,1
1658,5,5,4.24705194452603,0.16116163751479096,0,0.9999999999999999,1,0.9999999999999999,1,0.7999999999999999,0
1659,10,5,1.8719882339482306,0.12122100200394285,2,0.911111111111111,0,0.911111111111111,0,0.7777777777777777,0
1660,5,3,3.4733081447673326,0.20677367676277306,0,0.9999999999999999,1,0.9999999999999999,1,0.7999999999999999,0
1661,8,5,5.024385949307705,0.20410130659876136,2,0.8571428571428571,0,0.9285714285714285,0,0.7142857142857142,0
1662,10,4,6.247539647699732,0.4024982550339281,11,0.5111111111111111,0,0.8222222222222221,0,0.4666666666666666,0
1663,6,4,154.86442451570954,0.27693813307708626,1,0.8666666666666666,0,0.8666666666666666,0,0.8666666666666666,0
1664,8,3,3.1245087227617563,0.2193756022444201,4,0.7142857142857142,0,0.9285714285714285,0,0.7142857142857142,0
1665,10,5,6.9236931202986405,0.25053921185443234,3,0.8666666666666666,0,0.911111111111111,0,0.8222222222222221,0
1666,6,4,1.7432791032803143,0.11552394288419213,2,0.7333333333333333,0,0.8666666666666666,0,0.4666666666666666,0
1667,4,5,8.0075581463215,0.15786783054348275,1,0.6666666666666669,0,0.6666666666666669,0,0.6666666666666669,0
1668,6,4,4.101256647559003,0.25412311793658277,2,0.7333333333333333,0,0.9999999999999999,1,0.6,0
1669,6,5,33.907461564713,0.26584667061094064,1,0.8666666666666666,0,0.8666666666666666,0,0.8666666666666666,0
1670,5,5,4.015646279456605,0.18954659570699495,2,0.6,0,0.9999999999999999,1,0.6,0
1671,5,5,103.30804792008094,0.2721591692006659,1,0.7999999999999999,0,0.7999999999999999,0,0.7999999999999999,0
1672,8,5,27.133194816170594,0.4257158976587699,11,0.21428571428571427,0,0.7857142857142856,0,0.07142857142857142,0
1673,4,3,1.971016466263334,0.07724289985138601,0,1.0,1,1.0,1,1.0,1
1674,4,4,6.7605137749232185,0.34008900653269497,1,0.6666666666666669,0,0.6666666666666669,0,0.6666666666666669,0
1675,10,4,2.3773906825820617,0.11341124933867353,5,0.7777777777777777,0,0.9999999999999999,1,0.7333333333333333,0
1676,5,5,5.935524626917069,0.3965779303893444,1,0.7999999999999999,0,0.7999999999999999,0,0.7999999999999999,0
1677,4,5,9.844638056702987,0.40821664071713837,1,0.6666666666666669,0,1.0,1,0.6666666666666669,0
1678,5,4,5.206313028205296,0.3126592767735913,2,0.6,0,0.7999999999999999,0,0.39999999999999997,0
1679,6,5,15.326608871879692,0.15091066069297981,1,0.8666666666666666,0,0.9999999999999999,1,0.7333333333333333,0
1680,4,4,46.93199820848588,0.1816593595602582,0,1.0,1,0.6666666666666669,0,1.0,1
1681,5,5,4.960046138895131,0.3122912282007609,4,0.19999999999999998,0,0.9999999999999999,1,0.19999999999999998,0
1682,4,3,1.9097543069653484,0.09820828793509062,1,0.6666666666666669,0,1.0,1,0.6666666666666669,0
1683,8,3,4.898117129966494,0.28081208165116966,8,0.42857142857142855,0,0.9285714285714285,0,0.14285714285714285,0
1684,6,5,1.6306283328885371,0.050487127111774985,0,0.9999999999999999,1,0.8666666666666666,0,0.9999999999999999,1
1685,10,5,3.446790435787914,0.04377181330619195,2,0.911111111111111,0,0.8222222222222221,0,0.911111111111111,0
1686,4,5,29.031844549925914,0.21084425842161256,0,1.0,1,0.6666666666666669,0,0.6666666666666669,0
1687,6,4,25.63498456510763,0.16931468357548152,0,0.9999999999999999,1,0.9999999999999999,1,0.9999999999999999,1
1688,10,3,8.416888895843254,0.22444332311698656,4,0.8222222222222221,0,0.8666666666666666,0,0.8222222222222221,0
1689,8,5,560.1771044188696,0.39624180009225385,7,0.4999999999999999,0,0.9999999999999998,1,0.42857142857142855,0
1690,6,5,17.99942980464616,0.4090742522997319,4,0.4666666666666666,0,0.8666666666666666,0,0.4666666666666666,0
1691,6,5,19.524999908528056,0.42592576566862383,3,0.6,0,0.8666666666666666,0,0.4666666666666666,0
1692,6,4,3.1202717228747834,0.18841359183647974,0,0.9999999999999999,1,0.8666666666666666,0,0.8666666666666666,0
1693,8,5,10.13676848362986,0.402944239249309,9,0.3571428571428571,0,0.9285714285714285,0,0.21428571428571427,0
1694,6,5,33.970144582934914,0.26111966669178793,4,0.4666666666666666,0,0.8666666666666666,0,0.4666666666666666,0
1695,10,4,1.7064186779984443,0.11329184756844829,3,0.8666666666666666,0,0.911111111111111,0,0.911111111111111,0
1696,6,4,1.5429176953864672,0.07059456195791732,1,0.8666666666666666,0,0.8666666666666666,0,0.7333333333333333,0
1697,10,4,3.380217993610245,0.12668670137262356,5,0.7777777777777777,0,0.9555555555555554,0,0.7777777777777777,0
1698,5,5,5.36770567584882,0.15370356582539782,1,0.7999999999999999,0,0.7999999999999999,0,0.6,0
1699,8,5,5.602051630244309,0.28502443710010616,4,0.7142857142857142,0,0.8571428571428571,0,0.6428571428571428,0
1700,10,4,3.765994364781552,0.1835824628152435,2,0.911111111111111,0,0.8666666666666666,0,0.7777777777777777,0
1701,6,5,5.660267715551095,0.14638444334139275,2,0.7333333333333333,0,0.9999999999999999,1,0.7333333333333333,0
1702,6,5,2.699714235661228,0.08007982714458321,1,0.8666666666666666,0,0.9999999999999999,1,0.8666666666666666,0
1703,10,4,6.315002935379793,0.2799749718164913,11,0.5111111111111111,0,0.911111111111111,0,0.4666666666666666,0
1704,6,4,1.7448137293771442,0.11074972701728153,0,0.9999999999999999,1,0.8666666666666666,0,0.9999999999999999,1
1705,8,3,4.824719438297646,0.11224176557575002,2,0.8571428571428571,0,0.9999999999999998,1,0.8571428571428571,0
1706,10,3,1.2547451121689328,0.027663526649480172,1,0.9555555555555554,0,0.9999999999999999,1,0.9555555555555554,0
1707,4,5,2.7880757807639425,0.11011618053884686,1,0.6666666666666669,0,1.0,1,1.0,1
1708,6,3,2.838267343123702,0.21233747487246163,0,0.9999999999999999,1,0.9999999999999999,1,0.8666666666666666,0
1709,4,5,5.489211421814692,0.07098031151728898,0,1.0,1,1.0,1,1.0,1
1710,5,5,3.429812853503183,0.13428546605376362,1,0.7999999999999999,0,0.9999999999999999,1,0.6,0
1711,6,4,6.743493306697861,0.06613352381444565,1,0.8666666666666666,0,0.8666666666666666,0,0.8666666666666666,0
1712,5,3,2.1052648660369555,0.11823167608872771,1,0.7999999999999999,0,0.9999999999999999,1,0.7999999999999999,0
1713,10,3,8.248432381898509,0.46110320397200666,10,0.5555555555555555,0,0.9999999999999999,1,0.6,0
1714,4,5,3.0450511955518014,0.16752781992416543,1,0.6666666666666669,0,0.6666666666666669,0,0.6666666666666669,0
1715,8,4,37.26289127219492,0.4162011432490816,7,0.4999999999999999,0,0.9285714285714285,0,0.4999999999999999,0
1716,8,3,1.856103866536551,0.08678123464247779,0,0.9999999999999998,1,0.9999999999999998,1,0.9999999999999998,1
1717,5,4,6.419961174545414,0.15522916767896452,1,0.7999999999999999,0,0.6,0,0.39999999999999997,0
1718,6,5,13.264138737047833,0.3220980502095567,5,0.3333333333333333,0,0.8666666666666666,0,0.3333333333333333,0
1719,10,3,4.247282135363262,0.23367597107265073,4,0.8222222222222221,0,0.911111111111111,0,0.7777777777777777,0
1720,6,5,31.627137103466882,0.23429571791539527,2,0.7333333333333333,0,0.7333333333333333,0,0.6,0
1721,10,5,4.752536470746545,0.2975622469504348,10,0.5555555555555555,0,0.6888888888888888,0,0.28888888888888886,0
1722,5,3,2.285703380397086,0.12968084850688388,1,0.7999999999999999,0,0.9999999999999999,1,0.7999999999999999,0
1723,10,5,22.044063949769523,0.13052080145621917,2,0.911111111111111,0,0.9555555555555554,0,0.8222222222222221,0
1724,5,5,26.807627145123565,0.44159990126040505,7,-0.39999999999999997,0,0.9999999999999999,1,-0.39999999999999997,0
1725,10,4,3.4705035978653087,0.13295265997112515,3,0.8666666666666666,0,0.9999999999999999,1,0.8666666666666666,0
1726,6,3,2.0761230176718968,0.06999556683214236,1,0.8666666666666666,0,0.9999999999999999,1,0.9999999999999999,1
1727,10,3,1.7123492081828746,0.059728240076058405,3,0.8666666666666666,0,0.911111111111111,0,0.7777777777777777,0
1728,6,4,17.930355393303074,0.2843419565387503,2,0.7333333333333333,0,0.9999999999999999,1,0.8666666666666666,0
1729,6,3,1.4716051377490966,0.061572458298376445,0,0.9999999999999999,1,0.7333333333333333,0,0.7333333333333333,0
1730,10,4,10.526867155831622,0.07736303044224824,2,0.911111111111111,0,0.911111111111111,0,0.8666666666666666,0
1731,6,3,9.503131209528393,0.3117438530437461,4,0.4666666666666666,0,0.9999999999999999,1,0.4666666666666666,0
1732,6,3,2.185991582566873,0.08274082327790613,1,0.8666666666666666,0,0.9999999999999999,1,0.9999999999999999,1
1733,10,5,8.394385032033282,0.135842433235414,3,0.8666666666666666,0,0.8222222222222221,0,0.8666666666666666,0
1734,4,5,178.57801992445667,0.6030258429377837,3,0.0,0,1.0,1,-0.3333333333333334,0
1735,4,3,7.933057458086237,0.4126708758767873,2,0.3333333333333334,0,1.0,1,0.3333333333333334,0
1736,5,4,926.7271931054587,0.12836986518345325,0,0.9999999999999999,1,0.9999999999999999,1,0.9999999999999999,1
1737,8,3,12.412124148415739,0.1552832002404027,2,0.8571428571428571,0,0.9999999999999998,1,0.8571428571428571,0
1738,8,4,1.8575002070697952,0.1255874151296999,3,0.7857142857142856,0,0.9285714285714285,0,0.8571428571428571,0
1739,5,4,2.6391337929175327,0.1165142690837689,3,0.39999999999999997,0,0.6,0,0.6,0
1740,5,4,29.436922960122303,0.487508709989159,1,0.7999999999999999,0,0.7999999999999999,0,0.6,0
1741,6,3,63.48055313706537,0.3688437588343543,7,0.06666666666666665,0,0.7333333333333333,0,0.06666666666666665,0
1742,6,4,6.342270560087264,0.2701114876536914,2,0.7333333333333333,0,0.9999999999999999,1,0.7333333333333333,0
1743,6,3,2.0132370929142334,0.13921285623316618,2,0.7333333333333333,0,0.9999999999999999,1,0.7333333333333333,0
1744,6,5,33.13018687318421,0.36421239584602116,3,0.6,0,0.7333333333333333,0,0.7333333333333333,0
1745,10,3,5.493304778520049,0.13958900011399256,6,0.7333333333333333,0,0.8222222222222221,0,0.7333333333333333,0
1746,10,4,1.9634473451500947,0.06905626368317572,0,0.9999999999999999,1,0.911111111111111,0,0.8666666666666666,0
1747,5,4,5.680489652963713,0.3934123792353354,0,0.9999999999999999,1,0.7999999999999999,0,0.9999999999999999,1
1748,10,3,1.4404791467432256,0.08081332247923201,2,0.911111111111111,0,0.911111111111111,0,0.8222222222222221,0
1749,6,5,4.7102649240996834,0.09162162691121663,0,0.9999999999999999,1,0.8666666666666666,0,0.9999999999999999,1
1750,8,4,5.413531176225196,0.2586870382612633,3,0.7857142857142856,0,0.9285714285714285,0,0.7142857142857142,0
1751,5,5,44.02515005612158,0.3041668462866699,3,0.39999999999999997,0,0.6,0,0.39999999999999997,0
1752,6,5,5.512605041321423,0.30337215129099937,2,0.7333333333333333,0,0.7333333333333333,0,0.6,0
1753,6,5,3.936953503828816,0.17986397167267992,2,0.7333333333333333,0,0.8666666666666666,0,0.7333333333333333,0
1754,4,5,2.405965903524105,0.17220291769349663,1,0.6666666666666669,0,1.0,1,0.6666666666666669,0
1755,8,5,1.53607633806666,0.06482652537713754,1,0.9285714285714285,0,0.7857142857142856,0,0.7857142857142856,0
1756,5,4,116.79919323088282,0.12973868000666702,2,0.6,0,0.7999999999999999,0,0.7999999999999999,0
1757,6,4,4.396163148058854,0.25916684979708815,3,0.6,0,0.8666666666666666,0,0.4666666666666666,0
1758,5,5,11.707132179166857,0.06182304078237409,3,0.39999999999999997,0,0.6,0,0.39999999999999997,0
1759,4,4,11.08482360366982,0.30986452195109404,0,1.0,1,1.0,1,1.0,1
1760,5,4,11.002859677622508,0.21419597415121783,1,0.7999999999999999,0,0.9999999999999999,1,0.7999999999999999,0
1761,6,5,12.771065746244904,0.2495010533908501,1,0.8666666666666666,0,0.8666666666666666,0,0.8666666666666666,0
1762,4,3,2.2966220272836684,0.19665468363340216,0,1.0,1,0.6666666666666669,0,1.0,1
1763,4,5,4.765441852244072,0.11016726855622465,0,1.0,1,1.0,1,1.0,1
1764,4,3,2.1357965170480524,0.031550665328638774,0,1.0,1,1.0,1,0.6666666666666669,0
1765,10,3,2.4363203303099916,0.07806909712315305,0,0.9999999999999999,1,0.9555555555555554,0,0.9999999999999999,1
1766,5,3,5.614408806781468,0.3291122540722767,1,0.7999999999999999,0,0.9999999999999999,1,0.7999999999999999,0
1767,4,5,4.128607424756465,0.16247273635646145,0,1.0,1,1.0,1,1.0,1
1768,8,3,2.771106887358092,0.1080945724262138,1,0.9285714285714285,0,0.9999999999999998,1,0.9285714285714285,0
1769,5,5,4.630290865885607,0.07335720663918367,0,0.9999999999999999,1,0.7999999999999999,0,0.7999999999999999,0
1770,4,4,17.404040399481282,0.15923719914466455,1,0.6666666666666669,0,1.0,1,0.6666666666666669,0
1771,4,4,4.723582492378271,0.15530391340314414,0,1.0,1,1.0,1,1.0,1
1772,5,3,16.642353935715885,0.4503508575533809,1,0.7999999999999999,0,0.9999999999999999,1,0.6,0
1773,5,5,3.391910717655916,0.1929159596391273,0,0.9999999999999999,1,0.9999999999999999,1,0.9999999999999999,1
1774,6,4,2.673619616382607,0.14276039845817967,0,0.9999999999999999,1,0.8666666666666666,0,0.7333333333333333,0
1775,8,4,4.8412580802867495,0.14283429695587438,2,0.8571428571428571,0,0.9285714285714285,0,0.9285714285714285,0
1776,10,4,1.4665411267475748,0.04144831824594683,2,0.911111111111111,0,0.911111111111111,0,0.8222222222222221,0
1777,10,5,25.0880674955274,0.2759135679088078,6,0.7333333333333333,0,0.8222222222222221,0,0.8222222222222221,0
1778,10,5,2.6727952326273337,0.05467352933304207,1,0.9555555555555554,0,0.9999999999999999,1,0.911111111111111,0
1779,6,4,4.220306326477238,0.09501546987752113,1,0.8666666666666666,0,0.7333333333333333,0,0.8666666666666666,0
1780,8,3,1.4752412929735506,0.013012946511045228,0,0.9999999999999998,1,0.9999999999999998,1,0.9999999999999998,1
1781,8,3,3.6157896622165793,0.016142720479233864,1,0.9285714285714285,0,0.9285714285714285,0,0.9285714285714285,0
1782,6,5,10.614760701195902,0.41293042095762655,6,0.2,0,0.8666666666666666,0,0.2,0
1783,6,3,1.5013693482804011,0.046325032277894,1,0.8666666666666666,0,0.9999999999999999,1,0.8666666666666666,0
1784,5,3,1.5339231943356215,0.062154397916093534,0,0.9999999999999999,1,0.9999999999999999,1,0.9999999999999999,1
1785,6,4,76.44205487025332,0.14140112279367464,2,0.7333333333333333,0,0.9999999999999999,1,0.7333333333333333,0
1786,4,3,2.1674611514530033,0.17941548234657312,0,1.0,1,1.0,1,0.6666666666666669,0
1787,5,4,4.809331054818622,0.1884780046925998,1,0.7999999999999999,0,0.9999999999999999,1,0.7999999999999999,0
1788,4,4,16.8165005114243,0.10839277708457913,1,0.6666666666666669,0,0.6666666666666669,0,0.6666666666666669,0
1789,8,4,68.36186179276815,0.4154856479880687,8,0.42857142857142855,0,0.9999999999999998,1,0.42857142857142855,0
1790,5,5,2.2812868654159857,0.11332066635150369,1,0.7999999999999999,0,0.9999999999999999,1,0.9999999999999999,1
1791,8,4,1.3322624074208735,0.0410714649795533,1,0.9285714285714285,0,0.8571428571428571,0,0.8571428571428571,0
1792,4,3,9.164541580525446,0.2776093335624213,2,0.3333333333333334,0,1.0,1,0.3333333333333334,0
1793,4,3,1.1898501171325513,0.032155632192554164,0,1.0,1,1.0,1,1.0,1
1794,10,5,4.511992087641888,0.03897309815127441,1,0.9555555555555554,0,0.8222222222222221,0,0.8222222222222221,0
1795,8,5,8.204813749829501,0.32555174098484896,4,0.7142857142857142,0,0.9285714285714285,0,0.5714285714285714,0
1796,8,4,7.092645016222044,0.25831657939557584,2,0.8571428571428571,0,0.9285714285714285,0,0.7857142857142856,0
1797,4,4,2.322804932033407,0.09476027706958702,3,0.0,0,1.0,1,0.0,0
1798,5,3,3.8186126578802666,0.2770722297476049,1,0.7999999999999999,0,0.7999999999999999,0,0.6,0
1799,4,4,1.6270924379761458,0.10315938559114968,0,1.0,1,1.0,1,1.0,1
1800,8,3,1.9563211551443747,0.08363249717266061,0,0.9999999999999998,1,0.9999999999999998,1,0.9999999999999998,1
1801,5,3,1.6518565755600463,0.09853570197428255,2,0.6,0,0.9999999999999999,1,0.6,0
1802,8,3,28.72393821563322,0.31386006010248835,3,0.7857142857142856,0,0.9999999999999998,1,0.6428571428571428,0
1803,6,4,3.907917520637224,0.20586790587446205,2,0.7333333333333333,0,0.8666666666666666,0,0.6,0
1804,10,3,3.0987916615284115,0.14200626845582578,4,0.8222222222222221,0,0.7777777777777777,0,0.6,0
1805,5,3,1.2300649412931102,0.033505970469284094,0,0.9999999999999999,1,0.9999999999999999,1,0.9999999999999999,1
1806,10,4,1.5579233214039665,0.04595452848161258,0,0.9999999999999999,1,0.9555555555555554,0,0.9555555555555554,0
1807,4,4,175.6793629289491,0.39990631097543844,1,0.6666666666666669,0,1.0,1,1.0,1
1808,10,4,6.867306350165419,0.3221540866428397,7,0.6888888888888888,0,0.911111111111111,0,0.5555555555555555,0
1809,6,4,30.083995628706635,0.08464149739478044,2,0.7333333333333333,0,0.9999999999999999,1,0.6,0
1810,10,5,10.889757450586682,0.1199371968592732,3,0.8666666666666666,0,0.8666666666666666,0,0.8666666666666666,0
1811,4,3,1.8904845636480023,0.06556693821931524,1,0.6666666666666669,0,1.0,1,0.6666666666666669,0
1812,5,3,2.028620863612792,0.05604783498641644,1,0.7999999999999999,0,0.7999999999999999,0,0.7999999999999999,0
1813,8,3,1.439945373670604,0.02788947258812287,1,0.9285714285714285,0,0.7142857142857142,0,0.7857142857142856,0
1814,8,3,2.2070602473190517,0.1458506976267859,3,0.7857142857142856,0,0.9285714285714285,0,0.7142857142857142,0
1815,5,5,1.9218149775487552,0.07192885581785914,0,0.9999999999999999,1,0.7999999999999999,0,0.7999999999999999,0
1816,6,3,1.2172866901398227,0.021734458100199187,0,0.9999999999999999,1,0.9999999999999999,1,0.9999999999999999,1
1817,10,5,258.44893432478165,0.3365973224509571,9,0.6,0,0.911111111111111,0,0.5555555555555555,0
1818,8,4,4.1384937653461105,0.18004037812992774,1,0.9285714285714285,0,0.7857142857142856,0,0.7857142857142856,0
1819,6,5,6.346563940610286,0.23723429741763308,2,0.7333333333333333,0,0.7333333333333333,0,0.6,0
1820,6,5,7.162515695902897,0.26136474506991947,1,0.8666666666666666,0,0.9999999999999999,1,0.8666666666666666,0
1821,4,5,2.435132469802177,0.08047589589649082,0,1.0,1,1.0,1,0.6666666666666669,0
1822,10,4,31.748421130774645,0.14633650301762557,9,0.6,0,0.911111111111111,0,0.5555555555555555,0
1823,10,4,1.6380864251932503,0.07461022115005853,2,0.911111111111111,0,0.8222222222222221,0,0.8666666666666666,0
1824,4,5,80.73577542537845,0.44857575444616354,1,0.6666666666666669,0,0.6666666666666669,0,0.6666666666666669,0
1825,6,3,2.8593298887874083,0.24899592644382412,5,0.3333333333333333,0,0.9999999999999999,1,0.3333333333333333,0
1826,4,5,2.0077115709127975,0.1014925894198138,0,1.0,1,1.0,1,1.0,1
1827,4,5,5.0341412076352645,0.2216048916754939,0,1.0,1,1.0,1,1.0,1
1828,8,5,6.268873138263524,0.08600773776358175,1,0.9285714285714285,0,0.9999999999999998,1,0.8571428571428571,0
1829,8,5,18.04950580026774,0.12957622715935013,4,0.7142857142857142,0,0.9285714285714285,0,0.7857142857142856,0
1830,6,4,10.523418580392956,0.3457826091429899,2,0.7333333333333333,0,0.8666666666666666,0,0.4666666666666666,0
1831,10,5,5.130801515689167,0.12380363243597375,4,0.8222222222222221,0,0.9555555555555554,0,0.8222222222222221,0
1832,6,5,7.342621524043225,0.4142221361973731,5,0.3333333333333333,0,0.9999999999999999,1,0.3333333333333333,0
1833,5,3,5.928587211802795,0.07890021323814075,0,0.9999999999999999,1,0.9999999999999999,1,0.9999999999999999,1
1834,4,3,7.796833857996777,0.39656070345393546,2,0.3333333333333334,0,1.0,1,0.3333333333333334,0
1835,10,3,6.079122661869116,0.2781539677909741,4,0.8222222222222221,0,0.9555555555555554,0,0.911111111111111,0
1836,5,5,43.744459373249235,0.3960658415801215,2,0.6,0,0.9999999999999999,1,0.6,0
1837,6,5,8.176438738797348,0.1393926863058564,1,0.8666666666666666,0,0.4666666666666666,0,0.7333333333333333,0
1838,6,5,26.714352982773622,0.5529888710592488,8,-0.06666666666666665,0,0.8666666666666666,0,-0.3333333333333333,0
1839,6,4,3.196247112384362,0.06422607434993041,1,0.8666666666666666,0,0.9999999999999999,1,0.8666666666666666,0
1840,8,4,23.702459624276113,0.19440468349106463,0,0.9999999999999998,1,0.9285714285714285,0,0.9285714285714285,0
1841,8,3,4.5339750499262195,0.24123330225935188,2,0.8571428571428571,0,0.9285714285714285,0,0.8571428571428571,0
1842,8,5,4.434392909628886,0.13632499779120474,1,0.9285714285714285,0,0.9285714285714285,0,0.9285714285714285,0
1843,5,5,1.4724538739963513,0.06793676470824074,0,0.9999999999999999,1,0.9999999999999999,1,0.9999999999999999,1
1844,8,5,4.2411708325233555,0.11443491123308312,1,0.9285714285714285,0,0.7857142857142856,0,0.6428571428571428,0
1845,5,5,5.277992483768645,0.27361952237619475,1,0.7999999999999999,0,0.7999999999999999,0,0.7999999999999999,0
1846,6,5,12.550009637781772,0.40569247442966455,3,0.6,0,0.9999999999999999,1,0.6,0
1847,8,4,1.4965168538519438,0.0374577222352975,1,0.9285714285714285,0,0.8571428571428571,0,0.8571428571428571,0
1848,10,3,20.983325519052027,0.24868972004304896,10,0.5555555555555555,0,0.8666666666666666,0,0.5555555555555555,0
1849,10,5,6.521443972936949,0.34451262291771545,5,0.7777777777777777,0,0.7333333333333333,0,0.7333333333333333,0
1850,10,3,17.46360578836045,0.07205772229773784,3,0.8666666666666666,0,0.8222222222222221,0,0.8666666666666666,0
1851,10,3,4.414067028422184,0.19455249364282576,6,0.7333333333333333,0,0.9555555555555554,0,0.911111111111111,0
1852,10,3,7.605336896727099,0.25899100573168365,7,0.6888888888888888,0,0.9555555555555554,0,0.6888888888888888,0
1853,5,5,6.3456925920756975,0.19340176417413307,0,0.9999999999999999,1,0.9999999999999999,1,0.9999999999999999,1
1854,4,4,3.2525320140270697,0.05920382539991158,0,1.0,1,0.6666666666666669,0,1.0,1
1855,5,3,32.29782717470907,0.382883068493338,1,0.7999999999999999,0,0.7999999999999999,0,0.7999999999999999,0
1856,8,5,2.1836899874287976,0.06586968611093974,1,0.9285714285714285,0,0.9285714285714285,0,0.8571428571428571,0
1857,8,5,8.513474082263953,0.3150448280795147,2,0.8571428571428571,0,0.9285714285714285,0,0.8571428571428571,0
1858,6,4,10.30380742959753,0.3168838631291379,2,0.7333333333333333,0,0.8666666666666666,0,0.6,0
1859,10,5,32.363730459886646,0.4241159347318007,12,0.4666666666666666,0,0.8222222222222221,0,0.3333333333333333,0
1860,10,4,1.5442934055952282,0.08536214476432669,0,0.9999999999999999,1,0.9999999999999999,1,0.9555555555555554,0
1861,6,4,11.342438540041094,0.14723661511143926,5,0.3333333333333333,0,0.6,0,0.2,0
1862,4,4,34.587090517558536,0.43930329578114513,1,0.6666666666666669,0,1.0,1,0.6666666666666669,0
1863,4,4,21.055820977764224,0.3546841420633593,1,0.6666666666666669,0,1.0,1,0.6666666666666669,0
1864,6,5,43.12659617911382,0.2602608078079133,5,0.3333333333333333,0,0.4666666666666666,0,0.4666666666666666,0
1865,8,5,2.7082921471139167,0.04157855713224114,0,0.9999999999999998,1,0.7857142857142856,0,0.7857142857142856,0
1866,6,3,3.319938524184985,0.16963348985583826,2,0.7333333333333333,0,0.9999999999999999,1,0.7333333333333333,0
1867,8,5,4.264762756268475,0.27933580845578854,1,0.9285714285714285,0,0.8571428571428571,0,0.8571428571428571,0
1868,4,5,75.39915084165152,0.44252538577146794,2,0.3333333333333334,0,1.0,1,0.3333333333333334,0
1869,8,4,7.930404779788985,0.18472924744982544,1,0.9285714285714285,0,0.9285714285714285,0,0.8571428571428571,0
1870,4,5,2.583298417984859,0.12570398214278028,0,1.0,1,1.0,1,1.0,1
1871,8,4,3.355911346307658,0.20825523295596904,2,0.8571428571428571,0,0.9999999999999998,1,0.7857142857142856,0
1872,4,5,14.30436519021438,0.24438087031052091,0,1.0,1,0.6666666666666669,0,0.6666666666666669,0
1873,5,3,13.956798354453806,0.42396566885920817,4,0.19999999999999998,0,0.9999999999999999,1,0.19999999999999998,0
1874,4,5,6.519579328604413,0.25154673335979266,1,0.6666666666666669,0,0.6666666666666669,0,0.6666666666666669,0
1875,6,3,3.849161360591874,0.09381792636554251,0,0.9999999999999999,1,0.9999999999999999,1,0.9999999999999999,1
1876,5,4,10.499058437546848,0.27810073112473155,3,0.39999999999999997,0,0.9999999999999999,1,0.6,0
1877,4,3,2.916084492837811,0.18343900063094568,2,0.3333333333333334,0,1.0,1,0.3333333333333334,0
1878,6,4,2.458712970857028,0.07845887870473697,1,0.8666666666666666,0,0.9999999999999999,1,0.8666666666666666,0
1879,8,3,1.7667001976579022,0.09795307152698002,1,0.9285714285714285,0,0.8571428571428571,0,0.7857142857142856,0
1880,8,3,6.441041065843508,0.251885645043343,2,0.8571428571428571,0,0.9285714285714285,0,0.8571428571428571,0
1881,5,4,15.36312145886828,0.17813613917365717,0,0.9999999999999999,1,0.7999999999999999,0,0.9999999999999999,1
1882,8,4,4.625010390926984,0.12340088683336499,3,0.7857142857142856,0,0.9999999999999998,1,0.7857142857142856,0
1883,5,3,5.54179407614595,0.3706079866230983,2,0.6,0,0.9999999999999999,1,0.6,0
1884,5,3,2.016430097662703,0.09067429370902555,1,0.7999999999999999,0,0.7999999999999999,0,0.7999999999999999,0
1885,5,4,1.8738929497428654,0.0995688979890319,0,0.9999999999999999,1,0.7999999999999999,0,0.7999999999999999,0
1886,8,4,48.0650381627123,0.07704630541541341,1,0.9285714285714285,0,0.9285714285714285,0,0.9285714285714285,0
1887,5,4,11.581950875015307,0.18803736419950878,3,0.39999999999999997,0,0.9999999999999999,1,0.39999999999999997,0
1888,10,5,5.002323291495173,0.2928977773295443,15,0.3333333333333333,0,0.8222222222222221,0,0.5111111111111111,0
1889,8,5,3.6368577581237203,0.09011933269101309,0,0.9999999999999998,1,0.8571428571428571,0,0.8571428571428571,0
1890,4,3,1.0811067540498143,0.006993601838084951,0,1.0,1,1.0,1,1.0,1
1891,8,5,2.640336281926167,0.08281099498576018,1,0.9285714285714285,0,0.9999999999999998,1,0.9285714285714285,0
1892,4,5,4.805752461568907,0.08298430528830793,0,1.0,1,1.0,1,1.0,1
1893,4,4,8.054920745754481,0.3897793188936019,2,0.3333333333333334,0,1.0,1,-0.3333333333333334,0
1894,6,4,1.5250025422557068,0.09025712189217913,0,0.9999999999999999,1,0.9999999999999999,1,0.8666666666666666,0
1895,8,4,152.67541698750566,0.27698249489863935,3,0.7857142857142856,0,0.9285714285714285,0,0.8571428571428571,0
1896,8,3,10.580257095303702,0.2462259029251733,4,0.7142857142857142,0,0.9285714285714285,0,0.5714285714285714,0
1897,10,3,1.5439961345317714,0.08851162798250248,2,0.911111111111111,0,0.911111111111111,0,0.7777777777777777,0
1898,6,3,6.61539876295034,0.25572739223844454,1,0.8666666666666666,0,0.9999999999999999,1,0.8666666666666666,0
1899,10,5,6.513791109001076,0.18994379619110985,2,0.911111111111111,0,0.8666666666666666,0,0.9999999999999999,1
1900,4,3,7.966023876671124,0.18654351326531204,0,1.0,1,1.0,1,1.0,1
1901,5,4,8.06793307934831,0.36033164916531824,2,0.6,0,0.9999999999999999,1,0.7999999999999999,0
1902,4,4,13.541345175336387,0.08078268086118129,0,1.0,1,1.0,1,1.0,1
1903,5,5,169.28667798078587,0.3536018677714892,3,0.39999999999999997,0,0.9999999999999999,1,0.39999999999999997,0
1904,6,3,6.591595065052593,0.11355690920907789,3,0.6,0,0.7333333333333333,0,0.4666666666666666,0
1905,5,5,8.875067383444977,0.3132485104519377,2,0.6,0,0.9999999999999999,1,0.39999999999999997,0
1906,10,5,2.7717669233403543,0.10961514173910034,2,0.911111111111111,0,0.911111111111111,0,0.8222222222222221,0
1907,10,4,2.9435824678391245,0.13452292992578846,6,0.7333333333333333,0,0.8666666666666666,0,0.7333333333333333,0
1908,4,4,9.739252669828273,0.2171677522885851,1,0.6666666666666669,0,1.0,1,0.6666666666666669,0
1909,4,5,64.82950532400197,0.12873953467267651,1,0.6666666666666669,0,1.0,1,0.6666666666666669,0
1910,6,5,27.417407423428493,0.5298094274421181,7,0.06666666666666665,0,0.8666666666666666,0,0.2,0
1911,10,4,1.6839566361910911,0.09233340123792685,1,0.9555555555555554,0,0.911111111111111,0,0.9555555555555554,0
1912,4,4,4.938921142933512,0.2133681185513573,0,1.0,1,1.0,1,1.0,1
1913,8,5,26.685984091123665,0.38918486377335376,14,0.0,0,0.9285714285714285,0,-0.14285714285714285,0
1914,6,5,7.448356365813226,0.1970320077260234,1,0.8666666666666666,0,0.9999999999999999,1,0.7333333333333333,0
1915,4,4,11.47986487886344,0.38132000651488385,1,0.6666666666666669,0,0.6666666666666669,0,0.6666666666666669,0
1916,10,3,1.4766527032351342,0.056339377998740794,2,0.911111111111111,0,0.9555555555555554,0,0.8666666666666666,0
1917,5,5,10.247678155135958,0.1611306864742585,2,0.6,0,0.9999999999999999,1,0.6,0
1918,4,3,3.400599161352175,0.203631750461235,1,0.6666666666666669,0,1.0,1,0.3333333333333334,0
1919,5,3,6.178528756499785,0.21521746799777752,0,0.9999999999999999,1,0.9999999999999999,1,0.9999999999999999,1
1920,6,4,7.284382759045211,0.09036707757932255,1,0.8666666666666666,0,0.9999999999999999,1,0.9999999999999999,1
1921,8,3,2.983810255026649,0.14320808291590137,1,0.9285714285714285,0,0.9285714285714285,0,0.7857142857142856,0
1922,5,3,28.131684282512936,0.3462735285541754,0,0.9999999999999999,1,0.7999999999999999,0,0.7999999999999999,0
1923,5,3,1.8961525785992757,0.13725196056519154,2,0.6,0,0.6,0,0.6,0
1924,8,4,35.279697965739295,0.14339505131371053,1,0.9285714285714285,0,0.8571428571428571,0,0.9285714285714285,0
1925,5,3,3.203848747589428,0.23096185112667372,0,0.9999999999999999,1,0.9999999999999999,1,0.9999999999999999,1
1926,4,3,2.339439727151691,0.18893598348049512,0,1.0,1,1.0,1,1.0,1
1927,8,5,3.368331046396924,0.24046156625594506,6,0.5714285714285714,0,0.8571428571428571,0,0.7142857142857142,0
1928,10,4,20.61011504813642,0.25251199634402055,7,0.6888888888888888,0,0.8222222222222221,0,0.6888888888888888,0
1929,8,5,2.7068637478537223,0.1578291864383522,6,0.5714285714285714,0,0.8571428571428571,0,0.7142857142857142,0
1930,10,5,8.326781044256471,0.24685908553034588,8,0.6444444444444444,0,0.7777777777777777,0,0.6,0
1931,4,5,6.2221284131374395,0.2629068660463243,0,1.0,1,1.0,1,0.6666666666666669,0
1932,4,3,6.160361926575374,0.06532943041478823,0,1.0,1,1.0,1,1.0,1
1933,6,5,4.588154348780335,0.20751858489550598,1,0.8666666666666666,0,0.8666666666666666,0,0.7333333333333333,0
1934,4,4,14.96617856487944,0.5378243928411914,4,-0.3333333333333334,0,1.0,1,-0.3333333333333334,0
1935,6,4,2.5470487553432357,0.11743759027899872,0,0.9999999999999999,1,0.8666666666666666,0,0.8666666666666666,0
1936,4,4,5.159705736772054,0.03183451579148245,0,1.0,1,1.0,1,1.0,1
1937,5,3,1.2697261499172248,0.013190677130992375,0,0.9999999999999999,1,0.9999999999999999,1,0.9999999999999999,1
1938,10,3,4.525438466742371,0.2699433755172091,8,0.6444444444444444,0,0.9999999999999999,1,0.5555555555555555,0
1939,10,5,4.72073838166238,0.19300531984016828,5,0.7777777777777777,0,0.8222222222222221,0,0.8666666666666666,0
1940,5,3,171.71374395006924,0.34285416689219445,3,0.39999999999999997,0,0.7999999999999999,0,0.39999999999999997,0
1941,6,5,2.775256294689066,0.14827622162867396,0,0.9999999999999999,1,0.9999999999999999,1,0.9999999999999999,1
1942,8,3,1.9990923685088837,0.13228182026193153,6,0.5714285714285714,0,0.8571428571428571,0,0.4999999999999999,0
1943,8,3,10.033256369432635,0.13638685738044182,4,0.7142857142857142,0,0.9285714285714285,0,0.7142857142857142,0
1944,8,5,3.4409751319159856,0.1362445976349731,4,0.7142857142857142,0,0.7142857142857142,0,0.5714285714285714,0
1945,10,5,1.9620401510819245,0.02591658379779622,0,0.9999999999999999,1,0.9555555555555554,0,0.9555555555555554,0
1946,6,3,1.2195901331296213,0.016663184740493758,0,0.9999999999999999,1,0.9999999999999999,1,0.9999999999999999,1
1947,6,5,26.44604977281858,0.11579053394923608,0,0.9999999999999999,1,0.9999999999999999,1,0.7333333333333333,0
1948,4,5,5.721677457106751,0.2751596229967434,0,1.0,1,1.0,1,1.0,1
1949,5,3,5.798155883502048,0.0912622531761035,1,0.7999999999999999,0,0.9999999999999999,1,0.7999999999999999,0
1950,6,3,1.861714586903976,0.12761733629104866,5,0.3333333333333333,0,0.8666666666666666,0,0.7333333333333333,0
1951,8,5,9.672099570231243,0.07102469011655635,0,0.9999999999999998,1,0.9999999999999998,1,0.9999999999999998,1
1952,6,4,2.9472151996439218,0.2088898597673441,2,0.7333333333333333,0,0.7333333333333333,0,0.8666666666666666,0
1953,8,3,1.2441710759415407,0.035740020515841506,0,0.9999999999999998,1,0.9999999999999998,1,0.9999999999999998,1
1954,10,3,3.126015776427681,0.2322690679396199,2,0.911111111111111,0,0.9999999999999999,1,0.9555555555555554,0
1955,4,5,130.93450907578855,0.3450435511847333,0,1.0,1,0.0,0,1.0,1
1956,8,4,12.908533300172854,0.19162563007538524,1,0.9285714285714285,0,0.9999999999999998,1,0.9285714285714285,0
1957,10,4,2.77883474162025,0.215850184068403,3,0.8666666666666666,0,0.8222222222222221,0,0.8666666666666666,0
1958,10,4,2.871393303464695,0.12343274265217803,3,0.8666666666666666,0,0.8666666666666666,0,0.8222222222222221,0
1959,4,3,2.6579121161594346,0.09173905292379722,0,1.0,1,1.0,1,0.6666666666666669,0
1960,8,3,114.46304481246044,0.2951739396847587,6,0.5714285714285714,0,0.9999999999999998,1,0.6428571428571428,0
1961,4,4,3.3668160144843666,0.11999746209680295,1,0.6666666666666669,0,1.0,1,0.6666666666666669,0
1962,6,4,5.736406394890419,0.31392144017033685,3,0.6,0,0.9999999999999999,1,0.6,0
1963,6,4,75.2442028687795,0.2056829416527982,3,0.6,0,0.9999999999999999,1,0.6,0
1964,10,4,2.9757788063647106,0.20607318893466,9,0.6,0,0.6444444444444444,0,0.5555555555555555,0
1965,5,5,9.389917808452779,0.32286685368552015,0,0.9999999999999999,1,0.9999999999999999,1,0.9999999999999999,1
1966,6,5,1.6200252166848954,0.024656692616328094,1,0.8666666666666666,0,0.8666666666666666,0,0.8666666666666666,0
1967,6,3,4.538816812694574,0.1366285944047969,2,0.7333333333333333,0,0.9999999999999999,1,0.7333333333333333,0
1968,10,4,36.938703155401264,0.28983465410360015,5,0.7777777777777777,0,0.911111111111111,0,0.7333333333333333,0
1969,6,4,6.568229695236454,0.28007470283687347,4,0.4666666666666666,0,0.8666666666666666,0,0.8666666666666666,0
1970,5,5,6.494014542543797,0.20248117536386018,6,-0.19999999999999998,0,0.6,0,-0.6,0
1971,10,4,2.702020436091216,0.18613366357422562,5,0.7777777777777777,0,0.7333333333333333,0,0.8222222222222221,0
1972,5,3,3.146520964759056,0.16671613973833782,1,0.7999999999999999,0,0.9999999999999999,1,0.7999999999999999,0
1973,10,3,2.9147028027055426,0.20719278801128616,18,0.19999999999999998,0,0.6888888888888888,0,0.19999999999999998,0
1974,4,3,1.3080809641621318,0.06371207151618712,0,1.0,1,0.6666666666666669,0,1.0,1
1975,10,3,46.48994679965542,0.09000007248720493,2,0.911111111111111,0,0.9555555555555554,0,0.8666666666666666,0
1976,6,4,31.685097586764076,0.09834430711885785,0,0.9999999999999999,1,0.9999999999999999,1,0.9999999999999999,1
1977,4,5,7.929960897793473,0.11881586991612347,0,1.0,1,1.0,1,1.0,1
1978,6,4,4.57984788570963,0.28373696083096656,3,0.6,0,0.6,0,0.7333333333333333,0
1979,10,4,3.1844334939513694,0.20344341369760974,4,0.8222222222222221,0,0.9555555555555554,0,0.7333333333333333,0
1980,4,3,6.660673487548981,0.3763382100655533,5,-0.6666666666666669,0,0.6666666666666669,0,-0.3333333333333334,0
1981,5,5,1.3619027761971185,0.052970228424257276,1,0.7999999999999999,0,0.9999999999999999,1,0.9999999999999999,1
1982,6,4,59.765387591826126,0.3771264654999504,5,0.3333333333333333,0,0.8666666666666666,0,0.3333333333333333,0
1983,6,5,1.8778439147316404,0.05572880054020811,0,0.9999999999999999,1,0.8666666666666666,0,0.8666666666666666,0
1984,10,3,2.765582458468152,0.18865567957666055,5,0.7777777777777777,0,0.8666666666666666,0,0.7333333333333333,0
1985,8,3,2.213173012260556,0.17232949789478352,2,0.8571428571428571,0,0.7857142857142856,0,0.42857142857142855,0
1986,10,3,2.581715631139743,0.0339104264308033,0,0.9999999999999999,1,0.9999999999999999,1,0.9999999999999999,1
1987,4,3,1.9749264260180062,0.09402091002941516,0,1.0,1,1.0,1,1.0,1
1988,10,3,1.332860659575495,0.06605328767522886,0,0.9999999999999999,1,0.8222222222222221,0,0.911111111111111,0
1989,5,4,2.9553432630315264,0.15613613375929863,1,0.7999999999999999,0,0.9999999999999999,1,0.7999999999999999,0
1990,4,5,16.44483000758509,0.32490115484561566,0,1.0,1,1.0,1,1.0,1
1991,4,3,2.0518737257356574,0.14085761104037012,0,1.0,1,0.6666666666666669,0,1.0,1
1992,4,4,2.509671542123899,0.17389864108464953,0,1.0,1,1.0,1,1.0,1
1993,8,3,7.153626260824544,0.2426571102058697,1,0.9285714285714285,0,0.9999999999999998,1,0.8571428571428571,0
1994,6,5,2.0709740756951067,0.14829686128327668,0,0.9999999999999999,1,0.7333333333333333,0,0.9999999999999999,1
1995,10,3,10.690807406805261,0.04228919471844608,2,0.911111111111111,0,0.911111111111111,0,0.8666666666666666,0
1996,4,4,3.1815162617011836,0.2121591774457606,1,0.6666666666666669,0,1.0,1,0.3333333333333334,0
1997,5,3,1.7333518860729844,0.09495564700671129,0,0.9999999999999999,1,0.9999999999999999,1,0.9999999999999999,1
1998,6,5,23.259816348695082,0.12694750909040858,1,0.8666666666666666,0,0.7333333333333333,0,0.8666666666666666,0
1999,4,5,12.676146427462974,0.27590133782362586,1,0.6666666666666669,0,0.6666666666666669,0,0.6666666666666669,0
2000,6,4,5.121010278105113,0.30146468048649083,4,0.4666666666666666,0,0.4666666666666666,0,0.6,0
2001,8,3,4.9367216201357325,0.08464151420862479,1,0.9285714285714285,0,0.9285714285714285,0,0.9285714285714285,0
2002,5,3,1.8455587810808312,0.09131982251741477,1,0.7999999999999999,0,0.9999999999999999,1,0.7999999999999999,0
2003,5,5,3.1747408520084632,0.19139219755988127,4,0.19999999999999998,0,0.7999999999999999,0,-0.19999999999999998,0
2004,8,4,6.366921394812256,0.07716859762019182,0,0.9999999999999998,1,0.9999999999999998,1,0.9999999999999998,1
2005,4,4,318.0883626817409,0.48935363159968776,3,0.0,0,1.0,1,0.0,0
2006,4,3,1.4767614359217234,0.09327675255101688,1,0.6666666666666669,0,1.0,1,1.0,1
2007,10,4,119.12854380907928,0.17614962441427928,3,0.8666666666666666,0,0.9999999999999999,1,0.8666666666666666,0
2008,10,4,4.316958390001681,0.11893605965564916,2,0.911111111111111,0,0.911111111111111,0,0.8666666666666666,0
2009,5,5,2.4307949771553563,0.12173897344176374,0,0.9999999999999999,1,0.9999999999999999,1,0.9999999999999999,1
2010,6,3,9.424297562528762,0.4674115805159081,5,0.3333333333333333,0,0.9999999999999999,1,0.2,0
2011,10,3,3.8421972434857974,0.2084968491374304,5,0.7777777777777777,0,0.911111111111111,0,0.7333333333333333,0
2012,5,4,18.176278301962274,0.16184958214505415,1,0.7999999999999999,0,0.7999999999999999,0,0.9999999999999999,1
2013,8,3,5.448070544605342,0.2580293177854752,5,0.6428571428571428,0,0.8571428571428571,0,0.42857142857142855,0
2014,10,4,9.924772544862956,0.37703573893741404,15,0.3333333333333333,0,0.7777777777777777,0,0.3333333333333333,0
2015,4,4,2.6893457073403084,0.16993730066936497,2,0.3333333333333334,0,0.6666666666666669,0,0.0,0
2016,8,3,3.2780676113949063,0.20092548095858362,2,0.8571428571428571,0,0.9285714285714285,0,0.8571428571428571,0
2017,6,4,3.1010353260853054,0.16008877854204567,0,0.9999999999999999,1,0.4666666666666666,0,0.8666666666666666,0
2018,4,5,43.06639818327606,0.5990695587959857,1,0.6666666666666669,0,1.0,1,0.6666666666666669,0
2019,8,3,1.3536870734212723,0.012052215879634186,1,0.9285714285714285,0,0.9285714285714285,0,0.9285714285714285,0
2020,10,3,6.48820005278288,0.07136527890807554,0,0.9999999999999999,1,0.911111111111111,0,0.911111111111111,0
2021,10,3,2.305000320995387,0.1820997093439003,2,0.911111111111111,0,0.911111111111111,0,0.8222222222222221,0
2022,10,4,1.9617169667770382,0.11655820584881141,4,0.8222222222222221,0,0.7333333333333333,0,0.6444444444444444,0
2023,5,4,1.615113680269869,0.09038248948943628,0,0.9999999999999999,1,0.9999999999999999,1,0.9999999999999999,1
2024,8,3,1.383579959804421,0.029753297368860933,0,0.9999999999999998,1,0.8571428571428571,0,0.8571428571428571,0
2025,6,3,1.735100016185473,0.08483017759850218,0,0.9999999999999999,1,0.9999999999999999,1,0.9999999999999999,1
2026,4,3,86.82954271118292,0.6011326759928447,2,0.3333333333333334,0,0.6666666666666669,0,0.3333333333333334,0
2027,10,4,29.95230960151128,0.48207841420366493,8,0.6444444444444444,0,0.8666666666666666,0,0.6,0
2028,6,3,1.4752304162690502,0.012003973296518006,0,0.9999999999999999,1,0.9999999999999999,1,0.9999999999999999,1
2029,8,5,5.371612314646536,0.1343866990596773,0,0.9999999999999998,1,0.9999999999999998,1,0.8571428571428571,0
2030,6,4,7.948785371286099,0.041611182294537266,0,0.9999999999999999,1,0.9999999999999999,1,0.8666666666666666,0
2031,6,3,2.5387613136150193,0.19748710918048967,1,0.8666666666666666,0,0.9999999999999999,1,0.8666666666666666,0
2032,4,5,3.6765939223215085,0.1629363639698552,1,0.6666666666666669,0,1.0,1,0.6666666666666669,0
2033,6,4,2.6224972739601293,0.1874325823230912,4,0.4666666666666666,0,0.9999999999999999,1,0.3333333333333333,0
2034,10,5,2.023775134962957,0.09389150121886337,1,0.9555555555555554,0,0.9999999999999999,1,0.8666666666666666,0
2035,5,4,12.170079327477026,0.22703927178694477,5,0.0,0,0.39999999999999997,0,0.0,0
2036,10,5,2.2911678809308405,0.08665441759788156,2,0.911111111111111,0,0.911111111111111,0,0.8666666666666666,0
2037,5,3,4.802150923192544,0.2917907809525502,1,0.7999999999999999,0,0.9999999999999999,1,0.39999999999999997,0
2038,5,4,21.31917456607401,0.09188637202000963,0,0.9999999999999999,1,0.9999999999999999,1,0.9999999999999999,1
2039,4,4,4.545793224023397,0.14349210637278603,0,1.0,1,1.0,1,1.0,1
2040,4,5,28.667980729821213,0.15472857950662638,0,1.0,1,1.0,1,0.6666666666666669,0
2041,10,3,16.379561833919922,0.04639479465264791,4,0.8222222222222221,0,0.911111111111111,0,0.8222222222222221,0
2042,5,5,1.6885311714743645,0.02257998773259854,0,0.9999999999999999,1,0.9999999999999999,1,0.9999999999999999,1
2043,10,4,18.320922553617905,0.3155856402885213,10,0.5555555555555555,0,0.911111111111111,0,0.5111111111111111,0
2044,5,5,25.109763389097242,0.43484345248762557,1,0.7999999999999999,0,0.7999999999999999,0,0.6,0
2045,5,4,4.97541130061511,0.2673050557121211,2,0.6,0,0.9999999999999999,1,0.6,0
2046,8,3,5.427362987218932,0.20954360609772796,1,0.9285714285714285,0,0.9285714285714285,0,0.8571428571428571,0
2047,4,4,51.49033793618693,0.2984572440617424,1,0.6666666666666669,0,0.6666666666666669,0,0.6666666666666669,0
2048,5,5,2.355509833962784,0.18411078895742486,1,0.7999999999999999,0,0.9999999999999999,1,0.7999999999999999,0
2049,6,4,78.86352410682336,0.2479216589870268,5,0.3333333333333333,0,0.8666666666666666,0,0.3333333333333333,0
2050,4,5,3.4745685946266844,0.25891706547571414,5,-0.6666666666666669,0,1.0,1,-0.3333333333333334,0
2051,5,5,2.4972798783620593,0.12702359044532652,0,0.9999999999999999,1,0.9999999999999999,1,0.9999999999999999,1
2052,4,4,5.16933645510391,0.3155340937759165,1,0.6666666666666669,0,0.6666666666666669,0,0.6666666666666669,0
2053,8,4,90.7512169195096,0.5123766757984676,9,0.3571428571428571,0,0.9999999999999998,1,0.3571428571428571,0
2054,8,3,578.0730582939448,0.37185411937064766,7,0.4999999999999999,0,0.9999999999999998,1,0.5714285714285714,0
2055,8,5,4.845928783817879,0.19586687354272617,3,0.7857142857142856,0,0.9999999999999998,1,0.9285714285714285,0
2056,10,3,29.216842945858343,0.6435618568287763,11,0.5111111111111111,0,0.6888888888888888,0,0.5111111111111111,0
2057,5,3,1.1282932214207835,0.02501009300372147,0,0.9999999999999999,1,0.9999999999999999,1,0.9999999999999999,1
2058,6,5,5.392299497083986,0.25920035530656366,0,0.9999999999999999,1,0.7333333333333333,0,0.9999999999999999,1
2059,4,4,9.530307598152024,0.44998166594808975,1,0.6666666666666669,0,0.6666666666666669,0,0.6666666666666669,0
2060,5,5,22.55344385326359,0.2119839326455607,3,0.39999999999999997,0,0.7999999999999999,0,0.6,0
2061,4,3,4.76381315155214,0.23821655336349234,0,1.0,1,1.0,1,1.0,1
2062,8,5,5.994300940327287,0.34064824795290816,7,0.4999999999999999,0,0.7857142857142856,0,0.5714285714285714,0
2063,8,5,310.70458181415364,0.34381108243782244,6,0.5714285714285714,0,0.9285714285714285,0,0.5714285714285714,0
2064,10,5,30.737140210205606,0.41602570773201014,9,0.6,0,0.8666666666666666,0,0.4222222222222222,0
2065,5,5,36.52588895976932,0.20705732139376565,1,0.7999999999999999,0,0.9999999999999999,1,0.7999999999999999,0
2066,8,3,10.315096859579063,0.17287056481798066,0,0.9999999999999998,1,0.9285714285714285,0,0.9999999999999998,1
2067,4,5,8.086214273355461,0.24174302984244256,1,0.6666666666666669,0,0.6666666666666669,0,0.6666666666666669,0
2068,10,4,1.3710442394147133,0.04612813752798626,1,0.9555555555555554,0,0.9999999999999999,1,0.9555555555555554,0
2069,10,5,2.1551589605822734,0.07604584727420058,2,0.911111111111111,0,0.8222222222222221,0,0.8666666666666666,0
2070,4,5,10.348067915357603,0.3238818763823014,2,0.3333333333333334,0,0.6666666666666669,0,0.3333333333333334,0
2071,4,3,2.9740693591813194,0.12210655455575731,1,0.6666666666666669,0,1.0,1,0.6666666666666669,0
2072,8,4,4.298673254147243,0.18764957550057457,7,0.4999999999999999,0,0.4999999999999999,0,0.42857142857142855,0
2073,10,4,3.344430402738931,0.12132458665512343,2,0.911111111111111,0,0.911111111111111,0,0.9555555555555554,0
2074,8,5,2.490719902045492,0.1431263192951609,4,0.7142857142857142,0,0.8571428571428571,0,0.7142857142857142,0
2075,10,3,1.528373928891758,0.09352207160617529,3,0.8666666666666666,0,0.911111111111111,0,0.8666666666666666,0
2076,4,3,2.8342087750749605,0.19526298734816738,0,1.0,1,1.0,1,1.0,1
2077,10,4,6.606754030701987,0.38018417024705137,12,0.4666666666666666,0,0.911111111111111,0,0.37777777777777777,0
2078,4,4,3.0282795712786825,0.21375329440279003,0,1.0,1,1.0,1,1.0,1
2079,5,5,6.629480409103394,0.12738038200542717,1,0.7999999999999999,0,0.6,0,0.6,0
2080,6,3,5.384013210650594,0.10053088856389372,1,0.8666666666666666,0,0.8666666666666666,0,0.8666666666666666,0
2081,5,3,1.4286284387182655,0.06297196586315648,1,0.7999999999999999,0,0.9999999999999999,1,0.6,0
2082,10,5,13.882679229446543,0.16669959473312768,6,0.7333333333333333,0,0.911111111111111,0,0.7333333333333333,0
2083,10,4,32.27194213436479,0.35073510640345806,11,0.5111111111111111,0,0.8666666666666666,0,0.5555555555555555,0
2084,10,4,2.516755051693316,0.14562464647616666,5,0.7777777777777777,0,0.8666666666666666,0,0.8222222222222221,0
2085,8,5,3.8302889176787582,0.19335179406176706,7,0.4999999999999999,0,0.8571428571428571,0,0.5714285714285714,0
2086,5,5,6.790620767553321,0.23917609158640407,0,0.9999999999999999,1,0.9999999999999999,1,0.9999999999999999,1
2087,10,5,2.1352822183581575,0.09173059828899999,3,0.8666666666666666,0,0.8666666666666666,0,0.9999999999999999,1
2088,4,5,16.382844656245297,0.06415817370158773,0,1.0,1,1.0,1,1.0,1
2089,4,3,5.116236820718619,0.20152924004345607,1,0.6666666666666669,0,0.6666666666666669,0,0.6666666666666669,0
2090,5,3,2.9145214779206854,0.0950402478437717,0,0.9999999999999999,1,0.9999999999999999,1,0.9999999999999999,1
2091,4,4,7.080672978685083,0.26412789156082017,0,1.0,1,1.0,1,1.0,1
2092,6,3,28.38502651098071,0.5702133770213407,2,0.7333333333333333,0,0.9999999999999999,1,0.7333333333333333,0
2093,6,3,1.653676132007835,0.11936888803181231,0,0.9999999999999999,1,0.9999999999999999,1,0.7333333333333333,0
2094,8,5,16.750629224891558,0.22342171958902562,3,0.7857142857142856,0,0.9285714285714285,0,0.7857142857142856,0
2095,4,5,3.6704721964590155,0.14621570484306845,0,1.0,1,1.0,1,1.0,1
2096,8,3,7.976686042748087,0.2631252721407631,8,0.42857142857142855,0,0.7857142857142856,0,0.2857142857142857,0
2097,5,3,10.864414759585634,0.5333107630642497,0,0.9999999999999999,1,0.9999999999999999,1,0.9999999999999999,1
2098,5,4,1.6121753389049838,0.06228183105792236,1,0.7999999999999999,0,0.9999999999999999,1,0.7999999999999999,0
2099,8,5,9.181296618308888,0.24239928957089296,5,0.6428571428571428,0,0.9285714285714285,0,0.7142857142857142,0
2100,5,5,1.967065032440449,0.09275353873052546,0,0.9999999999999999,1,0.9999999999999999,1,0.7999999999999999,0
2101,10,5,6.8200368328882215,0.14633748233165778,1,0.9555555555555554,0,0.7777777777777777,0,0.6444444444444444,0
2102,5,3,3.0753853396877364,0.2296087709927065,1,0.7999999999999999,0,0.9999999999999999,1,0.7999999999999999,0
2103,5,5,1.4463708435298759,0.06704364311118707,1,0.7999999999999999,0,0.9999999999999999,1,0.9999999999999999,1
2104,6,3,1.3228843258230656,0.05305412879198072,1,0.8666666666666666,0,0.9999999999999999,1,0.8666666666666666,0
2105,8,4,3.9305879608960077,0.1739558259995467,1,0.9285714285714285,0,0.9999999999999998,1,0.7857142857142856,0
2106,8,5,67.51136701375414,0.5034454893892283,10,0.2857142857142857,0,0.9285714285714285,0,0.14285714285714285,0
2107,5,4,6.470144813675013,0.07963928687616818,1,0.7999999999999999,0,0.9999999999999999,1,0.7999999999999999,0
2108,5,5,9.748342937206823,0.08234420335110249,0,0.9999999999999999,1,0.9999999999999999,1,0.9999999999999999,1
2109,8,3,3.8606422869418986,0.2959531846481327,3,0.7857142857142856,0,0.9999999999999998,1,0.7857142857142856,0
2110,6,5,1.5440062069706808,0.06719707693877848,0,0.9999999999999999,1,0.9999999999999999,1,0.8666666666666666,0
2111,5,4,7.68556114916592,0.28419390806046735,0,0.9999999999999999,1,0.7999999999999999,0,0.9999999999999999,1
2112,5,4,3.5245018831855246,0.14533516923952142,3,0.39999999999999997,0,0.9999999999999999,1,0.39999999999999997,0
2113,4,3,2.9787659551290386,0.24244015242875291,0,1.0,1,0.6666666666666669,0,1.0,1
2114,4,4,2.077251358007992,0.13543085111532502,1,0.6666666666666669,0,1.0,1,0.6666666666666669,0
2115,6,3,4.3986130430391155,0.29835262110288086,2,0.7333333333333333,0,0.8666666666666666,0,0.8666666666666666,0
2116,8,5,40.68307712968188,0.3100271493983326,4,0.7142857142857142,0,0.9285714285714285,0,0.6428571428571428,0
2117,4,5,12.171078435014882,0.20045664460382673,2,0.3333333333333334,0,1.0,1,0.3333333333333334,0
2118,8,3,8.870507639767009,0.4389539979613007,7,0.4999999999999999,0,0.9285714285714285,0,0.42857142857142855,0
2119,10,5,2.5959257862234306,0.14369908209044313,9,0.6,0,0.7333333333333333,0,0.37777777777777777,0
2120,8,5,56.98936547070832,0.303592143671272,7,0.4999999999999999,0,0.8571428571428571,0,0.2857142857142857,0
2121,10,4,2.7471361373655587,0.1987175929744267,3,0.8666666666666666,0,0.8222222222222221,0,0.6888888888888888,0
2122,6,5,2.476443105308387,0.09850875320591906,1,0.8666666666666666,0,0.9999999999999999,1,0.8666666666666666,0
2123,6,4,3.904362985639687,0.0963146563713294,0,0.9999999999999999,1,0.9999999999999999,1,0.9999999999999999,1
2124,4,4,2.763663917681069,0.1484456920877187,1,0.6666666666666669,0,1.0,1,1.0,1
2125,10,4,4.929022138485254,0.2484656415378379,5,0.7777777777777777,0,0.9555555555555554,0,0.7777777777777777,0
2126,4,4,5.110335788528387,0.25162091452582014,6,-1.0,0,0.6666666666666669,0,-1.0,0
2127,5,3,25.81486366627606,0.6336037136979809,5,0.0,0,0.9999999999999999,1,0.0,0
2128,4,5,7.425694901762785,0.06592927635733216,0,1.0,1,1.0,1,1.0,1
2129,5,4,4.597363526309128,0.11337376821954613,1,0.7999999999999999,0,0.7999999999999999,0,0.7999999999999999,0
2130,8,4,36.57848385171105,0.44714628847784255,5,0.6428571428571428,0,0.9999999999999998,1,0.5714285714285714,0
2131,6,4,21.391192757980658,0.19502058073197262,0,0.9999999999999999,1,0.9999999999999999,1,0.9999999999999999,1
2132,8,3,2.8928704661671323,0.13745727613082226,3,0.7857142857142856,0,0.9999999999999998,1,0.8571428571428571,0
2133,6,5,10.507572370005981,0.24662041912130978,1,0.8666666666666666,0,0.9999999999999999,1,0.8666666666666666,0
2134,8,4,267.68471183512366,0.47291375600297214,5,0.6428571428571428,0,0.9285714285714285,0,0.7142857142857142,0
2135,8,5,2.6437361075866916,0.17347365058234052,2,0.8571428571428571,0,0.9285714285714285,0,0.5714285714285714,0
2136,8,5,5.94416065745419,0.35382862841389395,8,0.42857142857142855,0,0.8571428571428571,0,0.6428571428571428,0
2137,5,4,16.241983863116747,0.32222390175870075,7,-0.39999999999999997,0,0.7999999999999999,0,-0.39999999999999997,0
2138,4,5,4.519656304249571,0.12039997880592787,0,1.0,1,1.0,1,0.6666666666666669,0
2139,10,5,7.116392581155187,0.2927535471574252,12,0.4666666666666666,0,0.8666666666666666,0,0.4666666666666666,0
2140,8,3,1.398606346429132,0.053867686978344084,0,0.9999999999999998,1,0.8571428571428571,0,0.9999999999999998,1
2141,10,3,3.176326650578918,0.11893811526896769,6,0.7333333333333333,0,0.7333333333333333,0,0.7333333333333333,0
2142,10,3,11.032809643122368,0.15616889573606885,6,0.7333333333333333,0,0.911111111111111,0,0.7333333333333333,0
2143,10,5,69.27746946169306,0.46029071034024716,14,0.37777777777777777,0,0.8222222222222221,0,0.3333333333333333,0
2144,6,5,8.087706752780129,0.044151202274721794,1,0.8666666666666666,0,0.9999999999999999,1,0.8666666666666666,0
2145,8,4,2.0764565984021726,0.08557251567754945,3,0.7857142857142856,0,0.7857142857142856,0,0.7857142857142856,0
2146,5,4,2.8070889156955885,0.05856791275101145,0,0.9999999999999999,1,0.9999999999999999,1,0.9999999999999999,1
2147,8,4,3.8347616691002107,0.20713542144605834,2,0.8571428571428571,0,0.7857142857142856,0,0.7142857142857142,0
2148,5,5,19.23478659366503,0.5263528559315083,2,0.6,0,0.7999999999999999,0,0.6,0
2149,8,5,3.9234169903945917,0.11607344639917211,1,0.9285714285714285,0,0.9999999999999998,1,0.9285714285714285,0
2150,8,3,10.053449028176605,0.45187619729416373,8,0.42857142857142855,0,0.7857142857142856,0,0.4999999999999999,0
2151,5,5,1.801134903811035,0.09666642247198697,0,0.9999999999999999,1,0.7999999999999999,0,0.7999999999999999,0
2152,8,5,22.381022138445637,0.3604637938617208,6,0.5714285714285714,0,0.9999999999999998,1,0.42857142857142855,0
2153,6,5,1.8711966825584265,0.08325092186023966,1,0.8666666666666666,0,0.8666666666666666,0,0.9999999999999999,1
2154,6,3,1.9575809203186332,0.10018270702890483,1,0.8666666666666666,0,0.9999999999999999,1,0.8666666666666666,0
2155,8,3,189.20232898992583,0.4705756562520193,4,0.7142857142857142,0,0.9285714285714285,0,0.7142857142857142,0
2156,8,3,38.8083338303866,0.2928867977982627,3,0.7857142857142856,0,0.9999999999999998,1,0.7857142857142856,0
2157,10,5,4.012215225609693,0.1306359756133823,5,0.7777777777777777,0,0.911111111111111,0,0.8222222222222221,0
2158,6,5,2.7324646603549376,0.11248959417971033,2,0.7333333333333333,0,0.8666666666666666,0,0.8666666666666666,0
2159,6,4,4.875961883617905,0.16566623042254913,1,0.8666666666666666,0,0.9999999999999999,1,0.9999999999999999,1
2160,5,4,2.535479849001585,0.16480240337355584,1,0.7999999999999999,0,0.7999999999999999,0,0.7999999999999999,0
2161,6,4,1.656966379044506,0.09743516276380446,1,0.8666666666666666,0,0.8666666666666666,0,0.8666666666666666,0
2162,5,3,11.060744726335423,0.428020512199785,2,0.6,0,0.9999999999999999,1,0.7999999999999999,0
2163,4,4,96.07669198814355,0.3910582095537999,0,1.0,1,1.0,1,1.0,1
2164,4,4,3.4321668519543485,0.09067419055745556,0,1.0,1,0.3333333333333334,0,0.3333333333333334,0
2165,8,4,7.857964830516495,0.3304828045966021,9,0.3571428571428571,0,0.9285714285714285,0,0.42857142857142855,0
2166,6,5,16.149956063330556,0.48676746364739387,4,0.4666666666666666,0,0.9999999999999999,1,0.4666666666666666,0
2167,4,3,4.507317190107992,0.1903907261582123,0,1.0,1,0.6666666666666669,0,1.0,1
2168,8,5,3.5831968078653498,0.25283185154677085,1,0.9285714285714285,0,0.8571428571428571,0,0.8571428571428571,0
2169,10,5,5.32122058781226,0.04767739679702425,3,0.8666666666666666,0,0.8666666666666666,0,0.8222222222222221,0
2170,8,4,2.688583640061217,0.19636945755081384,3,0.7857142857142856,0,0.8571428571428571,0,0.6428571428571428,0
2171,6,3,2.118029982565701,0.12582590669695481,1,0.8666666666666666,0,0.9999999999999999,1,0.8666666666666666,0
2172,8,3,1.5212241980187355,0.05406289637183272,0,0.9999999999999998,1,0.9999999999999998,1,0.9999999999999998,1
2173,6,4,1.6804214928203332,0.05435087145344085,0,0.9999999999999999,1,0.7333333333333333,0,0.9999999999999999,1
2174,4,4,4.182416875239134,0.2438251663289744,0,1.0,1,1.0,1,0.6666666666666669,0
2175,4,3,1.7647545151513893,0.13065958221108231,0,1.0,1,1.0,1,1.0,1
2176,8,3,6.325918577931581,0.14600470221644424,1,0.9285714285714285,0,0.9285714285714285,0,0.8571428571428571,0
2177,5,5,2.089345616575712,0.10456777117731239,1,0.7999999999999999,0,0.7999999999999999,0,0.7999999999999999,0
2178,5,5,6352.352053147315,0.4064926316985634,2,0.6,0,0.7999999999999999,0,0.6,0
2179,10,4,25.912276115908625,0.41526521106184083,12,0.4666666666666666,0,0.911111111111111,0,0.4222222222222222,0
2180,10,5,7.964431184368322,0.29964075678042373,9,0.6,0,0.8666666666666666,0,0.6,0
2181,6,4,2.0688408408029386,0.06698360069380063,0,0.9999999999999999,1,0.9999999999999999,1,0.9999999999999999,1
2182,8,5,4.148459068299903,0.0957201379507682,0,0.9999999999999998,1,0.9999999999999998,1,0.9999999999999998,1
2183,5,4,1.8227207956549898,0.08821621986633899,0,0.9999999999999999,1,0.9999999999999999,1,0.9999999999999999,1
2184,6,3,1.7804327971062408,0.01481949909264102,0,0.9999999999999999,1,0.9999999999999999,1,0.9999999999999999,1
2185,4,4,5.246075686856477,0.17097036568639404,0,1.0,1,0.6666666666666669,0,1.0,1
2186,6,5,3.6954086933002697,0.06544001029128935,1,0.8666666666666666,0,0.7333333333333333,0,0.7333333333333333,0
2187,6,5,9.950955405922173,0.11785164684152959,0,0.9999999999999999,1,0.9999999999999999,1,0.9999999999999999,1
2188,10,5,6.719138703596683,0.21433119221848024,2,0.911111111111111,0,0.8666666666666666,0,0.7777777777777777,0
2189,5,3,6.40009841592512,0.18293488013083806,2,0.6,0,0.9999999999999999,1,0.6,0
2190,8,4,4.631630465569165,0.13758605186937406,2,0.8571428571428571,0,0.9285714285714285,0,0.9285714285714285,0
2191,4,3,5.65349382651618,0.2812474020107779,0,1.0,1,1.0,1,1.0,1
2192,4,4,2.4774516723500146,0.06355463323402737,0,1.0,1,1.0,1,1.0,1
2193,8,5,5.981445511534119,0.19426146809668446,2,0.8571428571428571,0,0.9999999999999998,1,0.8571428571428571,0
2194,4,4,3.765116721451069,0.24095306818726356,3,0.0,0,1.0,1,0.0,0
2195,4,4,92.54755391992128,0.3265937898398375,1,0.6666666666666669,0,1.0,1,0.6666666666666669,0
2196,5,5,2.998109254211428,0.15219610878027753,3,0.39999999999999997,0,0.7999999999999999,0,0.19999999999999998,0
2197,4,3,2.6155280515949872,0.07668356741827478,0,1.0,1,0.6666666666666669,0,0.6666666666666669,0
2198,4,5,3.7372291233148185,0.1749214258893545,1,0.6666666666666669,0,1.0,1,0.6666666666666669,0
2199,5,5,11.885367989558008,0.3912249875134009,2,0.6,0,0.9999999999999999,1,0.6,0
2200,6,3,6.07257070345963,0.09854047530887856,0,0.9999999999999999,1,0.8666666666666666,0,0.9999999999999999,1
2201,4,5,2.653731529029072,0.11884396366556212,0,1.0,1,1.0,1,1.0,1
2202,8,5,2.194784976975664,0.06818235288233969,3,0.7857142857142856,0,0.9999999999999998,1,0.8571428571428571,0
2203,4,5,2.1135543830997596,0.07211376808702658,0,1.0,1,1.0,1,0.6666666666666669,0
2204,8,5,7.343396447300693,0.1629306721723403,2,0.8571428571428571,0,0.9285714285714285,0,0.8571428571428571,0
2205,8,5,2.2418914371401364,0.11373567586258464,1,0.9285714285714285,0,0.9999999999999998,1,0.9285714285714285,0
2206,6,5,13.452263969320402,0.27876535338765807,1,0.8666666666666666,0,0.9999999999999999,1,0.7333333333333333,0
2207,4,5,4.402314089262792,0.1221423017392031,0,1.0,1,1.0,1,0.3333333333333334,0
2208,10,3,2.453722953256132,0.19516132933844968,3,0.8666666666666666,0,0.8666666666666666,0,0.8666666666666666,0
2209,5,5,5.5475391680647546,0.2368491764759371,0,0.9999999999999999,1,0.7999999999999999,0,0.7999999999999999,0
2210,6,4,3723.6071355639046,0.5433256123569915,3,0.6,0,0.8666666666666666,0,0.6,0
2211,6,3,541.5347568965211,0.640694912802451,5,0.3333333333333333,0,0.8666666666666666,0,0.3333333333333333,0
2212,6,5,6.322574510793053,0.1664146459167682,1,0.8666666666666666,0,0.9999999999999999,1,0.8666666666666666,0
2213,4,3,1.3820116528135258,0.06628652780250403,1,0.6666666666666669,0,1.0,1,1.0,1
2214,6,5,149.21663971872047,0.263482894272984,4,0.4666666666666666,0,0.7333333333333333,0,0.6,0
2215,10,4,1.5784776797403395,0.04914583192128416,0,0.9999999999999999,1,0.7333333333333333,0,0.8222222222222221,0
2216,6,5,4.877420645165302,0.1468726213650656,0,0.9999999999999999,1,0.9999999999999999,1,0.9999999999999999,1
2217,8,3,66.17532701980079,0.09221469809258573,0,0.9999999999999998,1,0.9999999999999998,1,0.9999999999999998,1
2218,5,5,2.5789065807898894,0.07937487559036963,1,0.7999999999999999,0,0.9999999999999999,1,0.7999999999999999,0
2219,8,5,8.351534391541236,0.2593191279433724,1,0.9285714285714285,0,0.8571428571428571,0,0.7857142857142856,0
2220,6,5,13.351088873261851,0.26080580856458574,0,0.9999999999999999,1,0.9999999999999999,1,0.9999999999999999,1
2221,5,3,78.19742330825459,0.2886895160056795,2,0.6,0,0.9999999999999999,1,0.6,0
2222,5,5,6.409867622457678,0.29287865154728343,0,0.9999999999999999,1,0.7999999999999999,0,0.9999999999999999,1
2223,5,4,1.3452470084666,0.0372376357683538,0,0.9999999999999999,1,0.9999999999999999,1,0.9999999999999999,1
2224,5,3,1.294248710202318,0.05474618151172577,1,0.7999999999999999,0,0.9999999999999999,1,0.7999999999999999,0
2225,6,3,1.5205133700943718,0.0871900889526179,0,0.9999999999999999,1,0.9999999999999999,1,0.9999999999999999,1
2226,8,4,9.270468138510958,0.4042774094863127,2,0.8571428571428571,0,0.9285714285714285,0,0.9285714285714285,0
2227,10,3,2.4760113355094497,0.20579606359127461,9,0.6,0,0.8222222222222221,0,0.5111111111111111,0
2228,5,4,3.0867335988053988,0.1461576293326906,1,0.7999999999999999,0,0.7999999999999999,0,0.6,0
2229,4,4,48.536359053480126,0.2931942475131901,2,0.3333333333333334,0,0.6666666666666669,0,0.3333333333333334,0
2230,8,3,10.847897888665958,0.5117011066757973,6,0.5714285714285714,0,0.9285714285714285,0,0.5714285714285714,0
2231,8,3,3.9155081955390894,0.18298502024671898,5,0.6428571428571428,0,0.7857142857142856,0,0.4999999999999999,0
2232,4,4,2.028410607242463,0.14476803199271288,0,1.0,1,1.0,1,0.0,0
2233,6,5,4.935884519881116,0.1396732062133755,1,0.8666666666666666,0,0.8666666666666666,0,0.8666666666666666,0
2234,4,5,4.493098754166404,0.24353810516171887,2,0.3333333333333334,0,1.0,1,0.3333333333333334,0
2235,4,3,9.73329671234308,0.17898382718430259,1,0.6666666666666669,0,1.0,1,0.6666666666666669,0
2236,8,4,2.78081258138581,0.21770975439107718,7,0.4999999999999999,0,0.9999999999999998,1,0.42857142857142855,0
2237,5,3,1.808181977025353,0.12262257879435648,0,0.9999999999999999,1,0.7999999999999999,0,0.9999999999999999,1
2238,8,4,23.72660384341504,0.6363631628398586,9,0.3571428571428571,0,0.9285714285714285,0,0.2857142857142857,0
2239,8,5,18.762019272693646,0.4132123771406833,4,0.7142857142857142,0,0.8571428571428571,0,0.7142857142857142,0
2240,5,3,11.776173606816533,0.1802597532014342,0,0.9999999999999999,1,0.7999999999999999,0,0.9999999999999999,1
2241,6,3,2.9357230692031293,0.1960848900032342,1,0.8666666666666666,0,0.7333333333333333,0,0.6,0
2242,4,5,2.4716217686526734,0.11214930569493514,1,0.6666666666666669,0,0.6666666666666669,0,1.0,1
2243,4,4,6.294387540456514,0.3324860727014976,2,0.3333333333333334,0,1.0,1,0.0,0
2244,6,3,5.3807990223108,0.23875761299505296,2,0.7333333333333333,0,0.8666666666666666,0,0.7333333333333333,0
2245,6,5,3.9028718603508956,0.12569297642929428,1,0.8666666666666666,0,0.9999999999999999,1,0.9999999999999999,1
2246,10,5,25.76641396851905,0.39410751616990874,10,0.5555555555555555,0,0.7777777777777777,0,0.4666666666666666,0
2247,10,4,11.13339991081014,0.41213584529761715,12,0.4666666666666666,0,0.911111111111111,0,0.5111111111111111,0
2248,5,3,12.155476861404624,0.4600680969409466,0,0.9999999999999999,1,0.9999999999999999,1,0.7999999999999999,0
2249,6,4,1.566845259232369,0.08411837279247006,2,0.7333333333333333,0,0.8666666666666666,0,0.7333333333333333,0
2250,5,5,4.169201394298494,0.10960557949525826,1,0.7999999999999999,0,0.9999999999999999,1,0.7999999999999999,0
2251,8,4,47.28425727919968,0.34462305897095646,3,0.7857142857142856,0,0.9999999999999998,1,0.7857142857142856,0
2252,4,5,1.744517086882709,0.04360232473478309,0,1.0,1,1.0,1,1.0,1
2253,8,5,3.6010702216440076,0.1328722642550944,6,0.5714285714285714,0,0.7142857142857142,0,0.7142857142857142,0
2254,10,3,24.075511236911435,0.3461807285611842,5,0.7777777777777777,0,0.911111111111111,0,0.7333333333333333,0
2255,5,3,1.6227829860175715,0.10387758872469162,0,0.9999999999999999,1,0.9999999999999999,1,0.9999999999999999,1
2256,4,5,3.4446003131900986,0.07864556644973902,0,1.0,1,1.0,1,1.0,1
2257,10,3,6.291425318060397,0.1974206292788278,6,0.7333333333333333,0,0.9555555555555554,0,0.6444444444444444,0
2258,8,4,7.1016215997064895,0.25004331106015887,6,0.5714285714285714,0,0.7142857142857142,0,0.5714285714285714,0
2259,4,5,4.896550625782266,0.17124767605329058,0,1.0,1,1.0,1,0.6666666666666669,0
2260,4,4,19.550225314442848,0.3342025141816233,0,1.0,1,1.0,1,1.0,1
2261,10,3,2.947909552879311,0.19032871647444516,2,0.911111111111111,0,0.9999999999999999,1,0.9555555555555554,0
2262,10,5,2.563407346764388,0.05839173869714055,1,0.9555555555555554,0,0.911111111111111,0,0.911111111111111,0
2263,8,4,4.013246550234514,0.12528399438948865,1,0.9285714285714285,0,0.7142857142857142,0,0.8571428571428571,0
2264,8,4,6.804540035579655,0.1347689133503458,2,0.8571428571428571,0,0.8571428571428571,0,0.8571428571428571,0
2265,10,5,12.186987189471914,0.4223018968666915,8,0.6444444444444444,0,0.8666666666666666,0,0.5555555555555555,0
2266,5,3,4.083413808871395,0.2540237213298484,5,0.0,0,0.9999999999999999,1,0.19999999999999998,0
2267,4,5,16.97829891711905,0.48280110059389797,1,0.6666666666666669,0,1.0,1,0.6666666666666669,0
2268,8,5,2.6168560744354483,0.1735782103150844,3,0.7857142857142856,0,0.7857142857142856,0,0.7142857142857142,0
2269,10,5,62.54223935445726,0.31127586871667473,7,0.6888888888888888,0,0.9555555555555554,0,0.6444444444444444,0
2270,10,4,2.7830336640539453,0.21441191870717144,5,0.7777777777777777,0,0.911111111111111,0,0.6444444444444444,0
2271,10,5,2.4218882627356,0.16275901334549533,7,0.6888888888888888,0,0.9555555555555554,0,0.7777777777777777,0
2272,5,4,4.7257448607000185,0.18656404139912214,2,0.6,0,0.7999999999999999,0,0.39999999999999997,0
2273,10,3,4.559183050255445,0.21429207703358685,7,0.6888888888888888,0,0.8666666666666666,0,0.8222222222222221,0
2274,10,5,3.8355270947154203,0.11588240343562621,4,0.8222222222222221,0,0.6888888888888888,0,0.7333333333333333,0
2275,6,3,1.6718015197717373,0.0839468592713215,4,0.4666666666666666,0,0.8666666666666666,0,0.4666666666666666,0
2276,4,3,2.7759725558081634,0.07854911428540308,0,1.0,1,1.0,1,1.0,1
2277,5,4,1.4654781306939244,0.04996182447675357,0,0.9999999999999999,1,0.9999999999999999,1,0.7999999999999999,0
2278,10,4,3.492449018180474,0.18563491045164734,6,0.7333333333333333,0,0.911111111111111,0,0.7777777777777777,0
2279,5,4,8.982526925157563,0.2749498349413908,4,0.19999999999999998,0,0.7999999999999999,0,0.39999999999999997,0
2280,8,5,11.718895653091167,0.16699215352063945,1,0.9285714285714285,0,0.9285714285714285,0,0.9285714285714285,0
2281,8,3,4.254389061441804,0.03958880516245614,2,0.8571428571428571,0,0.9285714285714285,0,0.8571428571428571,0
2282,10,3,3.3453691534677916,0.23016624343270187,2,0.911111111111111,0,0.9555555555555554,0,0.8666666666666666,0
2283,6,4,5.871139082856958,0.21753652715521293,1,0.8666666666666666,0,0.8666666666666666,0,0.8666666666666666,0
2284,6,3,2.439751422694345,0.17624734105040896,2,0.7333333333333333,0,0.9999999999999999,1,0.7333333333333333,0
2285,6,4,2.0579675803926114,0.13564969779557462,2,0.7333333333333333,0,0.9999999999999999,1,0.8666666666666666,0
2286,6,3,2.2198794553354104,0.08420737850893022,2,0.7333333333333333,0,0.8666666666666666,0,0.9999999999999999,1
2287,5,5,4.292932303991047,0.29548385403983246,4,0.19999999999999998,0,0.9999999999999999,1,0.0,0
2288,8,5,5.1656875487189025,0.21936167632313758,3,0.7857142857142856,0,0.9285714285714285,0,0.7857142857142856,0
2289,5,3,3.046692448526635,0.2356100695363563,2,0.6,0,0.9999999999999999,1,0.6,0
2290,6,4,4.489244687138623,0.17146344364613203,2,0.7333333333333333,0,0.8666666666666666,0,0.8666666666666666,0
2291,5,5,1.6924573001795153,0.09067065288777244,0,0.9999999999999999,1,0.9999999999999999,1,0.9999999999999999,1
2292,8,4,6.987589757133034,0.06157219657171509,0,0.9999999999999998,1,0.9999999999999998,1,0.9285714285714285,0
2293,4,3,1.439088130459626,0.021382130618330983,0,1.0,1,1.0,1,1.0,1
2294,4,5,5.498878853986164,0.06349328901972859,0,1.0,1,1.0,1,1.0,1
2295,4,4,6.1917502540786735,0.12384091494609244,0,1.0,1,1.0,1,1.0,1
2296,10,4,2.8565758536077994,0.20858302187313446,12,0.4666666666666666,0,0.911111111111111,0,0.5555555555555555,0
2297,5,3,1.586015528962725,0.026561973099912248,0,0.9999999999999999,1,0.7999999999999999,0,0.7999999999999999,0
2298,10,3,12.159715616093255,0.4625866189564165,12,0.4666666666666666,0,0.911111111111111,0,0.4666666666666666,0
2299,4,5,3.2068401375250137,0.2036786206900633,0,1.0,1,1.0,1,1.0,1
2300,10,3,1.7625790815634603,0.06387463903614954,2,0.911111111111111,0,0.8666666666666666,0,0.911111111111111,0
2301,6,4,3.02160145400584,0.11640228154531908,1,0.8666666666666666,0,0.9999999999999999,1,0.9999999999999999,1
2302,5,4,3.288762086541074,0.14717066619983618,2,0.6,0,0.9999999999999999,1,0.6,0
2303,4,5,3.2040778029156445,0.2086519929395464,0,1.0,1,0.6666666666666669,0,1.0,1
2304,5,3,2.106258488463654,0.15437497274830828,2,0.6,0,0.7999999999999999,0,0.7999999999999999,0
2305,6,5,3.2171713635727563,0.10619547462683886,0,0.9999999999999999,1,0.7333333333333333,0,0.6,0
2306,5,5,4.219293485422741,0.19556530250345036,3,0.39999999999999997,0,0.7999999999999999,0,0.0,0
2307,8,4,5.684529369622375,0.23735628363087946,2,0.8571428571428571,0,0.8571428571428571,0,0.9285714285714285,0
2308,8,3,6.085910919054075,0.4060660882541046,9,0.3571428571428571,0,0.7857142857142856,0,0.42857142857142855,0
2309,4,4,7.542675491528062,0.2076782520718165,2,0.3333333333333334,0,1.0,1,0.3333333333333334,0
2310,8,4,1.7241291382975676,0.13314423847707965,2,0.8571428571428571,0,0.9285714285714285,0,0.8571428571428571,0
2311,4,4,2.422562176201157,0.08087938469152398,0,1.0,1,1.0,1,1.0,1
2312,6,3,7.805424059833298,0.41006965951836805,2,0.7333333333333333,0,0.8666666666666666,0,0.6,0
2313,8,4,3.488764974153748,0.14483449182562216,4,0.7142857142857142,0,0.8571428571428571,0,0.5714285714285714,0
2314,4,5,6.272258325995328,0.33660787248118174,2,0.3333333333333334,0,0.6666666666666669,0,0.3333333333333334,0
2315,8,3,1.9283484087927645,0.13928173333924815,1,0.9285714285714285,0,0.9999999999999998,1,0.9285714285714285,0
2316,6,3,1.204901243889681,0.03139343264227688,0,0.9999999999999999,1,0.8666666666666666,0,0.7333333333333333,0
2317,5,4,5.473214875173515,0.2568906328513595,4,0.19999999999999998,0,0.39999999999999997,0,0.19999999999999998,0
2318,5,3,6.443961917954994,0.4340777344428378,3,0.39999999999999997,0,0.9999999999999999,1,0.39999999999999997,0
2319,8,4,5.855309459596162,0.2578577343122071,5,0.6428571428571428,0,0.7857142857142856,0,0.42857142857142855,0
2320,6,4,2.554805564943257,0.11873887340826718,0,0.9999999999999999,1,0.8666666666666666,0,0.8666666666666666,0
2321,6,3,12.747484082390553,0.5280258644195879,4,0.4666666666666666,0,0.8666666666666666,0,0.6,0
2322,10,5,6.8287736961015915,0.2226306185111352,4,0.8222222222222221,0,0.9999999999999999,1,0.6888888888888888,0
2323,5,3,47.937371213157114,0.193347848459732,1,0.7999999999999999,0,0.9999999999999999,1,0.7999999999999999,0
2324,8,5,1.7331256451038233,0.10284028180278036,2,0.8571428571428571,0,0.9285714285714285,0,0.9285714285714285,0
2325,4,5,2.200778632419094,0.12372199135850828,0,1.0,1,0.6666666666666669,0,1.0,1
2326,10,5,5.1037787353835595,0.19064809103040917,1,0.9555555555555554,0,0.9999999999999999,1,0.9555555555555554,0
2327,5,5,2.249122002892027,0.0639214313982868,0,0.9999999999999999,1,0.9999999999999999,1,0.9999999999999999,1
2328,8,4,11.922408230713799,0.1393841343380064,2,0.8571428571428571,0,0.7857142857142856,0,0.6428571428571428,0
2329,5,4,7.476030382348973,0.26696964273786966,1,0.7999999999999999,0,0.9999999999999999,1,0.7999999999999999,0
2330,8,3,5.012205476777318,0.11669366850087991,3,0.7857142857142856,0,0.9285714285714285,0,0.7857142857142856,0
2331,6,5,1.2920746108518613,0.024419505558051408,0,0.9999999999999999,1,0.8666666666666666,0,0.8666666666666666,0
2332,6,3,4.893786361911853,0.1529567733309366,0,0.9999999999999999,1,0.9999999999999999,1,0.9999999999999999,1
2333,5,5,3.275557167573822,0.14517820882034616,0,0.9999999999999999,1,0.7999999999999999,0,0.7999999999999999,0
2334,10,3,25.921646368289956,0.4969808514836913,8,0.6444444444444444,0,0.911111111111111,0,0.6444444444444444,0
2335,8,4,6.009062616638803,0.11734446861010571,4,0.7142857142857142,0,0.9285714285714285,0,0.7857142857142856,0
2336,4,5,7.125368747748027,0.2765537592166478,0,1.0,1,1.0,1,1.0,1
2337,5,3,3.740001343965819,0.25892098061940244,3,0.39999999999999997,0,0.9999999999999999,1,0.39999999999999997,0
2338,6,4,6.942424596836633,0.3555392994059976,2,0.7333333333333333,0,0.9999999999999999,1,0.7333333333333333,0
2339,5,4,8.704228422985407,0.19238596743227127,3,0.39999999999999997,0,0.19999999999999998,0,0.39999999999999997,0
2340,8,5,2.1773848177658137,0.12584403619887524,1,0.9285714285714285,0,0.8571428571428571,0,0.7857142857142856,0
2341,4,3,1.880000900209412,0.1036002669808137,1,0.6666666666666669,0,1.0,1,0.6666666666666669,0
2342,5,4,5.404852100168344,0.07187032747325814,0,0.9999999999999999,1,0.9999999999999999,1,0.9999999999999999,1
2343,5,5,3.9588902829042976,0.20260406660569286,3,0.39999999999999997,0,0.9999999999999999,1,0.19999999999999998,0
2344,4,5,23.505654361402073,0.24750453628023789,1,0.6666666666666669,0,0.6666666666666669,0,0.6666666666666669,0
2345,5,5,21.108933546952624,0.1702197558850566,0,0.9999999999999999,1,0.9999999999999999,1,0.7999999999999999,0
2346,8,3,1.5527307543994746,0.014640035644303264,1,0.9285714285714285,0,0.9285714285714285,0,0.9285714285714285,0
2347,6,4,50.935426404209984,0.10884556888981123,1,0.8666666666666666,0,0.9999999999999999,1,0.8666666666666666,0
2348,6,4,47.988058429848216,0.4464991967695845,3,0.6,0,0.9999999999999999,1,0.6,0
2349,5,4,4.563116843008405,0.09668132284304168,0,0.9999999999999999,1,0.9999999999999999,1,0.9999999999999999,1
2350,10,3,15.220429436719447,0.3870368426421864,13,0.4222222222222222,0,0.911111111111111,0,0.4222222222222222,0
2351,5,5,3.5514410097576135,0.16983098030340243,0,0.9999999999999999,1,0.7999999999999999,0,0.9999999999999999,1
2352,6,4,6.49012327231855,0.04148576095542763,1,0.8666666666666666,0,0.8666666666666666,0,0.9999999999999999,1
2353,8,4,3.401464182353449,0.1729843924114429,2,0.8571428571428571,0,0.7142857142857142,0,0.7857142857142856,0
2354,5,4,5.909198024927617,0.20895889902936277,2,0.6,0,0.7999999999999999,0,0.7999999999999999,0
2355,10,3,3.1165962962967586,0.08157153453795546,0,0.9999999999999999,1,0.9555555555555554,0,0.9555555555555554,0
2356,10,5,2.6031729172168583,0.11483807247051188,5,0.7777777777777777,0,0.9555555555555554,0,0.8666666666666666,0
2357,4,4,3.663493002976857,0.0889760307682124,0,1.0,1,1.0,1,1.0,1
2358,6,3,6.8370483144748695,0.3652771330389668,1,0.8666666666666666,0,0.9999999999999999,1,0.7333333333333333,0
2359,4,3,1.4469054930406458,0.03935297123414344,0,1.0,1,1.0,1,1.0,1
2360,5,5,43.50066236194026,0.257868776034791,1,0.7999999999999999,0,0.9999999999999999,1,0.7999999999999999,0
2361,8,4,5.369304836107673,0.2765480272815068,2,0.8571428571428571,0,0.9285714285714285,0,0.8571428571428571,0
2362,10,3,7.235761981892627,0.3182377678100149,6,0.7333333333333333,0,0.8222222222222221,0,0.6444444444444444,0
2363,4,4,2.344530778690176,0.11184298493153008,0,1.0,1,1.0,1,1.0,1
2364,10,5,18.79314705093657,0.09945414601228345,2,0.911111111111111,0,0.9555555555555554,0,0.911111111111111,0
2365,6,5,2.9158557061025734,0.11368913087800785,1,0.8666666666666666,0,0.8666666666666666,0,0.9999999999999999,1
2366,10,3,11.671382174104385,0.26285628278459583,10,0.5555555555555555,0,0.911111111111111,0,0.5111111111111111,0
2367,10,3,1.741931191936678,0.05038747205083996,2,0.911111111111111,0,0.911111111111111,0,0.9555555555555554,0
2368,10,5,7.811756507227573,0.298688625822089,8,0.6444444444444444,0,0.911111111111111,0,0.5555555555555555,0
2369,10,3,436.7477851820995,0.5957945811392201,21,0.06666666666666667,0,0.8666666666666666,0,0.06666666666666667,0
2370,8,3,6.467238405083512,0.37489115061923695,4,0.7142857142857142,0,0.9999999999999998,1,0.6428571428571428,0
2371,5,4,6.1624272306835275,0.08881303300217808,0,0.9999999999999999,1,0.6,0,0.7999999999999999,0
2372,5,5,4.97607203107444,0.23897884479990766,1,0.7999999999999999,0,0.9999999999999999,1,0.7999999999999999,0
2373,4,4,4.294208532780625,0.2702492017546936,0,1.0,1,1.0,1,1.0,1
2374,5,4,19.212654576262327,0.5617940224831273,4,0.19999999999999998,0,0.9999999999999999,1,0.19999999999999998,0
2375,4,3,5.900853900775777,0.2700714955567988,1,0.6666666666666669,0,1.0,1,0.3333333333333334,0
2376,5,5,2.2302169536586094,0.11698358698565373,0,0.9999999999999999,1,0.9999999999999999,1,0.7999999999999999,0
2377,5,3,2.318916227644334,0.11795828166564015,0,0.9999999999999999,1,0.9999999999999999,1,0.9999999999999999,1
2378,8,3,7.357200869366314,0.350076564141073,7,0.4999999999999999,0,0.7857142857142856,0,0.4999999999999999,0
2379,6,3,3.1190880913632784,0.1330867532157371,1,0.8666666666666666,0,0.9999999999999999,1,0.8666666666666666,0
2380,5,3,18.308857644646878,0.18328995606179221,1,0.7999999999999999,0,0.9999999999999999,1,0.7999999999999999,0
2381,8,5,2.2780083367157324,0.12244941546889601,1,0.9285714285714285,0,0.9285714285714285,0,0.9285714285714285,0
2382,8,5,7.567125920417273,0.1272344074078649,1,0.9285714285714285,0,0.9285714285714285,0,0.7142857142857142,0
2383,4,4,437.34656250573966,0.26140775193602506,1,0.6666666666666669,0,0.6666666666666669,0,0.6666666666666669,0
2384,6,5,3.563375027725525,0.15262666748797876,0,0.9999999999999999,1,0.9999999999999999,1,0.9999999999999999,1
2385,10,4,5.616644721397564,0.23168575490418503,7,0.6888888888888888,0,0.8666666666666666,0,0.6888888888888888,0
2386,4,5,4.300238288890712,0.18687894541598832,2,0.3333333333333334,0,0.6666666666666669,0,0.3333333333333334,0
2387,10,4,33.28059801545251,0.4536360902797664,13,0.4222222222222222,0,0.7333333333333333,0,0.19999999999999998,0
2388,6,5,7.45203532965797,0.34101239428709473,3,0.6,0,0.9999999999999999,1,0.7333333333333333,0
2389,8,3,44.23299841455418,0.7121245213917331,11,0.21428571428571427,0,0.9285714285714285,0,0.21428571428571427,0
2390,5,4,1.8773643506170044,0.06652466866062733,0,0.9999999999999999,1,0.9999999999999999,1,0.9999999999999999,1
2391,5,5,1.8854429801132568,0.12252643596213889,1,0.7999999999999999,0,0.9999999999999999,1,0.7999999999999999,0
2392,8,5,1.89621853534286,0.08712401942915074,1,0.9285714285714285,0,0.9999999999999998,1,0.9999999999999998,1
2393,8,3,4.0639681070006075,0.11752368812839664,1,0.9285714285714285,0,0.9999999999999998,1,0.9285714285714285,0
2394,8,3,34.673487071597116,0.44450035072636884,3,0.7857142857142856,0,0.9285714285714285,0,0.7857142857142856,0
2395,10,3,126.34074321808315,0.24660587471457024,6,0.7333333333333333,0,0.8222222222222221,0,0.6888888888888888,0
2396,4,3,19.66208608802302,0.061257154421904825,1,0.6666666666666669,0,1.0,1,0.6666666666666669,0
2397,8,5,38.20259496036045,0.14148767922903321,4,0.7142857142857142,0,0.8571428571428571,0,0.8571428571428571,0
2398,4,3,2.6061438925138773,0.21856199330724096,2,0.3333333333333334,0,0.6666666666666669,0,0.0,0
2399,10,4,2.2866303113343824,0.17524326412614036,1,0.9555555555555554,0,0.9555555555555554,0,0.911111111111111,0
2400,10,3,2.144753182269998,0.09297774817025062,0,0.9999999999999999,1,0.9555555555555554,0,0.911111111111111,0
2401,5,5,10.771797769288737,0.15115108525548715,1,0.7999999999999999,0,0.9999999999999999,1,0.7999999999999999,0
2402,4,3,8.575304074615707,0.10207745260543816,0,1.0,1,1.0,1,1.0,1
2403,5,4,6.308217057290426,0.08455550656646768,1,0.7999999999999999,0,0.7999999999999999,0,0.7999999999999999,0
2404,4,4,3.0621775039266503,0.0892815408750994,1,0.6666666666666669,0,1.0,1,0.6666666666666669,0
2405,10,5,24.558291323962642,0.06904356297437486,0,0.9999999999999999,1,0.9555555555555554,0,0.911111111111111,0
2406,10,3,4.440531577353472,0.057984489730694005,1,0.9555555555555554,0,0.9999999999999999,1,0.9555555555555554,0
2407,10,4,253.1995191667023,0.4470324549706375,12,0.4666666666666666,0,0.8666666666666666,0,0.4222222222222222,0
2408,4,5,9.822029196978718,0.1531379035873152,0,1.0,1,1.0,1,1.0,1
2409,5,5,3.517421916288305,0.22161427136252476,1,0.7999999999999999,0,0.9999999999999999,1,0.6,0
2410,8,3,1.738134841124737,0.09841367234000689,3,0.7857142857142856,0,0.9999999999999998,1,0.7857142857142856,0
2411,8,3,2.3794083175903986,0.13256757693539606,1,0.9285714285714285,0,0.9285714285714285,0,0.9999999999999998,1
2412,8,4,2.6557199924497628,0.14108378458573376,3,0.7857142857142856,0,0.8571428571428571,0,0.7142857142857142,0
2413,8,3,2.396429717848174,0.15977156815952548,5,0.6428571428571428,0,0.7857142857142856,0,0.6428571428571428,0
2414,6,3,2.5508401946376287,0.15637269210171906,0,0.9999999999999999,1,0.8666666666666666,0,0.9999999999999999,1
2415,8,5,16.642883011625194,0.17641688398680808,4,0.7142857142857142,0,0.42857142857142855,0,0.5714285714285714,0
2416,6,3,2.462260070030286,0.12039506519643903,2,0.7333333333333333,0,0.9999999999999999,1,0.7333333333333333,0
2417,5,3,1.4129173153406729,0.07630553656168068,0,0.9999999999999999,1,0.9999999999999999,1,0.7999999999999999,0
2418,5,5,15.30665771454885,0.23622099607537736,1,0.7999999999999999,0,0.7999999999999999,0,0.6,0
2419,4,4,4.669576899284799,0.34437907256521966,1,0.6666666666666669,0,0.6666666666666669,0,1.0,1
2420,5,4,4.222403839122427,0.26658696119436553,1,0.7999999999999999,0,0.9999999999999999,1,0.7999999999999999,0
2421,10,4,4.850398899742459,0.21073317287568882,6,0.7333333333333333,0,0.8666666666666666,0,0.7777777777777777,0
2422,5,3,2.499607468271139,0.18464044485155787,2,0.6,0,0.7999999999999999,0,0.6,0
2423,4,5,4.0969285249580984,0.2197071279881584,1,0.6666666666666669,0,0.6666666666666669,0,0.3333333333333334,0
2424,10,3,3.690880984145259,0.2622457389166363,5,0.7777777777777777,0,0.9555555555555554,0,0.7333333333333333,0
2425,6,5,4.593320899043848,0.19018497558627817,1,0.8666666666666666,0,0.7333333333333333,0,0.8666666666666666,0
2426,6,5,2.054984443720322,0.07938127100652896,1,0.8666666666666666,0,0.8666666666666666,0,0.7333333333333333,0
2427,8,3,8.008199930630484,0.24074589107883027,2,0.8571428571428571,0,0.9285714285714285,0,0.8571428571428571,0
2428,5,3,8.023207996949193,0.20249020502823087,0,0.9999999999999999,1,0.9999999999999999,1,0.9999999999999999,1
2429,8,3,37.77832059669977,0.3673340902161347,10,0.2857142857142857,0,0.9999999999999998,1,0.3571428571428571,0
2430,8,5,2.758482085475974,0.08343646182728735,2,0.8571428571428571,0,0.9999999999999998,1,0.8571428571428571,0
2431,4,3,4.076484318567317,0.08829238497467426,0,1.0,1,1.0,1,1.0,1
2432,6,5,1.3103371488899505,0.05024486321791957,1,0.8666666666666666,0,0.7333333333333333,0,0.7333333333333333,0
2433,4,4,42.40229656846266,0.2122922300885996,0,1.0,1,1.0,1,1.0,1
2434,6,3,6.035767354145722,0.14538291096517128,0,0.9999999999999999,1,0.9999999999999999,1,0.9999999999999999,1
2435,6,3,12.809774978029749,0.10419516996739328,0,0.9999999999999999,1,0.9999999999999999,1,0.9999999999999999,1
2436,8,5,9.42430166479532,0.22681691893983055,2,0.8571428571428571,0,0.9285714285714285,0,0.9285714285714285,0
2437,5,5,368.4830672109975,0.3010159575325341,1,0.7999999999999999,0,0.9999999999999999,1,0.7999999999999999,0
2438,8,5,9.802281063828856,0.27915350979603265,6,0.5714285714285714,0,0.7857142857142856,0,0.5714285714285714,0
2439,6,5,1.9256524074206887,0.061290375479397134,1,0.8666666666666666,0,0.8666666666666666,0,0.8666666666666666,0
2440,6,4,4.6845403136922705,0.29695863182018256,3,0.6,0,0.8666666666666666,0,0.7333333333333333,0
2441,6,3,1.8911264878536267,0.04507346767677617,1,0.8666666666666666,0,0.7333333333333333,0,0.8666666666666666,0
2442,4,3,18.120236366109634,0.357420524069887,1,0.6666666666666669,0,0.6666666666666669,0,0.6666666666666669,0
2443,6,5,5.432436233062387,0.3040875797410661,2,0.7333333333333333,0,0.8666666666666666,0,0.6,0
2444,4,5,3.162063827031085,0.06364145872801524,1,0.6666666666666669,0,0.6666666666666669,0,0.6666666666666669,0
2445,4,3,4.181096883515251,0.3180137571534313,2,0.3333333333333334,0,0.6666666666666669,0,0.3333333333333334,0
2446,8,4,1.5170254688417737,0.042498620509337,0,0.9999999999999998,1,0.9285714285714285,0,0.9999999999999998,1
2447,10,5,24.29534851506532,0.2176096790053349,7,0.6888888888888888,0,0.911111111111111,0,0.7333333333333333,0
2448,5,5,11.24293018968245,0.23064389998650137,1,0.7999999999999999,0,0.9999999999999999,1,0.7999999999999999,0
2449,5,5,15.139060799420168,0.23352900549537375,1,0.7999999999999999,0,0.9999999999999999,1,0.9999999999999999,1
2450,10,4,14.560780646377856,0.560364562301363,16,0.28888888888888886,0,0.9555555555555554,0,0.37777777777777777,0
2451,8,4,3.872037395841733,0.2391325704408011,4,0.7142857142857142,0,0.6428571428571428,0,0.6428571428571428,0
2452,5,5,6.654521514918262,0.3118951515326803,7,-0.39999999999999997,0,0.7999999999999999,0,-0.39999999999999997,0
2453,4,5,4.624683442082476,0.1120745086737669,0,1.0,1,1.0,1,1.0,1
2454,10,5,2.7963673080460993,0.08653447075477388,4,0.8222222222222221,0,0.8222222222222221,0,0.7777777777777777,0
2455,10,4,2.4959178789216057,0.1150841255549022,3,0.8666666666666666,0,0.8666666666666666,0,0.8222222222222221,0
2456,6,4,3.14032000341169,0.05346731763571923,0,0.9999999999999999,1,0.9999999999999999,1,0.9999999999999999,1
2457,4,3,14.103509359331833,0.4212399143553279,2,0.3333333333333334,0,0.6666666666666669,0,0.0,0
2458,5,5,2.7410835651305727,0.08932997006206464,0,0.9999999999999999,1,0.7999999999999999,0,0.7999999999999999,0
2459,6,4,3.9256772242793625,0.2586378848352652,2,0.7333333333333333,0,0.7333333333333333,0,0.9999999999999999,1
2460,4,3,4.02895033398529,0.2628549592433216,0,1.0,1,1.0,1,1.0,1
2461,5,4,1.9248590275092992,0.12185562313249024,0,0.9999999999999999,1,0.9999999999999999,1,0.9999999999999999,1
2462,5,5,6.166600640125128,0.2606578081405983,2,0.6,0,0.7999999999999999,0,0.6,0
2463,6,4,13.086653663437872,0.3655565833463413,8,-0.06666666666666665,0,0.8666666666666666,0,-0.06666666666666665,0
2464,4,3,4.264496557216957,0.25737239419388225,1,0.6666666666666669,0,1.0,1,0.6666666666666669,0
2465,4,5,7.765588142186778,0.08025922572099727,1,0.6666666666666669,0,1.0,1,0.6666666666666669,0
2466,4,3,4.561590858233965,0.30454223599631774,1,0.6666666666666669,0,1.0,1,0.3333333333333334,0
2467,4,3,2.7071564649014563,0.1642782263386799,0,1.0,1,1.0,1,1.0,1
2468,5,5,1.8996418589574644,0.08158065618118929,0,0.9999999999999999,1,0.7999999999999999,0,0.7999999999999999,0
2469,5,5,6.308053170236866,0.31573687840729714,2,0.6,0,0.9999999999999999,1,0.6,0
2470,4,5,2349.5978056342983,0.313491373984524,5,-0.6666666666666669,0,0.3333333333333334,0,-0.6666666666666669,0
2471,6,4,3.3851908187231534,0.2165956897661931,1,0.8666666666666666,0,0.8666666666666666,0,0.3333333333333333,0
2472,5,3,2.5160942905244377,0.12748949433542212,1,0.7999999999999999,0,0.9999999999999999,1,0.6,0
2473,5,5,5.54314279036121,0.26969519088759486,1,0.7999999999999999,0,0.9999999999999999,1,0.7999999999999999,0
2474,6,3,3.6482571626597893,0.11172089999797108,2,0.7333333333333333,0,0.9999999999999999,1,0.8666666666666666,0
2475,10,3,38.56357755258065,0.39787530680301086,5,0.7777777777777777,0,0.7777777777777777,0,0.7333333333333333,0
2476,5,5,3.6952101745052883,0.20464099578526596,1,0.7999999999999999,0,0.6,0,0.7999999999999999,0
2477,8,3,2.5258377266159955,0.13417896963727954,2,0.8571428571428571,0,0.9285714285714285,0,0.8571428571428571,0
2478,5,3,1.9538945887468495,0.09525551341123084,0,0.9999999999999999,1,0.7999999999999999,0,0.9999999999999999,1
2479,8,5,55.44894578315967,0.3938795307141708,17,-0.21428571428571427,0,0.8571428571428571,0,-0.2857142857142857,0
2480,8,3,1.5140463031894296,0.052494299280236814,0,0.9999999999999998,1,0.7857142857142856,0,0.7857142857142856,0
2481,10,4,5.425834476899598,0.08989579618185863,0,0.9999999999999999,1,0.7777777777777777,0,0.7777777777777777,0
2482,10,5,45.062412900896355,0.4250984083440863,13,0.4222222222222222,0,0.9555555555555554,0,0.24444444444444444,0
2483,6,4,2.0679423426341876,0.09503583790440326,1,0.8666666666666666,0,0.9999999999999999,1,0.9999999999999999,1
2484,10,3,2.8399477065284717,0.18601022281112162,4,0.8222222222222221,0,0.8222222222222221,0,0.6888888888888888,0
2485,8,3,3.2196794472175583,0.22689787666514838,4,0.7142857142857142,0,0.8571428571428571,0,0.9285714285714285,0
2486,4,4,8.562892630625246,0.21511213694424783,1,0.6666666666666669,0,0.6666666666666669,0,0.6666666666666669,0
2487,5,3,5.0570989654182466,0.3496123220764702,1,0.7999999999999999,0,0.7999999999999999,0,0.6,0
2488,5,3,14.633074301580441,0.3112228938657838,0,0.9999999999999999,1,0.9999999999999999,1,0.7999999999999999,0
2489,4,4,2.9475976917816387,0.20291515014575234,1,0.6666666666666669,0,1.0,1,0.6666666666666669,0
2490,6,5,6.802744348975921,0.1902784003528794,3,0.6,0,0.6,0,0.6,0
2491,5,3,2.163017067231291,0.16089104182803848,0,0.9999999999999999,1,0.9999999999999999,1,0.9999999999999999,1
2492,6,5,2.9785008356265794,0.1481742812144704,10,-0.3333333333333333,0,0.7333333333333333,0,-0.7333333333333333,0
2493,8,4,22.417073053139486,0.35138397469275984,2,0.8571428571428571,0,0.9285714285714285,0,0.8571428571428571,0
2494,6,5,4.341311942977443,0.09587267010773352,2,0.7333333333333333,0,0.9999999999999999,1,0.7333333333333333,0
2495,4,5,14.681774702014618,0.3176401072932593,1,0.6666666666666669,0,1.0,1,0.6666666666666669,0
2496,5,5,39.07018644503577,0.2687926152124751,0,0.9999999999999999,1,0.7999999999999999,0,0.7999999999999999,0
2497,6,3,1.8711871992248468,0.10076586208095165,1,0.8666666666666666,0,0.4666666666666666,0,0.6,0
2498,6,4,5.046078313587048,0.19101723020330702,1,0.8666666666666666,0,0.9999999999999999,1,0.8666666666666666,0
2499,10,3,2.849563421863261,0.14211914885245172,8,0.6444444444444444,0,0.7777777777777777,0,0.8666666666666666,0
2500,5,3,6.434142605024639,0.22720349773638585,0,0.9999999999999999,1,0.9999999999999999,1,0.7999999999999999,0
2501,10,5,4.567722807383422,0.22381918978836998,1,0.9555555555555554,0,0.9555555555555554,0,0.8666666666666666,0
2502,8,3,3.279581347291033,0.07701371195748899,4,0.7142857142857142,0,0.9999999999999998,1,0.7142857142857142,0
2503,10,5,18.237922029762522,0.23567734048955133,7,0.6888888888888888,0,0.911111111111111,0,0.6888888888888888,0
2504,8,3,3.242543069032912,0.2661193086198593,1,0.9285714285714285,0,0.8571428571428571,0,0.9285714285714285,0
2505,6,3,3.4366166025351954,0.2517032657532451,1,0.8666666666666666,0,0.9999999999999999,1,0.8666666666666666,0
2506,4,5,29.851862697634427,0.5108096625507192,1,0.6666666666666669,0,1.0,1,0.6666666666666669,0
2507,8,3,1.5865540802407294,0.038526132239682306,1,0.9285714285714285,0,0.8571428571428571,0,0.9285714285714285,0
2508,10,4,2.6721285367733802,0.20482939826736152,5,0.7777777777777777,0,0.911111111111111,0,0.7333333333333333,0
2509,4,4,11.023972453121962,0.293272163802374,1,0.6666666666666669,0,1.0,1,0.6666666666666669,0
2510,6,3,89.69714900014576,0.446874287828714,4,0.4666666666666666,0,0.9999999999999999,1,0.4666666666666666,0
2511,10,5,5.031328545936529,0.21434671075392703,4,0.8222222222222221,0,0.911111111111111,0,0.7777777777777777,0
2512,5,4,2.038712855375351,0.06934531116979514,0,0.9999999999999999,1,0.7999999999999999,0,0.7999999999999999,0
2513,5,4,23.88877722462147,0.2290170837921542,1,0.7999999999999999,0,0.9999999999999999,1,0.9999999999999999,1
2514,6,3,1.4185844302313642,0.0522340756020494,1,0.8666666666666666,0,0.7333333333333333,0,0.8666666666666666,0
2515,4,5,2.5664641765276275,0.18025822768782482,0,1.0,1,1.0,1,1.0,1
2516,10,5,21.480612232301358,0.12709685479864063,2,0.911111111111111,0,0.9555555555555554,0,0.911111111111111,0
2517,8,5,3.791506868166314,0.11443018490457883,3,0.7857142857142856,0,0.3571428571428571,0,0.42857142857142855,0
2518,5,4,2.941065572078671,0.10577588106327081,1,0.7999999999999999,0,0.7999999999999999,0,0.6,0
2519,6,4,1.8623652638440717,0.051585466407407736,0,0.9999999999999999,1,0.9999999999999999,1,0.9999999999999999,1
2520,5,5,2.7267136760876753,0.18681702804191655,4,0.19999999999999998,0,0.9999999999999999,1,0.39999999999999997,0
2521,8,4,11.49363302597151,0.3048280533804062,6,0.5714285714285714,0,0.8571428571428571,0,0.7142857142857142,0
2522,5,4,4.558304897242648,0.17358241319381185,2,0.6,0,0.9999999999999999,1,0.6,0
2523,8,4,3.9284446196907865,0.16232535066298037,4,0.7142857142857142,0,0.9999999999999998,1,0.8571428571428571,0
2524,4,3,1.773170656371238,0.08955225867397344,0,1.0,1,1.0,1,1.0,1
2525,10,5,7.92814708948284,0.26495588382807056,11,0.5111111111111111,0,0.7333333333333333,0,0.5111111111111111,0
2526,8,3,1.4331977296301688,0.045378471947768624,1,0.9285714285714285,0,0.9285714285714285,0,0.8571428571428571,0
2527,5,5,18.495161022855594,0.3375845676216126,0,0.9999999999999999,1,0.9999999999999999,1,0.9999999999999999,1
2528,4,3,3.863755774615253,0.30061398825309515,0,1.0,1,0.6666666666666669,0,1.0,1
2529,6,4,3.117812500551045,0.10717731152684343,0,0.9999999999999999,1,0.7333333333333333,0,0.8666666666666666,0
2530,10,3,11.346186474706984,0.5065560510415493,14,0.37777777777777777,0,0.9555555555555554,0,0.3333333333333333,0
2531,8,5,3.0423177790943545,0.1693992084287659,2,0.8571428571428571,0,0.9999999999999998,1,0.9285714285714285,0
2532,8,4,3.8469569231567586,0.26695731180211246,3,0.7857142857142856,0,0.9999999999999998,1,0.5714285714285714,0
2533,6,5,4.28462136738586,0.2774163339663891,2,0.7333333333333333,0,0.9999999999999999,1,0.8666666666666666,0
2534,4,4,4.413616982469637,0.27303545274999125,1,0.6666666666666669,0,0.6666666666666669,0,0.3333333333333334,0
2535,8,4,1.8158456448114215,0.08738883651874718,1,0.9285714285714285,0,0.9285714285714285,0,0.9999999999999998,1
2536,6,4,1.8378375243402452,0.0777019325609161,0,0.9999999999999999,1,0.9999999999999999,1,0.9999999999999999,1
2537,10,3,20.465744840995328,0.5816155538991751,12,0.4666666666666666,0,0.911111111111111,0,0.5111111111111111,0
2538,5,4,8.180323793835539,0.19361874952427197,0,0.9999999999999999,1,0.9999999999999999,1,0.9999999999999999,1
2539,4,5,26.713248401052443,0.17211636034632047,1,0.6666666666666669,0,1.0,1,0.6666666666666669,0
2540,6,5,12.257169352965107,0.24692923739600986,6,0.2,0,0.6,0,0.06666666666666665,0
2541,8,4,3.8001989763422737,0.19609959870147242,3,0.7857142857142856,0,0.9285714285714285,0,0.7142857142857142,0
2542,10,3,4.207670026613003,0.2455314544627913,3,0.8666666666666666,0,0.911111111111111,0,0.8222222222222221,0
2543,5,3,175.17091457964455,0.45660629400305053,4,0.19999999999999998,0,0.9999999999999999,1,0.19999999999999998,0
2544,6,3,2.781101825490303,0.1750315968962206,2,0.7333333333333333,0,0.9999999999999999,1,0.9999999999999999,1
2545,10,3,1.1351910571980124,0.028478017940093178,0,0.9999999999999999,1,0.9555555555555554,0,0.9555555555555554,0
2546,5,5,5.3709352773468195,0.13117748187835876,3,0.39999999999999997,0,0.6,0,0.39999999999999997,0
2547,5,3,2.8475070830519953,0.10994161633014826,1,0.7999999999999999,0,0.9999999999999999,1,0.7999999999999999,0
2548,8,3,6.394320629844385,0.07348871443431058,0,0.9999999999999998,1,0.9285714285714285,0,0.8571428571428571,0
2549,10,4,25.694017059446264,0.40871344333662657,12,0.4666666666666666,0,0.9999999999999999,1,0.37777777777777777,0
2550,4,3,1.8388255869688437,0.1297713325524773,0,1.0,1,1.0,1,1.0,1
2551,8,5,9.598472693289775,0.1502318403179866,2,0.8571428571428571,0,0.9999999999999998,1,0.8571428571428571,0
2552,5,3,1.4503843533708203,0.044086798440781796,0,0.9999999999999999,1,0.9999999999999999,1,0.9999999999999999,1
2553,5,4,18.98224102100035,0.3097117526046807,1,0.7999999999999999,0,0.9999999999999999,1,0.7999999999999999,0
2554,8,3,4.767518427841703,0.26180848136096446,5,0.6428571428571428,0,0.8571428571428571,0,0.5714285714285714,0
2555,4,4,26.1895346110206,0.19885763063754447,0,1.0,1,1.0,1,1.0,1
2556,10,5,8.825761873226297,0.19666593508032482,3,0.8666666666666666,0,0.9999999999999999,1,0.7777777777777777,0
2557,5,5,5.253252723790346,0.20650343550830155,1,0.7999999999999999,0,0.7999999999999999,0,0.7999999999999999,0
2558,4,3,3.5354295704580263,0.13594898724857857,0,1.0,1,1.0,1,1.0,1
2559,5,4,2.097551433434055,0.165520160665174,1,0.7999999999999999,0,0.7999999999999999,0,0.7999999999999999,0
2560,10,4,6.52606357945367,0.19772603331231822,4,0.8222222222222221,0,0.911111111111111,0,0.7777777777777777,0
2561,5,4,4.622581096864866,0.3227775249988395,5,0.0,0,0.6,0,0.19999999999999998,0
2562,5,4,2.1301605993513504,0.13370150807559542,2,0.6,0,0.39999999999999997,0,0.7999999999999999,0
2563,8,5,12.059963947277339,0.26675806932815227,3,0.7857142857142856,0,0.9999999999999998,1,0.7857142857142856,0
2564,6,3,1.5310213316816783,0.09279879445419292,1,0.8666666666666666,0,0.8666666666666666,0,0.6,0
2565,10,4,2.0270596964179544,0.10347885767566972,1,0.9555555555555554,0,0.911111111111111,0,0.911111111111111,0
2566,5,5,3.1371043709488147,0.111864858723456,0,0.9999999999999999,1,0.7999999999999999,0,0.7999999999999999,0
2567,10,4,2.431392827512674,0.14545835282327552,3,0.8666666666666666,0,0.911111111111111,0,0.8222222222222221,0
2568,5,3,3.943712344554652,0.12431899129049162,0,0.9999999999999999,1,0.9999999999999999,1,0.9999999999999999,1
2569,5,5,3.4960480513140832,0.15749420808465886,0,0.9999999999999999,1,0.9999999999999999,1,0.9999999999999999,1
2570,6,3,9.920543124012402,0.40712113663893246,1,0.8666666666666666,0,0.8666666666666666,0,0.7333333333333333,0
2571,5,5,8.907754818975507,0.08208044914795717,0,0.9999999999999999,1,0.7999999999999999,0,0.9999999999999999,1
2572,6,4,1.9321083260902512,0.043950375608197895,0,0.9999999999999999,1,0.9999999999999999,1,0.9999999999999999,1
2573,4,3,1.5898086630342398,0.066491750139291,0,1.0,1,0.6666666666666669,0,1.0,1
2574,4,4,6.164779967651551,0.33231564226451027,1,0.6666666666666669,0,1.0,1,0.0,0
2575,4,3,66.18115209128786,0.7236174099362382,2,0.3333333333333334,0,1.0,1,0.3333333333333334,0
2576,5,5,4.00559230337748,0.2829387520202532,4,0.19999999999999998,0,0.39999999999999997,0,0.19999999999999998,0
2577,4,4,4.163032611486383,0.21180952745361462,0,1.0,1,1.0,1,1.0,1
2578,8,4,37.90635031868649,0.20790068316980123,1,0.9285714285714285,0,0.9285714285714285,0,0.8571428571428571,0
2579,5,5,10.898746020709053,0.05952867338926318,0,0.9999999999999999,1,0.9999999999999999,1,0.9999999999999999,1
2580,6,3,27.349322532251744,0.30393676652544005,3,0.6,0,0.9999999999999999,1,0.6,0
2581,4,3,5.602213086821766,0.1047591987123573,1,0.6666666666666669,0,0.6666666666666669,0,0.6666666666666669,0
2582,6,5,2.2402210573677506,0.05137956011654739,0,0.9999999999999999,1,0.6,0,0.6,0
2583,8,4,5.597489997817884,0.1779503409394409,1,0.9285714285714285,0,0.8571428571428571,0,0.7142857142857142,0
2584,8,5,2.338727150992904,0.05030657753734587,1,0.9285714285714285,0,0.8571428571428571,0,0.8571428571428571,0
2585,4,3,3.819364129389687,0.14798159404790007,0,1.0,1,0.6666666666666669,0,1.0,1
2586,8,3,1.770434870580941,0.11206773902348027,4,0.7142857142857142,0,0.9285714285714285,0,0.7857142857142856,0
2587,6,4,3.3131539132606016,0.22523949838576238,2,0.7333333333333333,0,0.6,0,0.8666666666666666,0
2588,8,4,515.0312582986068,0.20830095140131855,7,0.4999999999999999,0,0.8571428571428571,0,0.42857142857142855,0
2589,10,5,120.33452298559828,0.40374101393559914,11,0.5111111111111111,0,0.911111111111111,0,0.4666666666666666,0
2590,8,5,8.779002642375033,0.3809925386365711,8,0.42857142857142855,0,0.8571428571428571,0,0.4999999999999999,0
2591,8,5,19.96477032205297,0.3230405394368976,2,0.8571428571428571,0,0.9285714285714285,0,0.8571428571428571,0
2592,8,3,5.431288941482204,0.23404112736409932,2,0.8571428571428571,0,0.9999999999999998,1,0.7857142857142856,0
2593,6,3,2.3720570982346643,0.12952942714623522,0,0.9999999999999999,1,0.8666666666666666,0,0.9999999999999999,1
2594,5,5,28.47893326466084,0.17846307590741334,0,0.9999999999999999,1,0.7999999999999999,0,0.7999999999999999,0
2595,8,3,5.600540673603817,0.2749184202467023,3,0.7857142857142856,0,0.9285714285714285,0,0.9285714285714285,0
2596,8,3,3.288499262448,0.14833828290657175,3,0.7857142857142856,0,0.9999999999999998,1,0.7857142857142856,0
2597,5,5,12.693888418696794,0.35440015134008,4,0.19999999999999998,0,0.9999999999999999,1,0.19999999999999998,0
2598,6,4,9.442449804803111,0.24059537053645996,0,0.9999999999999999,1,0.7333333333333333,0,0.8666666666666666,0
2599,5,4,11.997054976716612,0.12350981469090722,0,0.9999999999999999,1,0.9999999999999999,1,0.9999999999999999,1
2600,5,5,36.31718010068764,0.20894487156790004,1,0.7999999999999999,0,0.7999999999999999,0,0.6,0
2601,6,3,2.7730005693296866,0.2359930099032423,3,0.6,0,0.8666666666666666,0,0.2,0
2602,4,5,12.980490943931468,0.3134395694202218,1,0.6666666666666669,0,0.6666666666666669,0,0.6666666666666669,0
2603,4,5,9.57394416584741,0.24467432752868917,1,0.6666666666666669,0,1.0,1,1.0,1
2604,5,3,3.248704018684949,0.14864147928525165,2,0.6,0,0.9999999999999999,1,0.7999999999999999,0
2605,5,3,1.6366512601253165,0.06556422055583866,0,0.9999999999999999,1,0.9999999999999999,1,0.9999999999999999,1
2606,8,5,5.896844657858321,0.28795858212012904,3,0.7857142857142856,0,0.8571428571428571,0,0.8571428571428571,0
2607,5,3,6.840738478248948,0.4292129081855968,3,0.39999999999999997,0,0.9999999999999999,1,0.19999999999999998,0
2608,4,5,3.7258954218116065,0.18420925811730643,0,1.0,1,1.0,1,1.0,1
2609,8,5,10.026292169554598,0.16433897632007205,3,0.7857142857142856,0,0.9285714285714285,0,0.7857142857142856,0
2610,10,3,21.14725016048023,0.16958767511365588,4,0.8222222222222221,0,0.8666666666666666,0,0.8222222222222221,0
2611,5,5,4.0463916088972525,0.18988931548669086,0,0.9999999999999999,1,0.9999999999999999,1,0.9999999999999999,1
2612,6,5,4.644953837204986,0.11669983555158868,0,0.9999999999999999,1,0.8666666666666666,0,0.9999999999999999,1
2613,5,3,4.56322602236107,0.2344111392254679,2,0.6,0,0.9999999999999999,1,0.6,0
2614,5,4,2.5817506140680826,0.07786783092722699,0,0.9999999999999999,1,0.9999999999999999,1,0.9999999999999999,1
2615,8,4,30.481220229479128,0.16602639421911813,4,0.7142857142857142,0,0.9999999999999998,1,0.7857142857142856,0
2616,8,5,6.046832681913258,0.2596157139227385,5,0.6428571428571428,0,0.7857142857142856,0,0.6428571428571428,0
2617,4,5,6.150623932233773,0.2414491979420752,2,0.3333333333333334,0,1.0,1,0.0,0
2618,5,5,6.3252661686403355,0.15227146010270004,1,0.7999999999999999,0,0.7999999999999999,0,0.7999999999999999,0
2619,4,5,9.825066885473863,0.23309413528890321,0,1.0,1,1.0,1,1.0,1
2620,4,3,21.862240756792232,0.463152658369956,3,0.0,0,1.0,1,0.0,0
2621,8,3,4.188459763932688,0.15722326777900061,2,0.8571428571428571,0,0.9999999999999998,1,0.8571428571428571,0
2622,10,5,4.8281978656909486,0.1985330239595673,2,0.911111111111111,0,0.8222222222222221,0,0.8666666666666666,0
2623,6,4,8.704857530431601,0.3590769264910055,5,0.3333333333333333,0,0.9999999999999999,1,0.3333333333333333,0
2624,8,4,2.807704142068336,0.24313223071615003,2,0.8571428571428571,0,0.8571428571428571,0,0.9285714285714285,0
2625,6,5,27.319336925903503,0.30131927036461237,2,0.7333333333333333,0,0.9999999999999999,1,0.4666666666666666,0
2626,4,3,1.2559759752489086,0.04416598906948192,2,0.3333333333333334,0,0.3333333333333334,0,0.3333333333333334,0
2627,5,3,9.152622212397231,0.28798210034037264,2,0.6,0,0.9999999999999999,1,0.39999999999999997,0
2628,6,4,22.089823982363143,0.19804996081914772,2,0.7333333333333333,0,0.9999999999999999,1,0.7333333333333333,0
2629,5,3,8.33659222614816,0.3589789120458167,4,0.19999999999999998,0,0.7999999999999999,0,0.19999999999999998,0
2630,10,5,327.21173214045433,0.459670071683132,15,0.3333333333333333,0,0.6888888888888888,0,0.37777777777777777,0
2631,10,4,4.068358934061761,0.2237233051596013,11,0.5111111111111111,0,0.6444444444444444,0,0.4666666666666666,0
2632,4,3,3.348472370681601,0.28632308984827026,2,0.3333333333333334,0,0.6666666666666669,0,0.3333333333333334,0
2633,5,4,12.630219792125096,0.423067623364133,2,0.6,0,0.9999999999999999,1,0.6,0
2634,6,3,11.181286368890317,0.15309185735644498,3,0.6,0,0.7333333333333333,0,0.4666666666666666,0
2635,4,5,4.986378176197115,0.2907983354991487,0,1.0,1,0.6666666666666669,0,0.6666666666666669,0
2636,10,4,2.8682812907092163,0.18989811390715372,4,0.8222222222222221,0,0.911111111111111,0,0.6,0
2637,8,3,2.8787447216811595,0.21957112026750936,6,0.5714285714285714,0,0.9285714285714285,0,0.5714285714285714,0
2638,8,4,9.649910420444572,0.3120507723378555,5,0.6428571428571428,0,0.9999999999999998,1,0.6428571428571428,0
2639,5,4,7.457859652957993,0.21632567548932669,2,0.6,0,0.7999999999999999,0,0.6,0
2640,5,5,8.570851776687277,0.14210205932043157,0,0.9999999999999999,1,0.7999999999999999,0,0.9999999999999999,1
2641,8,4,3.425240212734019,0.1920958002957718,2,0.8571428571428571,0,0.9999999999999998,1,0.8571428571428571,0
2642,5,3,1.8072883094652423,0.1400636575039216,1,0.7999999999999999,0,0.9999999999999999,1,0.9999999999999999,1
2643,10,4,7.2315802661549675,0.2638306952133773,6,0.7333333333333333,0,0.9999999999999999,1,0.6,0
2644,4,5,2.990101597045973,0.08632627514362823,0,1.0,1,0.6666666666666669,0,1.0,1
2645,8,3,2.1570690510478165,0.028394725392083382,1,0.9285714285714285,0,0.8571428571428571,0,0.8571428571428571,0
2646,8,5,11.39140985955527,0.3162396252315547,9,0.3571428571428571,0,0.9999999999999998,1,0.14285714285714285,0
2647,5,3,6.830264253371642,0.19141246215681618,0,0.9999999999999999,1,0.9999999999999999,1,0.9999999999999999,1
2648,4,4,29.929964866203143,0.15624486219434827,1,0.6666666666666669,0,0.6666666666666669,0,0.6666666666666669,0
2649,6,5,10.498687458029774,0.25446955575999236,4,0.4666666666666666,0,0.4666666666666666,0,0.3333333333333333,0
2650,5,3,2.7139150644639587,0.14823742012714533,1,0.7999999999999999,0,0.7999999999999999,0,0.7999999999999999,0
2651,10,3,43.85782723335704,0.13449806614289972,3,0.8666666666666666,0,0.9555555555555554,0,0.8666666666666666,0
2652,5,4,5.619842516874288,0.06324515168272421,0,0.9999999999999999,1,0.7999999999999999,0,0.7999999999999999,0
2653,8,3,3.9033618512737167,0.0732457429914723,2,0.8571428571428571,0,0.9285714285714285,0,0.8571428571428571,0
2654,8,5,10.129004662403283,0.33586678554045113,4,0.7142857142857142,0,0.8571428571428571,0,0.7142857142857142,0
2655,10,3,1.4008311043075663,0.07791770163716584,2,0.911111111111111,0,0.911111111111111,0,0.9555555555555554,0
2656,10,5,6.453519569380777,0.28368787653727606,8,0.6444444444444444,0,0.911111111111111,0,0.4222222222222222,0
2657,4,4,5.7223884291052,0.3158931046981759,3,0.0,0,0.6666666666666669,0,-0.3333333333333334,0
2658,5,3,5.60748122431625,0.38832264244453013,3,0.39999999999999997,0,0.7999999999999999,0,0.39999999999999997,0
2659,5,5,6.768892567904681,0.17773427370377817,0,0.9999999999999999,1,0.9999999999999999,1,0.9999999999999999,1
2660,6,5,9.280851862822932,0.2155409478016742,3,0.6,0,0.8666666666666666,0,0.6,0
2661,5,4,4.242315202970288,0.25527525018706704,1,0.7999999999999999,0,0.7999999999999999,0,0.7999999999999999,0
2662,10,4,18.818735023386573,0.3212520431957222,5,0.7777777777777777,0,0.8666666666666666,0,0.6888888888888888,0
2663,5,4,3.4958949379519217,0.11264156289989716,1,0.7999999999999999,0,0.7999999999999999,0,0.7999999999999999,0
2664,8,5,3.160445039521017,0.11221722084649904,0,0.9999999999999998,1,0.9285714285714285,0,0.9999999999999998,1
2665,8,5,5.560354743902036,0.08820552439434809,4,0.7142857142857142,0,0.9285714285714285,0,0.7857142857142856,0
2666,5,3,2.5515156474257985,0.16479101979195787,0,0.9999999999999999,1,0.9999999999999999,1,0.9999999999999999,1
2667,5,5,32.12965980563629,0.2700734900164946,2,0.6,0,0.9999999999999999,1,0.6,0
2668,10,4,5.905159900076308,0.3029253766871471,3,0.8666666666666666,0,0.9555555555555554,0,0.8666666666666666,0
2669,10,4,5.929353990867071,0.14388909338299,0,0.9999999999999999,1,0.911111111111111,0,0.8222222222222221,0
2670,10,4,2.614204771053813,0.17997959550058024,7,0.6888888888888888,0,0.911111111111111,0,0.6,0
2671,6,5,20.46702624561804,0.38006010855056627,2,0.7333333333333333,0,0.6,0,0.7333333333333333,0
2672,6,3,4.971069237915212,0.28055509803442763,0,0.9999999999999999,1,0.8666666666666666,0,0.9999999999999999,1
2673,6,5,5.865450874125439,0.22948602094284873,2,0.7333333333333333,0,0.7333333333333333,0,0.4666666666666666,0
2674,8,3,13.286873146324217,0.3479108615581397,6,0.5714285714285714,0,0.7857142857142856,0,0.6428571428571428,0
2675,8,4,6.61182856646229,0.21633687805004886,3,0.7857142857142856,0,0.9999999999999998,1,0.7857142857142856,0
2676,6,3,3.3517659955254406,0.08125899460026254,0,0.9999999999999999,1,0.9999999999999999,1,0.9999999999999999,1
2677,5,4,4.189084119353358,0.24087317060490365,1,0.7999999999999999,0,0.7999999999999999,0,0.6,0
2678,5,5,10.764340146454897,0.2543590389709686,2,0.6,0,0.7999999999999999,0,0.39999999999999997,0
2679,5,5,1.4700498739624892,0.08059908935378349,0,0.9999999999999999,1,0.7999999999999999,0,0.9999999999999999,1
2680,8,4,2.2474025185211546,0.10934155363216144,3,0.7857142857142856,0,0.7142857142857142,0,0.7857142857142856,0
2681,6,3,1.9930902238171229,0.14210691238150022,0,0.9999999999999999,1,0.9999999999999999,1,0.8666666666666666,0
2682,5,4,1.948304858673698,0.14267167855211188,0,0.9999999999999999,1,0.9999999999999999,1,0.9999999999999999,1
2683,5,5,1.7788701877733752,0.1068351949671747,0,0.9999999999999999,1,0.9999999999999999,1,0.9999999999999999,1
2684,5,5,9.779803657926196,0.11304579487035918,1,0.7999999999999999,0,0.9999999999999999,1,0.7999999999999999,0
2685,10,3,1.64270193809065,0.039720960140024776,1,0.9555555555555554,0,0.8222222222222221,0,0.8222222222222221,0
2686,5,3,2.068636155068513,0.03160863483187637,1,0.7999999999999999,0,0.9999999999999999,1,0.9999999999999999,1
2687,10,3,1.869352223625605,0.08175168434584773,2,0.911111111111111,0,0.911111111111111,0,0.8666666666666666,0
2688,8,3,6.541519851533345,0.39736735246390964,9,0.3571428571428571,0,0.8571428571428571,0,0.2857142857142857,0
2689,5,3,3.126023822695325,0.23968451434822607,2,0.6,0,0.9999999999999999,1,0.6,0
2690,8,4,11.350906593876738,0.2810700681689142,4,0.7142857142857142,0,0.8571428571428571,0,0.7142857142857142,0
2691,6,5,4.91922664530183,0.17120302623722675,2,0.7333333333333333,0,0.7333333333333333,0,0.8666666666666666,0
2692,4,4,4.152044059072145,0.09691818719808187,1,0.6666666666666669,0,0.6666666666666669,0,0.6666666666666669,0
2693,8,5,37.90738567653336,0.16647202392187438,3,0.7857142857142856,0,0.8571428571428571,0,0.7142857142857142,0
2694,8,4,10.030547030157525,0.25406495962403725,2,0.8571428571428571,0,0.9285714285714285,0,0.7142857142857142,0
2695,8,3,1.0783036510786832,0.01672098619111792,0,0.9999999999999998,1,0.7142857142857142,0,0.7142857142857142,0
2696,5,4,277.49981038803617,0.49623276419724477,4,0.19999999999999998,0,0.9999999999999999,1,0.19999999999999998,0
2697,10,4,15.833728592813262,0.12531779371618956,1,0.9555555555555554,0,0.8666666666666666,0,0.8222222222222221,0
2698,6,3,3.71990439211455,0.08419717070987112,1,0.8666666666666666,0,0.9999999999999999,1,0.8666666666666666,0
2699,8,4,1.5102642251347473,0.05371944585252765,1,0.9285714285714285,0,0.9285714285714285,0,0.9285714285714285,0
2700,4,4,6.988422255403406,0.3591569195564193,1,0.6666666666666669,0,1.0,1,0.6666666666666669,0
2701,6,5,46.907940054663314,0.3082800805833865,1,0.8666666666666666,0,0.9999999999999999,1,0.6,0
2702,5,3,3.5163144631957635,0.06851708381404628,0,0.9999999999999999,1,0.9999999999999999,1,0.9999999999999999,1
2703,10,5,3.4861475368838364,0.19600655516056048,5,0.7777777777777777,0,0.911111111111111,0,0.7777777777777777,0
2704,6,4,7.747432166970047,0.12919295279383358,1,0.8666666666666666,0,0.9999999999999999,1,0.9999999999999999,1
2705,4,3,6.55288638043698,0.339117659034525,0,1.0,1,1.0,1,0.6666666666666669,0
2706,5,3,2.2245683294572025,0.13979246125947814,0,0.9999999999999999,1,0.9999999999999999,1,0.9999999999999999,1
2707,8,5,72.39070394232037,0.3887960982368088,9,0.3571428571428571,0,0.8571428571428571,0,0.3571428571428571,0
2708,6,5,2.0908335556196533,0.0728288545094549,0,0.9999999999999999,1,0.8666666666666666,0,0.8666666666666666,0
2709,4,3,2.1971688308607886,0.15208803437668458,0,1.0,1,1.0,1,0.6666666666666669,0
2710,8,4,3.681703659745548,0.26852122297917214,4,0.7142857142857142,0,0.9285714285714285,0,0.6428571428571428,0
2711,4,5,6.5944844197571975,0.16323821396042332,0,1.0,1,1.0,1,1.0,1
2712,8,5,5.23807165317272,0.1631497773796864,3,0.7857142857142856,0,0.7857142857142856,0,0.42857142857142855,0
2713,8,3,30.39544240711144,0.6533339001323965,12,0.14285714285714285,0,0.9285714285714285,0,-0.07142857142857142,0
2714,8,5,4.952445194229332,0.10979221590297608,2,0.8571428571428571,0,0.8571428571428571,0,0.9285714285714285,0
2715,4,4,7.335874177547064,0.23805580256531128,1,0.6666666666666669,0,1.0,1,0.6666666666666669,0
2716,5,3,2.3417535293726703,0.06923198759946458,0,0.9999999999999999,1,0.9999999999999999,1,0.9999999999999999,1
2717,10,5,2.64466815746451,0.11807638820581896,4,0.8222222222222221,0,0.7333333333333333,0,0.7777777777777777,0
2718,4,4,2.1848013335977634,0.061106201486547065,0,1.0,1,1.0,1,1.0,1
2719,4,3,1.4221814676103108,0.049920244850510026,0,1.0,1,1.0,1,1.0,1
2720,5,5,6.835604573863567,0.27445074685307347,0,0.9999999999999999,1,0.9999999999999999,1,0.9999999999999999,1
2721,5,4,3.464914368426403,0.05864813340914049,1,0.7999999999999999,0,0.7999999999999999,0,0.7999999999999999,0
2722,6,5,1.984711406706679,0.08938716324298654,2,0.7333333333333333,0,0.8666666666666666,0,0.6,0
2723,6,5,10.322354356343931,0.20866065295929914,2,0.7333333333333333,0,0.9999999999999999,1,0.7333333333333333,0
2724,6,3,5.339371306840235,0.3041122446778582,1,0.8666666666666666,0,0.9999999999999999,1,0.8666666666666666,0
2725,4,3,16.329766305097095,0.5438413385751937,1,0.6666666666666669,0,1.0,1,0.6666666666666669,0
2726,8,4,4.185657528446491,0.28767147022287004,7,0.4999999999999999,0,0.8571428571428571,0,0.42857142857142855,0
2727,10,3,2.3572007253228167,0.053421543747031994,0,0.9999999999999999,1,0.8666666666666666,0,0.8222222222222221,0
2728,8,3,221.75277064839867,0.3486229804862924,2,0.8571428571428571,0,0.9999999999999998,1,0.9285714285714285,0
2729,4,4,56.31591485473706,0.13669981392090644,0,1.0,1,1.0,1,1.0,1
2730,4,5,6.852099053021437,0.2137155758361199,2,0.3333333333333334,0,1.0,1,0.3333333333333334,0
2731,4,5,11.413610032485883,0.3201536782553531,2,0.3333333333333334,0,0.6666666666666669,0,0.3333333333333334,0
2732,6,5,7.316786227952871,0.22559476376478577,0,0.9999999999999999,1,0.8666666666666666,0,0.9999999999999999,1
2733,4,5,8.47707271732334,0.36252411830467135,3,0.0,0,1.0,1,0.0,0
2734,4,3,2.31450182681706,0.17014322149274613,0,1.0,1,1.0,1,1.0,1
2735,4,5,3.853211174694871,0.15520150711302128,1,0.6666666666666669,0,0.3333333333333334,0,0.3333333333333334,0
2736,10,3,2.185813035816728,0.025618746272306363,0,0.9999999999999999,1,0.911111111111111,0,0.911111111111111,0
2737,6,5,2.5812826030700258,0.11891749725175528,2,0.7333333333333333,0,0.6,0,0.6,0
2738,8,3,12.693938905339616,0.33581046863553077,2,0.8571428571428571,0,0.9285714285714285,0,0.7857142857142856,0
2739,6,4,116.53325291167054,0.27975750430018614,2,0.7333333333333333,0,0.9999999999999999,1,0.7333333333333333,0
2740,10,3,1.3529643735028696,0.008689982909915928,1,0.9555555555555554,0,0.911111111111111,0,0.911111111111111,0
2741,5,4,3.542683225152914,0.27281988080779007,1,0.7999999999999999,0,0.7999999999999999,0,0.7999999999999999,0
2742,10,5,1.6063131475506165,0.05756929579721622,0,0.9999999999999999,1,0.911111111111111,0,0.911111111111111,0
2743,8,4,79.21549774265281,0.2040691737595264,3,0.7857142857142856,0,0.9285714285714285,0,0.7142857142857142,0
2744,5,5,1.9465776956787142,0.07647873151795023,0,0.9999999999999999,1,0.9999999999999999,1,0.9999999999999999,1
2745,5,3,14.773726815553859,0.11627391014936,0,0.9999999999999999,1,0.9999999999999999,1,0.9999999999999999,1
2746,6,4,2.7885966906569464,0.14463536754463863,0,0.9999999999999999,1,0.9999999999999999,1,0.8666666666666666,0
2747,8,5,23.94848734379129,0.2907770501164824,2,0.8571428571428571,0,0.9285714285714285,0,0.8571428571428571,0
2748,10,4,6.256149646098629,0.18795771187902982,17,0.24444444444444444,0,0.4666666666666666,0,0.24444444444444444,0
2749,8,5,17.023039063531265,0.26942859320062285,4,0.7142857142857142,0,0.8571428571428571,0,0.7142857142857142,0
2750,6,5,14.577566920380361,0.3453929762121057,3,0.6,0,0.9999999999999999,1,0.6,0
2751,5,3,2.5315255893009865,0.06097098877389301,0,0.9999999999999999,1,0.9999999999999999,1,0.9999999999999999,1
2752,6,5,57.86917085533942,0.25244736924025557,2,0.7333333333333333,0,0.8666666666666666,0,0.7333333333333333,0
2753,5,5,2.7118544082827682,0.09771065130099427,0,0.9999999999999999,1,0.9999999999999999,1,0.9999999999999999,1
2754,8,5,4.707908843846007,0.13447158997806744,3,0.7857142857142856,0,0.9285714285714285,0,0.8571428571428571,0
2755,10,3,3.6363194885167602,0.30962381489517743,6,0.7333333333333333,0,0.8222222222222221,0,0.4666666666666666,0
2756,10,3,35.90860528232009,0.6574111331137176,7,0.6888888888888888,0,0.9999999999999999,1,0.6888888888888888,0
2757,8,3,6.658654444005523,0.42657270156480365,7,0.4999999999999999,0,0.8571428571428571,0,0.4999999999999999,0
2758,5,3,1.9672754107425985,0.02958461234500994,0,0.9999999999999999,1,0.9999999999999999,1,0.9999999999999999,1
2759,10,5,123.40021887703026,0.5020872838896564,11,0.5111111111111111,0,0.8222222222222221,0,0.6,0
2760,4,4,8.775169304307253,0.1807808848670616,1,0.6666666666666669,0,1.0,1,0.6666666666666669,0
2761,10,5,4.236067201915807,0.21061289858460464,4,0.8222222222222221,0,0.911111111111111,0,0.8666666666666666,0
2762,6,4,205.7898212764796,0.36424850576947004,2,0.7333333333333333,0,0.9999999999999999,1,0.7333333333333333,0
2763,4,5,49.1239678993385,0.19541982041242872,0,1.0,1,1.0,1,1.0,1
2764,10,4,9.839066534364978,0.2528747641407736,4,0.8222222222222221,0,0.8666666666666666,0,0.911111111111111,0
2765,4,5,6.927931815437664,0.37614463006902643,1,0.6666666666666669,0,1.0,1,0.3333333333333334,0
2766,8,3,8.770948241459784,0.22159134021539736,8,0.42857142857142855,0,0.9285714285714285,0,0.42857142857142855,0
2767,5,5,55.811728040441885,0.4691725729819723,0,0.9999999999999999,1,0.9999999999999999,1,0.9999999999999999,1
2768,4,4,1.3803006358967889,0.03547852010200928,0,1.0,1,0.6666666666666669,0,0.6666666666666669,0
2769,10,3,6.561286877969882,0.15784549719606608,2,0.911111111111111,0,0.9999999999999999,1,0.911111111111111,0
2770,8,4,4.1461124727608025,0.23458860309639593,4,0.7142857142857142,0,0.9285714285714285,0,0.5714285714285714,0
2771,10,3,3.4044620098075615,0.14740857177247546,4,0.8222222222222221,0,0.911111111111111,0,0.8666666666666666,0
2772,6,3,1.7164005374926552,0.09980803208041537,2,0.7333333333333333,0,0.8666666666666666,0,0.7333333333333333,0
2773,6,3,4.9334221875521465,0.24333699394963862,2,0.7333333333333333,0,0.8666666666666666,0,0.6,0
2774,6,5,8.434756446586025,0.331579619875554,1,0.8666666666666666,0,0.8666666666666666,0,0.8666666666666666,0
2775,10,3,1.2561941197395767,0.046952671951290305,0,0.9999999999999999,1,0.9999999999999999,1,0.9999999999999999,1
2776,8,5,7.202131207762709,0.27224493351156115,4,0.7142857142857142,0,0.7142857142857142,0,0.5714285714285714,0
2777,5,4,2.3486967246378234,0.10019882354135691,1,0.7999999999999999,0,0.9999999999999999,1,0.7999999999999999,0
2778,6,5,39.50711463037879,0.2646484594826944,2,0.7333333333333333,0,0.8666666666666666,0,0.7333333333333333,0
2779,4,4,21.846291064889193,0.33139186929574915,0,1.0,1,1.0,1,1.0,1
2780,4,4,12.80765698206859,0.3506205621768213,1,0.6666666666666669,0,1.0,1,0.3333333333333334,0
2781,6,5,29.94133832487218,0.5412194236285239,2,0.7333333333333333,0,0.3333333333333333,0,0.3333333333333333,0
2782,10,3,5.458782778304398,0.28000897806479735,9,0.6,0,0.911111111111111,0,0.37777777777777777,0
2783,10,4,28.166709844059884,0.44851435108245685,7,0.6888888888888888,0,0.8666666666666666,0,0.6444444444444444,0
2784,8,4,3.214719340837891,0.21705807449038308,1,0.9285714285714285,0,0.7857142857142856,0,0.8571428571428571,0
2785,4,5,22.13858722664576,0.34346993092765743,1,0.6666666666666669,0,1.0,1,0.6666666666666669,0
2786,10,3,1.1041303768763804,0.007004180504374222,0,0.9999999999999999,1,0.8666666666666666,0,0.8666666666666666,0
2787,10,5,1.4408022572127848,0.06816436967765666,1,0.9555555555555554,0,0.8666666666666666,0,0.7777777777777777,0
2788,4,5,3.224697084449813,0.15182008545671144,0,1.0,1,1.0,1,1.0,1
2789,6,3,3.783419706297877,0.2397832346914651,0,0.9999999999999999,1,0.8666666666666666,0,0.7333333333333333,0
2790,10,4,46.161186293766654,0.19692947907542266,6,0.7333333333333333,0,0.7777777777777777,0,0.6888888888888888,0
2791,5,5,2.801522219088492,0.12852841540524684,2,0.6,0,0.9999999999999999,1,0.6,0
2792,10,4,40.0871748064094,0.2497876376328072,6,0.7333333333333333,0,0.9555555555555554,0,0.6444444444444444,0
2793,10,5,11.892227087735215,0.42561520578796197,7,0.6888888888888888,0,0.8666666666666666,0,0.8222222222222221,0
2794,6,5,25.2625937276996,0.2567827440722041,2,0.7333333333333333,0,0.8666666666666666,0,0.6,0
2795,4,3,5.653173478836339,0.1602301826908396,0,1.0,1,1.0,1,1.0,1
2796,6,4,29.58792019989204,0.13336629591045113,1,0.8666666666666666,0,0.9999999999999999,1,0.8666666666666666,0
2797,10,4,7.788890574026059,0.28573737028782087,12,0.4666666666666666,0,0.8666666666666666,0,0.37777777777777777,0
2798,6,5,3.033808226715829,0.11295005146612588,1,0.8666666666666666,0,0.9999999999999999,1,0.8666666666666666,0
2799,6,5,1.9325754172224594,0.0833703523293188,3,0.6,0,0.8666666666666666,0,0.6,0
2800,6,4,5.168378884648386,0.17120583726768718,1,0.8666666666666666,0,0.8666666666666666,0,0.8666666666666666,0
2801,10,3,1.0896753303888147,0.014753199063120115,1,0.9555555555555554,0,0.7333333333333333,0,0.7333333333333333,0
2802,8,3,3.143510704962225,0.13988826884739536,2,0.8571428571428571,0,0.9999999999999998,1,0.9285714285714285,0
2803,4,3,19.027326520912144,0.32446514481323685,2,0.3333333333333334,0,0.3333333333333334,0,0.3333333333333334,0
2804,6,5,3.599356747128637,0.1766874573215987,2,0.7333333333333333,0,0.9999999999999999,1,0.6,0
2805,8,4,2.49748788976589,0.14447758267488023,0,0.9999999999999998,1,0.9285714285714285,0,0.9999999999999998,1
2806,8,5,25.04832166453081,0.1248514630081982,1,0.9285714285714285,0,0.7857142857142856,0,0.7142857142857142,0
2807,8,5,4.8658102303530315,0.14486406463757956,1,0.9285714285714285,0,0.9285714285714285,0,0.7857142857142856,0
2808,10,4,1.9860099191692742,0.12456488392640053,2,0.911111111111111,0,0.9555555555555554,0,0.911111111111111,0
2809,6,5,16.162860754151758,0.17606730901820394,1,0.8666666666666666,0,0.9999999999999999,1,0.8666666666666666,0
2810,8,3,15.676248265113784,0.2490396104676171,4,0.7142857142857142,0,0.8571428571428571,0,0.6428571428571428,0
2811,5,5,7.325235532942509,0.3741352966850153,3,0.39999999999999997,0,0.7999999999999999,0,0.39999999999999997,0
2812,10,4,2.2261341208125662,0.15508716351050678,4,0.8222222222222221,0,0.8666666666666666,0,0.7777777777777777,0
2813,4,4,6.679147427848897,0.32172456521774223,0,1.0,1,1.0,1,0.3333333333333334,0
2814,4,4,1.5955149616855304,0.09662350383483835,0,1.0,1,0.6666666666666669,0,1.0,1
2815,5,4,1.6740649363479156,0.06317668196294864,0,0.9999999999999999,1,0.9999999999999999,1,0.7999999999999999,0
2816,6,3,3.7864957568905147,0.14868185115072036,1,0.8666666666666666,0,0.8666666666666666,0,0.8666666666666666,0
2817,4,5,9.539377563905264,0.22648535964174432,0,1.0,1,1.0,1,1.0,1
2818,8,3,2.173588582312854,0.0920932836176616,1,0.9285714285714285,0,0.8571428571428571,0,0.9285714285714285,0
2819,4,3,6.996242845095069,0.27534572077822983,1,0.6666666666666669,0,0.6666666666666669,0,0.6666666666666669,0
2820,10,4,5.109690705478621,0.2690366245038638,5,0.7777777777777777,0,0.9999999999999999,1,0.7777777777777777,0
2821,6,5,21.29270352717058,0.47710301582407694,4,0.4666666666666666,0,0.9999999999999999,1,0.4666666666666666,0
2822,10,5,6.019866454172096,0.3011941559527735,7,0.6888888888888888,0,0.7777777777777777,0,0.7333333333333333,0
2823,10,5,3.7330883866423252,0.10675956190655009,4,0.8222222222222221,0,0.911111111111111,0,0.7777777777777777,0
2824,4,5,12.144315617774565,0.29208280695780725,0,1.0,1,1.0,1,0.6666666666666669,0
2825,6,3,24.108960308620333,0.3493722773673097,7,0.06666666666666665,0,0.8666666666666666,0,-0.06666666666666665,0
2826,5,5,3.50656697582845,0.11141207583160781,2,0.6,0,0.7999999999999999,0,0.6,0
2827,8,5,4.6163130648917585,0.29865645386790485,6,0.5714285714285714,0,0.8571428571428571,0,0.5714285714285714,0
2828,10,3,11.287816093680815,0.36866842230262714,13,0.4222222222222222,0,0.9555555555555554,0,0.28888888888888886,0
2829,10,4,12.856933966352829,0.252754288605628,5,0.7777777777777777,0,0.911111111111111,0,0.6444444444444444,0
2830,10,3,3.232656165673514,0.057892353836361474,0,0.9999999999999999,1,0.8666666666666666,0,0.8222222222222221,0
2831,5,3,1.8963222140884117,0.11263700588794576,0,0.9999999999999999,1,0.7999999999999999,0,0.9999999999999999,1
2832,5,5,4.4397164517363095,0.16676335973883422,0,0.9999999999999999,1,0.9999999999999999,1,0.9999999999999999,1
2833,6,3,3.454404813017138,0.1564276651226934,1,0.8666666666666666,0,0.9999999999999999,1,0.6,0
2834,6,3,1.2178288020513608,0.005219578505687987,0,0.9999999999999999,1,0.8666666666666666,0,0.8666666666666666,0
2835,8,5,12.303643155261591,0.1389256660798457,4,0.7142857142857142,0,0.7142857142857142,0,0.6428571428571428,0
2836,5,5,2.434493362140333,0.18270997371803982,1,0.7999999999999999,0,0.9999999999999999,1,0.7999999999999999,0
2837,5,5,4.573801242274825,0.22626598992336613,3,0.39999999999999997,0,0.7999999999999999,0,0.39999999999999997,0
2838,6,3,4.526015874794423,0.1589001497053699,0,0.9999999999999999,1,0.8666666666666666,0,0.6,0
2839,5,3,1.7141912982412684,0.10421080524925527,0,0.9999999999999999,1,0.9999999999999999,1,0.7999999999999999,0
2840,8,4,2.217561444665763,0.1463998805309971,0,0.9999999999999998,1,0.7857142857142856,0,0.9285714285714285,0
2841,5,3,1.0562558118433087,0.008873038106532893,0,0.9999999999999999,1,0.9999999999999999,1,0.9999999999999999,1
2842,8,3,24.578378322726,0.37617760153034263,4,0.7142857142857142,0,0.9999999999999998,1,0.7857142857142856,0
2843,5,3,3.7520492544840653,0.2648310853768731,0,0.9999999999999999,1,0.9999999999999999,1,0.9999999999999999,1
2844,8,4,18.023823842032222,0.5526246678717924,16,-0.14285714285714285,0,0.7857142857142856,0,-0.14285714285714285,0
2845,8,5,2.8996260141429637,0.15265443638442777,5,0.6428571428571428,0,0.9285714285714285,0,0.21428571428571427,0
2846,8,3,4.95101575034635,0.27576622154275066,5,0.6428571428571428,0,0.9285714285714285,0,0.4999999999999999,0
2847,5,3,3.742990467252538,0.09319771315227723,1,0.7999999999999999,0,0.6,0,0.6,0
2848,4,5,10.314136110087995,0.24306141478619903,0,1.0,1,1.0,1,1.0,1
2849,5,5,1.736697856530013,0.054752421010259546,1,0.7999999999999999,0,0.7999999999999999,0,0.7999999999999999,0
2850,6,5,3.415967996132542,0.2310703154504365,5,0.3333333333333333,0,0.7333333333333333,0,0.2,0
2851,8,3,3.914093050004043,0.21351017492197566,6,0.5714285714285714,0,0.9285714285714285,0,0.5714285714285714,0
2852,6,3,4.28714160086313,0.029403905475538044,1,0.8666666666666666,0,0.8666666666666666,0,0.8666666666666666,0
2853,5,3,2.5262123816345854,0.06451043765250712,0,0.9999999999999999,1,0.9999999999999999,1,0.9999999999999999,1
2854,8,5,8.715414958027567,0.2694459436637626,5,0.6428571428571428,0,0.6428571428571428,0,0.3571428571428571,0
2855,10,4,2.657230078720095,0.2006616919571927,2,0.911111111111111,0,0.9999999999999999,1,0.8666666666666666,0
2856,10,5,10.131583256587934,0.341209290484381,9,0.6,0,0.7333333333333333,0,0.6,0
2857,4,3,2.611607975459508,0.08790524782738278,1,0.6666666666666669,0,1.0,1,0.6666666666666669,0
2858,8,3,1.1491306847912721,0.011719152085472789,0,0.9999999999999998,1,0.8571428571428571,0,0.8571428571428571,0
2859,6,4,2.089091438030592,0.12346073141593271,0,0.9999999999999999,1,0.8666666666666666,0,0.9999999999999999,1
2860,8,5,372.4093262505002,0.22402379415056511,4,0.7142857142857142,0,0.9285714285714285,0,0.8571428571428571,0
2861,5,3,3475.031506867756,0.4223264045135636,2,0.6,0,0.9999999999999999,1,0.39999999999999997,0
2862,4,3,2.2292132873483963,0.11397021182233044,1,0.6666666666666669,0,1.0,1,1.0,1
2863,8,5,4.283305125741757,0.2425167710556186,6,0.5714285714285714,0,0.9999999999999998,1,0.3571428571428571,0
2864,4,5,15.068547319204296,0.37167573603878923,2,0.3333333333333334,0,0.6666666666666669,0,0.3333333333333334,0
2865,6,5,13.22866598138979,0.23350790869426785,2,0.7333333333333333,0,0.8666666666666666,0,0.8666666666666666,0
2866,5,4,3.17681116571805,0.11648628099445062,1,0.7999999999999999,0,0.9999999999999999,1,0.7999999999999999,0
2867,4,4,71.85020934940384,0.16664380014808125,0,1.0,1,1.0,1,1.0,1
2868,6,5,6070.705898720594,0.4204916786688437,3,0.6,0,0.8666666666666666,0,0.6,0
2869,10,3,1.6317716022493713,0.0726579449647769,2,0.911111111111111,0,0.9555555555555554,0,0.8666666666666666,0
2870,5,3,331.01331655997683,0.5235947226551205,2,0.6,0,0.9999999999999999,1,0.6,0
2871,5,3,3.003324738985523,0.17234559142545886,0,0.9999999999999999,1,0.7999999999999999,0,0.7999999999999999,0
2872,5,4,2.3375226038655916,0.1709456472596133,3,0.39999999999999997,0,0.7999999999999999,0,0.39999999999999997,0
2873,5,3,1.6188878505799662,0.08335231155381426,0,0.9999999999999999,1,0.7999999999999999,0,0.7999999999999999,0
2874,5,3,4.015421155888077,0.03940607535559597,0,0.9999999999999999,1,0.9999999999999999,1,0.9999999999999999,1
2875,4,3,2.9499330281767895,0.17187676432308185,1,0.6666666666666669,0,1.0,1,0.6666666666666669,0
2876,10,4,2.0554702231070334,0.159903683140659,1,0.9555555555555554,0,0.8222222222222221,0,0.8666666666666666,0
2877,5,3,3.375904966879199,0.26061110049940067,3,0.39999999999999997,0,0.7999999999999999,0,0.19999999999999998,0
2878,6,4,11.776132970223536,0.2185923201865452,0,0.9999999999999999,1,0.9999999999999999,1,0.9999999999999999,1
2879,6,4,11.536263172286766,0.4211506631102672,4,0.4666666666666666,0,0.8666666666666666,0,0.4666666666666666,0
2880,4,3,43.76484615297739,0.5551385044992222,0,1.0,1,1.0,1,0.6666666666666669,0
2881,5,5,2.583923246073113,0.18964241551968103,1,0.7999999999999999,0,0.7999999999999999,0,0.39999999999999997,0
2882,6,3,38.12691167206371,0.27029599381827135,2,0.7333333333333333,0,0.8666666666666666,0,0.7333333333333333,0
2883,8,3,74.941968367757,0.7520556458030366,17,-0.21428571428571427,0,0.9285714285714285,0,-0.21428571428571427,0
2884,6,4,5.14689680834337,0.28305886599967733,1,0.8666666666666666,0,0.9999999999999999,1,0.8666666666666666,0
2885,4,5,3.1421106323947496,0.12327945321347153,0,1.0,1,1.0,1,1.0,1
2886,10,5,8.271016334900374,0.27498055204254734,6,0.7333333333333333,0,0.8666666666666666,0,0.7333333333333333,0
2887,8,4,2.960007464630463,0.22492134663053093,3,0.7857142857142856,0,0.9285714285714285,0,0.9285714285714285,0
2888,10,3,5.797113777878651,0.2898943853853505,7,0.6888888888888888,0,0.9555555555555554,0,0.6888888888888888,0
2889,4,4,5.195798760430039,0.319646918933592,1,0.6666666666666669,0,1.0,1,0.6666666666666669,0
2890,10,3,156.54602043813108,0.0946710720198862,4,0.8222222222222221,0,0.9999999999999999,1,0.911111111111111,0
2891,5,5,5.225270027289867,0.22785678207803298,0,0.9999999999999999,1,0.9999999999999999,1,0.9999999999999999,1
2892,10,4,42.131771340240405,0.34961068876333945,5,0.7777777777777777,0,0.8666666666666666,0,0.6888888888888888,0
2893,5,4,2.0779530960951735,0.05125391732065242,0,0.9999999999999999,1,0.7999999999999999,0,0.9999999999999999,1
2894,8,5,6.383583270081154,0.12628882821557158,2,0.8571428571428571,0,0.8571428571428571,0,0.7857142857142856,0
2895,4,5,13.386379195540282,0.19773931283159876,0,1.0,1,1.0,1,1.0,1
2896,5,4,2.4799792863988785,0.20518398882368497,2,0.6,0,0.7999999999999999,0,0.6,0
2897,4,3,2.9323485917382173,0.17247802742439772,1,0.6666666666666669,0,1.0,1,0.6666666666666669,0
2898,4,5,10.605641399340314,0.36633727679996536,0,1.0,1,1.0,1,1.0,1
2899,6,5,6.064178303505666,0.21849704131298392,3,0.6,0,0.7333333333333333,0,0.4666666666666666,0
2900,6,5,5.667693134847146,0.2172234081481876,3,0.6,0,0.8666666666666666,0,0.6,0
2901,6,3,5.512562750905021,0.07166906025476191,1,0.8666666666666666,0,0.9999999999999999,1,0.9999999999999999,1
2902,6,5,35.733329950733435,0.5201897410642827,3,0.6,0,0.8666666666666666,0,0.6,0
2903,8,4,2.0448742241313984,0.09988229488856465,2,0.8571428571428571,0,0.7857142857142856,0,0.6428571428571428,0
2904,5,4,3.7798813564626164,0.17125924312833782,0,0.9999999999999999,1,0.9999999999999999,1,0.9999999999999999,1
2905,8,5,4.290489411340235,0.1837403223954564,3,0.7857142857142856,0,0.7857142857142856,0,0.7142857142857142,0
2906,6,4,5.532370847267902,0.3074774797614796,2,0.7333333333333333,0,0.9999999999999999,1,0.7333333333333333,0
2907,10,3,1.3569685261686968,0.019170858485007547,0,0.9999999999999999,1,0.9555555555555554,0,0.9555555555555554,0
2908,8,3,5.017269020950943,0.26728527666429935,6,0.5714285714285714,0,0.7857142857142856,0,0.5714285714285714,0
2909,5,5,12.136654293143458,0.3254709698042775,0,0.9999999999999999,1,0.7999999999999999,0,0.9999999999999999,1
2910,10,4,57.423168772654385,0.09760558713314818,6,0.7333333333333333,0,0.9555555555555554,0,0.7777777777777777,0
2911,4,3,4.111828955013966,0.06727270018049403,0,1.0,1,1.0,1,1.0,1
2912,4,3,1.8019322562750986,0.10507680666265362,0,1.0,1,1.0,1,1.0,1
2913,5,4,14.665194304306246,0.3898497732477446,2,0.6,0,0.9999999999999999,1,0.6,0
2914,4,3,2.916649364493171,0.16074269256433105,0,1.0,1,1.0,1,1.0,1
2915,5,4,4.732198974888821,0.34605093952692784,2,0.6,0,0.7999999999999999,0,0.39999999999999997,0
2916,4,4,4.358804912492203,0.14277986745592758,0,1.0,1,1.0,1,1.0,1
2917,5,5,10.570384034569825,0.20107056178797084,1,0.7999999999999999,0,0.9999999999999999,1,0.7999999999999999,0
2918,10,5,4.858739069331308,0.15165298463996962,6,0.7333333333333333,0,0.8666666666666666,0,0.7333333333333333,0
2919,5,5,5.685456657463039,0.24796481583380325,1,0.7999999999999999,0,0.6,0,0.9999999999999999,1
2920,4,4,2.858183960684697,0.044384263880204576,0,1.0,1,0.3333333333333334,0,1.0,1
2921,10,4,1.6546553828778894,0.045822078049191,2,0.911111111111111,0,0.9555555555555554,0,0.911111111111111,0
2922,4,5,7.52114724218478,0.302138931811082,1,0.6666666666666669,0,0.6666666666666669,0,0.6666666666666669,0
2923,5,5,4.393947404254333,0.15863930802335674,0,0.9999999999999999,1,0.9999999999999999,1,0.9999999999999999,1
2924,10,5,2.9783321941291265,0.20853279566823693,5,0.7777777777777777,0,0.7333333333333333,0,0.7333333333333333,0
2925,4,3,11.634866264308553,0.32453534898978287,1,0.6666666666666669,0,1.0,1,0.6666666666666669,0
2926,4,3,2.614973521975066,0.11947682899597195,1,0.6666666666666669,0,1.0,1,0.6666666666666669,0
2927,10,3,3.116995540941923,0.20448039353412445,8,0.6444444444444444,0,0.911111111111111,0,0.5555555555555555,0
2928,4,5,2.3681461866485356,0.04012469236181078,0,1.0,1,1.0,1,1.0,1
2929,4,3,1.4268764184001745,0.08385028881672753,0,1.0,1,1.0,1,1.0,1
2930,5,5,16.591405934113244,0.5161393619038774,5,0.0,0,0.9999999999999999,1,-0.19999999999999998,0
2931,8,4,3.793167869432619,0.19390402957516278,2,0.8571428571428571,0,0.9285714285714285,0,0.9285714285714285,0
2932,8,4,7.634363330307448,0.13650067049892273,4,0.7142857142857142,0,0.7857142857142856,0,0.7142857142857142,0
2933,10,5,3.6814317788700426,0.23941823857864591,1,0.9555555555555554,0,0.9555555555555554,0,0.6888888888888888,0
2934,6,3,16.04071447013074,0.2849756443912269,2,0.7333333333333333,0,0.8666666666666666,0,0.8666666666666666,0
2935,8,3,3.365845987779687,0.26321016632699873,2,0.8571428571428571,0,0.9285714285714285,0,0.8571428571428571,0
2936,10,4,266.22842826376666,0.14568827255868583,2,0.911111111111111,0,0.9555555555555554,0,0.8222222222222221,0
2937,5,3,10.188075680536512,0.45337357147783297,1,0.7999999999999999,0,0.9999999999999999,1,0.6,0
2938,10,4,13.587062700252055,0.17821444488975996,9,0.6,0,0.8666666666666666,0,0.5555555555555555,0
2939,6,4,27.981337423717104,0.17428574816649606,2,0.7333333333333333,0,0.8666666666666666,0,0.8666666666666666,0
2940,8,5,6.176229990425201,0.23693596570250483,4,0.7142857142857142,0,0.7857142857142856,0,0.6428571428571428,0
2941,4,4,5.484500935523714,0.27017063833210986,1,0.6666666666666669,0,1.0,1,0.6666666666666669,0
2942,6,4,35.97180722232187,0.40610986953508466,1,0.8666666666666666,0,0.7333333333333333,0,0.8666666666666666,0
2943,8,3,2.0059040558685415,0.1442285911159683,3,0.7857142857142856,0,0.9999999999999998,1,0.7857142857142856,0
2944,5,4,11.164229190493526,0.024974088314118844,0,0.9999999999999999,1,0.9999999999999999,1,0.9999999999999999,1
2945,4,4,1.5762883298377492,0.03236752700166255,0,1.0,1,1.0,1,1.0,1
2946,4,3,2.337967101932884,0.18271664119119546,0,1.0,1,0.6666666666666669,0,1.0,1
2947,10,4,1.6982546370189504,0.05750145980411236,2,0.911111111111111,0,0.8666666666666666,0,0.8666666666666666,0
2948,5,4,56.90290839233845,0.47159600538909086,3,0.39999999999999997,0,0.7999999999999999,0,0.19999999999999998,0
2949,5,4,5.6232604560426,0.15994142425761132,1,0.7999999999999999,0,0.9999999999999999,1,0.7999999999999999,0
2950,4,3,57.705150476546216,0.710437920891783,4,-0.3333333333333334,0,1.0,1,-0.3333333333333334,0
2951,10,5,3.203638603780989,0.08244618120405992,7,0.6888888888888888,0,0.8222222222222221,0,0.6888888888888888,0
2952,4,5,245.6166245327856,0.25375163811099843,1,0.6666666666666669,0,0.6666666666666669,0,0.3333333333333334,0
2953,6,3,6.004461030077742,0.24679876086406777,1,0.8666666666666666,0,0.9999999999999999,1,0.7333333333333333,0
2954,10,4,1.2687087191209652,0.0393403106620822,0,0.9999999999999999,1,0.9555555555555554,0,0.9555555555555554,0
2955,8,4,1.2400144467963257,0.005305468422100862,0,0.9999999999999998,1,0.9999999999999998,1,0.9999999999999998,1
2956,10,3,5.837333163503114,0.26715348354747526,7,0.6888888888888888,0,0.8222222222222221,0,0.6444444444444444,0
2957,10,3,5.339647856911039,0.37345750424643787,8,0.6444444444444444,0,0.911111111111111,0,0.6444444444444444,0
2958,6,4,6.708450463877279,0.33301046320154537,2,0.7333333333333333,0,0.9999999999999999,1,0.6,0
2959,5,4,4.7080572700155425,0.1110080120308893,1,0.7999999999999999,0,0.6,0,0.7999999999999999,0
2960,10,3,1.3138634555221347,0.06789943581918427,0,0.9999999999999999,1,0.9555555555555554,0,0.9999999999999999,1
2961,10,3,2.058009060507944,0.16610101776247538,2,0.911111111111111,0,0.9999999999999999,1,0.911111111111111,0
2962,4,4,14.180727095220764,0.24770705975181018,0,1.0,1,1.0,1,1.0,1
2963,5,3,4.307680188508233,0.18535943832747734,2,0.6,0,0.7999999999999999,0,0.7999999999999999,0
2964,4,5,35.5964145786641,0.1648626598963625,0,1.0,1,1.0,1,1.0,1
2965,6,4,11.572199486285122,0.14106341558939958,0,0.9999999999999999,1,0.9999999999999999,1,0.9999999999999999,1
2966,8,3,2.2877876868483855,0.2007214476700415,2,0.8571428571428571,0,0.9285714285714285,0,0.7857142857142856,0
2967,5,3,1.1851837915253465,0.0286397328353461,1,0.7999999999999999,0,0.9999999999999999,1,0.7999999999999999,0
2968,6,3,10.624575619699836,0.4128941997009691,0,0.9999999999999999,1,0.9999999999999999,1,0.9999999999999999,1
2969,6,5,4.713944029398104,0.15817104162790735,3,0.6,0,0.8666666666666666,0,0.4666666666666666,0
2970,8,4,2.8526979643573145,0.16943161114353994,2,0.8571428571428571,0,0.8571428571428571,0,0.7857142857142856,0
2971,8,3,1.916133050545365,0.027861916624259728,0,0.9999999999999998,1,0.9285714285714285,0,0.9285714285714285,0
2972,5,5,65.79205596739541,0.12520627781108523,0,0.9999999999999999,1,0.9999999999999999,1,0.9999999999999999,1
2973,5,4,2.9970698497576023,0.22042164015988291,1,0.7999999999999999,0,0.7999999999999999,0,0.7999999999999999,0
2974,6,3,14.256076627661496,0.5645024926550326,3,0.6,0,0.9999999999999999,1,0.6,0
2975,8,4,16.65149676226429,0.036818846449571695,0,0.9999999999999998,1,0.9285714285714285,0,0.9285714285714285,0
2976,4,4,4.6740136345256245,0.13748791224636706,0,1.0,1,1.0,1,1.0,1
2977,6,5,128.05483279818213,0.4900226323171666,3,0.6,0,0.7333333333333333,0,0.7333333333333333,0
2978,4,5,7.396089531360158,0.3292783592347107,1,0.6666666666666669,0,1.0,1,0.3333333333333334,0
2979,5,4,5.0674643659239065,0.21159059127432736,1,0.7999999999999999,0,0.7999999999999999,0,0.7999999999999999,0
2980,10,3,4.50981267995811,0.29782439029017893,9,0.6,0,0.8666666666666666,0,0.7333333333333333,0
2981,10,4,11.089281335367392,0.26349806371024564,6,0.7333333333333333,0,0.8222222222222221,0,0.6888888888888888,0
2982,6,3,8.50781472896673,0.23385960555912177,3,0.6,0,0.6,0,0.3333333333333333,0
2983,10,3,3.6476261175721354,0.2413805489422959,2,0.911111111111111,0,0.8666666666666666,0,0.9555555555555554,0
2984,5,3,4.462997623883187,0.2991261163983354,3,0.39999999999999997,0,0.7999999999999999,0,0.19999999999999998,0
2985,8,4,3.7486962454322237,0.18437542215968614,0,0.9999999999999998,1,0.9285714285714285,0,0.9999999999999998,1
2986,4,4,1.7149880776932125,0.0820956176400892,0,1.0,1,1.0,1,0.6666666666666669,0
2987,4,5,3.305429239534015,0.17406173199943248,0,1.0,1,1.0,1,1.0,1
2988,5,5,3.727066461743231,0.2107834046878934,1,0.7999999999999999,0,0.9999999999999999,1,0.6,0
2989,6,5,4.4997726103903934,0.12140264186471196,2,0.7333333333333333,0,0.9999999999999999,1,0.7333333333333333,0
2990,5,5,9.34831628873426,0.124443050245862,1,0.7999999999999999,0,0.9999999999999999,1,0.7999999999999999,0
2991,10,4,6.99364382860219,0.19765088351278082,2,0.911111111111111,0,0.911111111111111,0,0.6,0
2992,10,4,13.292530426279887,0.23869180336302082,4,0.8222222222222221,0,0.7777777777777777,0,0.8666666666666666,0
2993,4,3,1.1901499974261311,0.028159498452062157,0,1.0,1,1.0,1,1.0,1
2994,5,5,1651.162037204258,0.7520947615105751,2,0.6,0,0.7999999999999999,0,0.6,0
2995,8,5,4.506690843465212,0.31327392474672117,14,0.0,0,0.8571428571428571,0,0.07142857142857142,0
2996,8,4,2.0318813280550714,0.08823084036314643,0,0.9999999999999998,1,0.7857142857142856,0,0.5714285714285714,0
2997,5,3,11.951828997625539,0.3410463869847066,1,0.7999999999999999,0,0.9999999999999999,1,0.7999999999999999,0
2998,10,5,1.5472715966544999,0.09064400833375733,4,0.8222222222222221,0,0.9555555555555554,0,0.7777777777777777,0
2999,4,5,13.81912310405572,0.3892574092010326,1,0.6666666666666669,0,1.0,1,0.6666666666666669,0
3000,6,4,33.83025038958139,0.09280128062173162,0,0.9999999999999999,1,0.9999999999999999,1,0.9999999999999999,1
3001,6,3,3.4743757843900367,0.156888499797757,1,0.8666666666666666,0,0.8666666666666666,0,0.7333333333333333,0
3002,8,5,5.5138572000772035,0.04116118640728055,2,0.8571428571428571,0,0.9285714285714285,0,0.7857142857142856,0
3003,4,4,3.8196221630078218,0.1388083236272705,1,0.6666666666666669,0,1.0,1,0.6666666666666669,0
3004,8,5,16.407240106539764,0.4032204095828012,8,0.42857142857142855,0,0.8571428571428571,0,0.3571428571428571,0
3005,10,5,1.851214590546212,0.0924684030348093,2,0.911111111111111,0,0.8222222222222221,0,0.8666666666666666,0
3006,8,5,13.467768304552097,0.13561651065014677,3,0.7857142857142856,0,0.8571428571428571,0,0.6428571428571428,0
3007,10,3,1.527653553166204,0.10004843648710272,0,0.9999999999999999,1,0.9555555555555554,0,0.9555555555555554,0
3008,8,3,11.688257925607168,0.16304155905914858,3,0.7857142857142856,0,0.8571428571428571,0,0.8571428571428571,0
3009,8,5,3.428802927051364,0.06810339903085443,0,0.9999999999999998,1,0.9285714285714285,0,0.9285714285714285,0
3010,8,4,3.488131331647664,0.09522637191799416,3,0.7857142857142856,0,0.9285714285714285,0,0.9285714285714285,0
3011,6,5,2.72795562018214,0.22512602349317665,2,0.7333333333333333,0,0.8666666666666666,0,0.7333333333333333,0
3012,5,3,2.33566092997615,0.08611748069571062,0,0.9999999999999999,1,0.9999999999999999,1,0.9999999999999999,1
3013,4,5,4.599185241596281,0.13314048490032188,0,1.0,1,1.0,1,1.0,1
3014,5,5,2.886781092284282,0.12922230730665832,1,0.7999999999999999,0,0.9999999999999999,1,0.7999999999999999,0
3015,10,5,6.158940577498211,0.15553018602029592,5,0.7777777777777777,0,0.911111111111111,0,0.8222222222222221,0
3016,5,4,3.8095968452534,0.23538728793020483,0,0.9999999999999999,1,0.9999999999999999,1,0.9999999999999999,1
3017,10,4,1.6998748606041096,0.04247319232773969,1,0.9555555555555554,0,0.9555555555555554,0,0.911111111111111,0
3018,8,3,6.205251393115156,0.25995262134872077,2,0.8571428571428571,0,0.9285714285714285,0,0.9285714285714285,0
3019,10,5,5.675605447528752,0.2569020215505097,13,0.4222222222222222,0,0.8666666666666666,0,0.37777777777777777,0
3020,10,4,52.226557565527095,0.4537048663480532,18,0.19999999999999998,0,0.9555555555555554,0,0.15555555555555553,0
3021,6,5,4.27282477051538,0.20842229559239359,2,0.7333333333333333,0,0.7333333333333333,0,0.4666666666666666,0
3022,6,4,13.90703685982245,0.09457010347164131,0,0.9999999999999999,1,0.7333333333333333,0,0.8666666666666666,0
3023,10,4,3.338482606431035,0.0537940582387445,0,0.9999999999999999,1,0.9555555555555554,0,0.9555555555555554,0
3024,5,4,5.293198844624229,0.12601406848229701,0,0.9999999999999999,1,0.9999999999999999,1,0.7999999999999999,0
3025,5,5,4.045545060460289,0.19343845804247928,0,0.9999999999999999,1,0.7999999999999999,0,0.7999999999999999,0
3026,8,4,2.757010644624208,0.11142695482820242,0,0.9999999999999998,1,0.8571428571428571,0,0.9999999999999998,1
3027,8,3,6.37682118551442,0.32956459340509664,6,0.5714285714285714,0,0.9999999999999998,1,0.4999999999999999,0
3028,4,4,5.887937431510857,0.2860900281974206,2,0.3333333333333334,0,1.0,1,0.3333333333333334,0
3029,5,4,6.148383923941832,0.2505435547984892,2,0.6,0,0.7999999999999999,0,0.6,0
3030,10,3,3.182284002231533,0.2067106154393495,3,0.8666666666666666,0,0.9999999999999999,1,0.8222222222222221,0
3031,6,5,17.276676339318836,0.33162588629924655,1,0.8666666666666666,0,0.9999999999999999,1,0.6,0
3032,6,5,11.269742296082718,0.4274251112270961,1,0.8666666666666666,0,0.9999999999999999,1,0.8666666666666666,0
3033,8,3,1.3504664551766155,0.07232300075766249,0,0.9999999999999998,1,0.8571428571428571,0,0.7857142857142856,0
3034,6,5,2.5033601918337443,0.10859963094589328,1,0.8666666666666666,0,0.8666666666666666,0,0.7333333333333333,0
3035,5,5,122.86970081409929,0.41889675806531024,5,0.0,0,0.9999999999999999,1,0.0,0
3036,6,5,1.7523743754449856,0.08216638076375134,2,0.7333333333333333,0,0.6,0,0.7333333333333333,0
3037,10,4,2.6096221779206275,0.08691803447760102,7,0.6888888888888888,0,0.7333333333333333,0,0.6888888888888888,0
3038,6,3,6.47278166523551,0.06484541412620831,0,0.9999999999999999,1,0.9999999999999999,1,0.9999999999999999,1
3039,4,4,3.954554698722576,0.1379599806502133,0,1.0,1,1.0,1,1.0,1
3040,8,3,2.9664806435026247,0.13838842187803765,3,0.7857142857142856,0,0.9999999999999998,1,0.7857142857142856,0
3041,6,3,1.6611671699459296,0.060566988271861785,1,0.8666666666666666,0,0.8666666666666666,0,0.8666666666666666,0
3042,6,4,3.0479765742655838,0.16706340243720297,0,0.9999999999999999,1,0.8666666666666666,0,0.9999999999999999,1
3043,6,3,51.84851553006317,0.7305383946774624,8,-0.06666666666666665,0,0.9999999999999999,1,-0.3333333333333333,0
3044,6,4,2.5434786411775545,0.1480754783562125,1,0.8666666666666666,0,0.8666666666666666,0,0.6,0
3045,8,5,8.59498544633828,0.3896222931366282,8,0.42857142857142855,0,0.5714285714285714,0,0.2857142857142857,0
3046,4,5,10.067352497815287,0.1667004760423466,1,0.6666666666666669,0,0.6666666666666669,0,0.6666666666666669,0
3047,4,3,6.260567430022316,0.09711818000650776,1,0.6666666666666669,0,1.0,1,0.6666666666666669,0
3048,5,3,5.826792741250086,0.33993426419020945,0,0.9999999999999999,1,0.9999999999999999,1,0.9999999999999999,1
3049,10,5,36.311847224388856,0.34948876378595506,20,0.1111111111111111,0,0.7777777777777777,0,-0.1111111111111111,0
3050,5,3,5.018606129627811,0.3598683750372529,2,0.6,0,0.7999999999999999,0,0.39999999999999997,0
3051,4,3,6.542886564188534,0.30538804338953585,1,0.6666666666666669,0,1.0,1,0.6666666666666669,0
3052,10,5,2.1795632886101117,0.0830147337753805,2,0.911111111111111,0,0.911111111111111,0,0.8666666666666666,0
3053,5,3,2.8854171968207845,0.13388194727031721,2,0.6,0,0.7999999999999999,0,0.7999999999999999,0
3054,10,3,2.8889965547780734,0.12913963233352022,3,0.8666666666666666,0,0.911111111111111,0,0.8222222222222221,0
3055,10,4,14.466348062786127,0.5248444293094676,14,0.37777777777777777,0,0.8666666666666666,0,0.4222222222222222,0
3056,10,3,6.73649311041056,0.1330072135679005,2,0.911111111111111,0,0.911111111111111,0,0.911111111111111,0
3057,10,4,11.637598822078106,0.26341185455228466,4,0.8222222222222221,0,0.9555555555555554,0,0.8222222222222221,0
3058,6,4,10.658986153805792,0.42475924271200305,5,0.3333333333333333,0,0.7333333333333333,0,0.2,0
3059,10,5,34.92756417380869,0.21976675917634814,8,0.6444444444444444,0,0.911111111111111,0,0.6,0
3060,5,5,7.380902385631855,0.2211666878994863,1,0.7999999999999999,0,0.9999999999999999,1,0.6,0
3061,5,3,1.6930855013895347,0.11912625498668787,1,0.7999999999999999,0,0.9999999999999999,1,0.7999999999999999,0
3062,8,4,38.772653806036445,0.35852309909616065,1,0.9285714285714285,0,0.9285714285714285,0,0.9999999999999998,1
3063,8,3,2.1921339082108746,0.11051560065840413,2,0.8571428571428571,0,0.9999999999999998,1,0.8571428571428571,0
3064,10,4,4.21784394834605,0.1099808856908514,2,0.911111111111111,0,0.9555555555555554,0,0.8222222222222221,0
3065,5,5,6.9951361083337735,0.20974929110502918,1,0.7999999999999999,0,0.9999999999999999,1,0.7999999999999999,0
3066,4,4,7.095064909541291,0.09505261488985645,0,1.0,1,0.6666666666666669,0,0.6666666666666669,0
3067,4,5,2.651156284900338,0.14249037973310036,1,0.6666666666666669,0,0.6666666666666669,0,0.6666666666666669,0
3068,6,5,2.4743236948749487,0.04909115715366102,0,0.9999999999999999,1,0.9999999999999999,1,0.9999999999999999,1
3069,6,5,7.018812270248468,0.3789129455527429,4,0.4666666666666666,0,0.9999999999999999,1,0.3333333333333333,0
3070,10,3,1.6401041936076468,0.1100009566772502,4,0.8222222222222221,0,0.911111111111111,0,0.8222222222222221,0
3071,4,3,9.617128644747488,0.16438400557263866,0,1.0,1,1.0,1,1.0,1
3072,10,3,8.46982588385209,0.20974257086277157,10,0.5555555555555555,0,0.9555555555555554,0,0.4666666666666666,0
3073,4,3,4.24709518652117,0.17001604455384436,1,0.6666666666666669,0,1.0,1,0.6666666666666669,0
3074,5,5,6.999619524937501,0.38748008852752325,6,-0.19999999999999998,0,0.9999999999999999,1,-0.6,0
3075,4,5,11.093897849503753,0.18941803139141666,0,1.0,1,1.0,1,1.0,1
3076,10,3,2.9575670118253816,0.102975911956637,1,0.9555555555555554,0,0.911111111111111,0,0.9555555555555554,0
3077,10,3,1.4093098485253228,0.07395847277465553,2,0.911111111111111,0,0.911111111111111,0,0.8222222222222221,0
3078,8,4,5.982938145130563,0.15788610360418803,0,0.9999999999999998,1,0.9999999999999998,1,0.9285714285714285,0
3079,6,3,5.352778309221965,0.3781859206433137,3,0.6,0,0.9999999999999999,1,0.6,0
3080,4,4,12.844546821676698,0.16820667573880477,0,1.0,1,1.0,1,1.0,1
3081,10,3,4.046943771272727,0.19665267419401622,5,0.7777777777777777,0,0.9555555555555554,0,0.8222222222222221,0
3082,10,4,2.518169052744526,0.11085636828393261,1,0.9555555555555554,0,0.911111111111111,0,0.911111111111111,0
3083,8,3,11.860004118327662,0.2937386844288312,2,0.8571428571428571,0,0.9999999999999998,1,0.7857142857142856,0
3084,8,3,12.261114722265916,0.5421056592844087,11,0.21428571428571427,0,0.8571428571428571,0,0.21428571428571427,0
3085,8,5,4.218368039520589,0.21633462147151838,3,0.7857142857142856,0,0.9285714285714285,0,0.7857142857142856,0
3086,4,4,5.446195635496363,0.3599905625501615,1,0.6666666666666669,0,1.0,1,0.6666666666666669,0
3087,10,3,14.036551967970176,0.34882744665791243,12,0.4666666666666666,0,0.9999999999999999,1,0.4222222222222222,0
3088,10,3,4.909016540414992,0.22860952005876117,1,0.9555555555555554,0,0.9555555555555554,0,0.911111111111111,0
3089,8,3,1.2007094000730392,0.007921857637785575,0,0.9999999999999998,1,0.9285714285714285,0,0.9285714285714285,0
3090,10,4,11.124159415825597,0.04996500150644549,0,0.9999999999999999,1,0.9555555555555554,0,0.9555555555555554,0
3091,5,3,1.92339253265526,0.15057974531002138,1,0.7999999999999999,0,0.7999999999999999,0,0.6,0
3092,4,4,24.03853467819416,0.591448000654898,1,0.6666666666666669,0,1.0,1,0.3333333333333334,0
3093,10,3,5.934603856722568,0.3863037576320545,7,0.6888888888888888,0,0.8222222222222221,0,0.5555555555555555,0
3094,5,3,20.564048747853974,0.5739097421147241,4,0.19999999999999998,0,0.9999999999999999,1,0.0,0
3095,5,5,13.407393369169053,0.535270882566025,7,-0.39999999999999997,0,0.9999999999999999,1,-0.6,0
3096,8,5,2.4625607162589866,0.1465217631139724,5,0.6428571428571428,0,0.9285714285714285,0,0.5714285714285714,0
3097,5,3,1.8851028600235695,0.02610576413935746,0,0.9999999999999999,1,0.9999999999999999,1,0.9999999999999999,1
3098,6,5,41.10007356640442,0.2201329062502399,2,0.7333333333333333,0,0.9999999999999999,1,0.7333333333333333,0
3099,10,4,2.715417365791135,0.21871550079358731,3,0.8666666666666666,0,0.9999999999999999,1,0.6444444444444444,0
3100,10,4,3.484006553511808,0.2410925204228956,7,0.6888888888888888,0,0.8222222222222221,0,0.6,0
3101,4,4,3.9699707178874593,0.253362307516905,1,0.6666666666666669,0,1.0,1,0.6666666666666669,0
3102,6,5,9.058615330142219,0.23656515910444947,5,0.3333333333333333,0,0.9999999999999999,1,0.3333333333333333,0
3103,4,3,5.369123459362924,0.32554182558865724,0,1.0,1,1.0,1,1.0,1
3104,10,3,3.835752018641865,0.21901714246854015,2,0.911111111111111,0,0.911111111111111,0,0.9555555555555554,0
3105,4,5,9.675186249873567,0.16658476226761998,2,0.3333333333333334,0,1.0,1,0.0,0
3106,4,5,24.021854600359706,0.18997062104525053,0,1.0,1,1.0,1,1.0,1
3107,8,4,6.227800228096556,0.27051197220837275,3,0.7857142857142856,0,0.6428571428571428,0,0.7857142857142856,0
3108,4,4,24.126184529197793,0.3668769062238818,1,0.6666666666666669,0,1.0,1,0.6666666666666669,0
3109,8,5,8.219722004640795,0.32425612711955254,9,0.3571428571428571,0,0.9285714285714285,0,0.3571428571428571,0
3110,6,3,2.0005725106886856,0.11338971523900485,0,0.9999999999999999,1,0.8666666666666666,0,0.8666666666666666,0
3111,10,4,14.366686387675157,0.22691503550066805,4,0.8222222222222221,0,0.911111111111111,0,0.8666666666666666,0
3112,10,4,2.6497762271426804,0.0878524117588232,0,0.9999999999999999,1,0.9999999999999999,1,0.9555555555555554,0
3113,6,5,7.250609498862647,0.3428152190111311,4,0.4666666666666666,0,0.6,0,0.4666666666666666,0
3114,5,3,1.0518350291715346,0.003094653242387512,0,0.9999999999999999,1,0.9999999999999999,1,0.9999999999999999,1
3115,10,3,1.847931910461977,0.12867583675105115,3,0.8666666666666666,0,0.911111111111111,0,0.7777777777777777,0
3116,10,4,11.233931199240283,0.17132578907387858,0,0.9999999999999999,1,0.9999999999999999,1,0.9999999999999999,1
3117,5,5,27.361357022848747,0.1791002102719288,0,0.9999999999999999,1,0.9999999999999999,1,0.9999999999999999,1
3118,4,3,3.1263386077058404,0.168708416757371,3,0.0,0,0.6666666666666669,0,-0.3333333333333334,0
3119,5,3,3.2711771641531295,0.2134236295051539,3,0.39999999999999997,0,0.9999999999999999,1,0.19999999999999998,0
3120,10,3,8.664720822912333,0.39290084573927314,7,0.6888888888888888,0,0.911111111111111,0,0.6,0
3121,5,3,2.2400735607982303,0.1591813401698931,1,0.7999999999999999,0,0.9999999999999999,1,0.7999999999999999,0
3122,4,3,1.3690719273997463,0.07789882893840708,0,1.0,1,1.0,1,1.0,1
3123,10,5,2.8039322696056597,0.1276459484884701,3,0.8666666666666666,0,0.9999999999999999,1,0.911111111111111,0
3124,8,4,4.214738007381897,0.13572645748395878,3,0.7857142857142856,0,0.9285714285714285,0,0.6428571428571428,0
3125,6,3,19.799768341866823,0.2595435724446904,2,0.7333333333333333,0,0.9999999999999999,1,0.7333333333333333,0
3126,8,4,1.900849894244482,0.0569091209833788,1,0.9285714285714285,0,0.9285714285714285,0,0.7857142857142856,0
3127,6,4,5.422619021474912,0.12354917284707259,2,0.7333333333333333,0,0.8666666666666666,0,0.6,0
3128,8,5,22.35724125029106,0.3632036427563866,6,0.5714285714285714,0,0.9999999999999998,1,0.6428571428571428,0
3129,6,3,3.1911510819057147,0.11754022362767999,2,0.7333333333333333,0,0.6,0,0.7333333333333333,0
3130,4,4,2.913756727832315,0.028133955648426353,0,1.0,1,1.0,1,1.0,1
3131,6,4,3.986692186123945,0.1430538109290102,1,0.8666666666666666,0,0.9999999999999999,1,0.9999999999999999,1
3132,10,3,1.8378716391574552,0.11712930776772526,3,0.8666666666666666,0,0.9555555555555554,0,0.8222222222222221,0
3133,6,5,8.27268094111774,0.17160880121817462,0,0.9999999999999999,1,0.9999999999999999,1,0.8666666666666666,0
3134,8,3,7.0939900457121965,0.3166876854844265,3,0.7857142857142856,0,0.9999999999999998,1,0.7857142857142856,0
3135,8,5,3.8289248991772014,0.20247835788429852,3,0.7857142857142856,0,0.7857142857142856,0,0.7142857142857142,0
3136,5,5,5.785979064517425,0.33571225346734607,3,0.39999999999999997,0,0.7999999999999999,0,0.39999999999999997,0
3137,10,3,2.3619684146027917,0.123535126821537,1,0.9555555555555554,0,0.8666666666666666,0,0.911111111111111,0
3138,8,5,6.363198977543698,0.20435451900322138,3,0.7857142857142856,0,0.8571428571428571,0,0.6428571428571428,0
3139,5,4,2.3748027790775676,0.17615142115273466,1,0.7999999999999999,0,0.9999999999999999,1,0.7999999999999999,0
3140,5,4,4.447955347069923,0.014628853516862241,0,0.9999999999999999,1,0.9999999999999999,1,0.9999999999999999,1
3141,8,3,7.187777331298206,0.25058531236892057,8,0.42857142857142855,0,0.9285714285714285,0,0.42857142857142855,0
3142,4,4,27.116527768578887,0.28819857297007834,0,1.0,1,1.0,1,0.6666666666666669,0
3143,10,4,2.7594001025941663,0.035999130292618226,2,0.911111111111111,0,0.9555555555555554,0,0.9555555555555554,0
3144,5,4,31.853447215400852,0.41400660562857905,2,0.6,0,0.9999999999999999,1,0.6,0
3145,10,5,14.197534685249826,0.1542785734421785,0,0.9999999999999999,1,0.9999999999999999,1,0.911111111111111,0
3146,8,5,2.8551330728820985,0.11914679617871082,2,0.8571428571428571,0,0.8571428571428571,0,0.6428571428571428,0
3147,4,5,4.550357251687877,0.17242200988538556,0,1.0,1,0.6666666666666669,0,1.0,1
3148,8,4,2.228130020555739,0.09158535884100658,2,0.8571428571428571,0,0.8571428571428571,0,0.5714285714285714,0
3149,4,4,3.312303430164375,0.23996929957364765,0,1.0,1,1.0,1,1.0,1
3150,4,3,3.1651270684103032,0.26902593337872227,1,0.6666666666666669,0,1.0,1,0.6666666666666669,0
3151,6,5,17.50035372812774,0.25855486800024285,3,0.6,0,0.9999999999999999,1,0.6,0
3152,6,5,208.09020174924356,0.1901146369751726,2,0.7333333333333333,0,0.9999999999999999,1,0.6,0
3153,4,5,4.5407951783366345,0.2514787997926493,1,0.6666666666666669,0,1.0,1,0.6666666666666669,0
3154,4,4,5.091810310750839,0.14534863061162956,1,0.6666666666666669,0,1.0,1,0.6666666666666669,0
3155,4,4,6.974447966431355,0.3577388508253605,1,0.6666666666666669,0,1.0,1,0.6666666666666669,0
3156,4,5,69.93363789277458,0.5756642674074038,3,0.0,0,1.0,1,-0.3333333333333334,0
3157,8,5,1.8380823954658,0.04437993305169599,0,0.9999999999999998,1,0.8571428571428571,0,0.7857142857142856,0
3158,8,5,52.87758647419351,0.25846691499266294,4,0.7142857142857142,0,0.7857142857142856,0,0.5714285714285714,0
3159,6,5,7.151619274911595,0.16353584533520643,0,0.9999999999999999,1,0.8666666666666666,0,0.9999999999999999,1
3160,4,5,2.2528821287926895,0.08226952937226634,0,1.0,1,1.0,1,1.0,1
3161,4,3,20.119120210168727,0.15004965456239844,0,1.0,1,1.0,1,1.0,1
3162,6,5,167.9577523027142,0.3788632138775817,3,0.6,0,0.9999999999999999,1,0.6,0
3163,8,4,103.17898626582225,0.19578098653792506,4,0.7142857142857142,0,0.9999999999999998,1,0.8571428571428571,0
3164,6,4,4.974161353585219,0.31904429585239125,4,0.4666666666666666,0,0.8666666666666666,0,0.4666666666666666,0
3165,10,3,27.117318763813774,0.08508189676769101,2,0.911111111111111,0,0.9555555555555554,0,0.9555555555555554,0
3166,10,4,3.1706266104125764,0.2005464573819751,1,0.9555555555555554,0,0.9999999999999999,1,0.8666666666666666,0
3167,6,4,10.662057078851607,0.33903324747370817,2,0.7333333333333333,0,0.9999999999999999,1,0.7333333333333333,0
3168,8,4,12.155572343777637,0.4110261305978852,3,0.7857142857142856,0,0.9999999999999998,1,0.7857142857142856,0
3169,8,5,25.65781199784887,0.6228242990919998,6,0.5714285714285714,0,0.9285714285714285,0,0.3571428571428571,0
3170,10,4,57.54877122269082,0.22002603179926314,5,0.7777777777777777,0,0.8666666666666666,0,0.7333333333333333,0
3171,5,5,6.836521470346401,0.41953624124319466,2,0.6,0,0.6,0,0.6,0
3172,8,5,2.569228484346855,0.12081721764236435,0,0.9999999999999998,1,0.9285714285714285,0,0.9999999999999998,1
3173,10,5,2.6724352448320787,0.15510930032912562,4,0.8222222222222221,0,0.9999999999999999,1,0.6888888888888888,0
3174,4,5,23.84757630497397,0.4487447887585546,2,0.3333333333333334,0,1.0,1,0.3333333333333334,0
3175,4,4,21.313208258511775,0.521295522489311,6,-1.0,0,0.6666666666666669,0,-1.0,0
3176,6,4,2.2056521612688296,0.11934737256987257,1,0.8666666666666666,0,0.9999999999999999,1,0.7333333333333333,0
3177,10,3,35.1974568082132,0.3884544383556681,6,0.7333333333333333,0,0.9555555555555554,0,0.7333333333333333,0
3178,5,3,18.380753285887366,0.1440609399854525,0,0.9999999999999999,1,0.9999999999999999,1,0.9999999999999999,1
3179,4,5,19.942442569115236,0.17516686673195145,1,0.6666666666666669,0,0.6666666666666669,0,0.6666666666666669,0
3180,5,5,2.529989790346757,0.07687079162137486,0,0.9999999999999999,1,0.9999999999999999,1,0.9999999999999999,1
3181,6,5,2.53246294037807,0.12379687944368212,0,0.9999999999999999,1,0.9999999999999999,1,0.9999999999999999,1
3182,4,5,27.53102567430325,0.2483927764632632,1,0.6666666666666669,0,0.6666666666666669,0,0.6666666666666669,0
3183,4,3,2.9293438330545847,0.19928593762929414,0,1.0,1,1.0,1,1.0,1
3184,5,5,9.257881841876996,0.2012601175909198,0,0.9999999999999999,1,0.7999999999999999,0,0.9999999999999999,1
3185,6,3,1.865366410832713,0.14542350325366254,0,0.9999999999999999,1,0.9999999999999999,1,0.9999999999999999,1
3186,4,4,51.93270616449769,0.31536469134384637,1,0.6666666666666669,0,1.0,1,0.6666666666666669,0
3187,5,5,2.813932515272204,0.11220869726128033,1,0.7999999999999999,0,0.7999999999999999,0,0.7999999999999999,0
3188,8,5,5.253769082731257,0.2520979559709376,4,0.7142857142857142,0,0.6428571428571428,0,0.6428571428571428,0
3189,8,4,8.658019318196354,0.13627621250797783,1,0.9285714285714285,0,0.9285714285714285,0,0.9285714285714285,0
3190,4,4,6.268184068076339,0.30256660769813526,2,0.3333333333333334,0,0.6666666666666669,0,0.3333333333333334,0
3191,8,5,9.930822290167018,0.24236812536182148,2,0.8571428571428571,0,0.9285714285714285,0,0.7142857142857142,0
3192,8,5,3.656934418153151,0.22463286931763257,1,0.9285714285714285,0,0.9999999999999998,1,0.9285714285714285,0
3193,10,4,31.636654101139136,0.37946583332583766,9,0.6,0,0.7777777777777777,0,0.5555555555555555,0
3194,5,4,8.600486019143668,0.40153922209677445,0,0.9999999999999999,1,0.7999999999999999,0,0.7999999999999999,0
3195,10,3,2.1088535745849173,0.1363366000875701,3,0.8666666666666666,0,0.8666666666666666,0,0.8222222222222221,0
3196,5,5,14.295325053474127,0.22218024439446588,2,0.6,0,0.9999999999999999,1,0.6,0
3197,10,3,28.837430343491828,0.16011320669197665,1,0.9555555555555554,0,0.8222222222222221,0,0.8666666666666666,0
3198,4,5,67.89864872278044,0.4363300042114893,1,0.6666666666666669,0,1.0,1,0.6666666666666669,0
3199,10,5,11.348970843971804,0.2897228195628022,12,0.4666666666666666,0,0.9555555555555554,0,0.3333333333333333,0
3200,4,5,41.830699659119794,0.1501910992862105,0,1.0,1,1.0,1,1.0,1
3201,10,3,32.803116762138174,0.15756577429133783,3,0.8666666666666666,0,0.911111111111111,0,0.9555555555555554,0
3202,6,3,80.92975107309465,0.5320763856018704,5,0.3333333333333333,0,0.8666666666666666,0,0.3333333333333333,0
3203,8,3,1.5057064263507105,0.06363974219383559,2,0.8571428571428571,0,0.9285714285714285,0,0.8571428571428571,0
3204,8,5,4.089381673825681,0.11722565036099736,3,0.7857142857142856,0,0.8571428571428571,0,0.9285714285714285,0
3205,5,4,6.3686066434892545,0.14223354499989593,1,0.7999999999999999,0,0.9999999999999999,1,0.9999999999999999,1
3206,8,5,5.243690314675648,0.27112353558947366,4,0.7142857142857142,0,0.8571428571428571,0,0.7142857142857142,0
3207,4,4,8.538167631080563,0.307746822618755,0,1.0,1,0.6666666666666669,0,1.0,1
3208,4,5,1.9660738227203123,0.06680268187744315,0,1.0,1,1.0,1,1.0,1
3209,4,5,24.516892001776387,0.39462987741269745,3,0.0,0,0.6666666666666669,0,-0.3333333333333334,0
3210,10,4,1.3651107452976474,0.023510740764949467,0,0.9999999999999999,1,0.911111111111111,0,0.911111111111111,0
3211,5,4,2.5506072238231234,0.18669099929148955,1,0.7999999999999999,0,0.6,0,0.7999999999999999,0
3212,4,4,23.7214608667381,0.18436030413365914,1,0.6666666666666669,0,0.6666666666666669,0,0.6666666666666669,0
3213,5,3,6.51893620703218,0.10024150636412563,0,0.9999999999999999,1,0.9999999999999999,1,0.9999999999999999,1
3214,4,3,1.3844974729795425,0.05646092481473257,0,1.0,1,1.0,1,0.6666666666666669,0
3215,5,3,1.1586305351118786,0.030261392515335994,0,0.9999999999999999,1,0.9999999999999999,1,0.9999999999999999,1
3216,8,4,1.9276794885774364,0.08491943595360557,0,0.9999999999999998,1,0.9285714285714285,0,0.9285714285714285,0
3217,10,3,5.790388197006982,0.14668266873759428,2,0.911111111111111,0,0.9555555555555554,0,0.911111111111111,0
3218,4,4,2.9045602080909503,0.18668381997029682,3,0.0,0,1.0,1,0.0,0
3219,6,4,4.457088713589914,0.12497139778915241,0,0.9999999999999999,1,0.8666666666666666,0,0.8666666666666666,0
3220,6,3,1.621083127448242,0.10373938279076804,1,0.8666666666666666,0,0.6,0,0.4666666666666666,0
3221,10,5,7.976027216653354,0.27055347054732937,1,0.9555555555555554,0,0.9555555555555554,0,0.8666666666666666,0
3222,10,5,63.200973651991234,0.20642519571880075,7,0.6888888888888888,0,0.8666666666666666,0,0.6444444444444444,0
3223,5,3,36.43616186311898,0.12068588702035771,1,0.7999999999999999,0,0.9999999999999999,1,0.7999999999999999,0
3224,4,4,6.132056836110472,0.11022950228291997,1,0.6666666666666669,0,0.6666666666666669,0,0.6666666666666669,0
3225,5,5,5.016491472888716,0.15969688830889495,1,0.7999999999999999,0,0.9999999999999999,1,0.6,0
3226,10,4,2.902277960702197,0.1794894265598173,6,0.7333333333333333,0,0.9555555555555554,0,0.9555555555555554,0
3227,6,5,27.58962121613246,0.32507994146859587,0,0.9999999999999999,1,0.9999999999999999,1,0.9999999999999999,1
3228,8,3,1.9961711225353833,0.1346715646825361,1,0.9285714285714285,0,0.9285714285714285,0,0.8571428571428571,0
3229,10,5,9.907499046701556,0.15493522646875035,2,0.911111111111111,0,0.8222222222222221,0,0.8666666666666666,0
3230,5,3,1.8569420549715867,0.14632431174637828,2,0.6,0,0.9999999999999999,1,0.6,0
3231,10,5,107.16253698462056,0.4378326442662764,14,0.37777777777777777,0,0.7777777777777777,0,0.28888888888888886,0
3232,4,3,15.627579526243627,0.5373491834705493,3,0.0,0,1.0,1,0.0,0
3233,5,3,422.1594110336449,0.5693646039728316,5,0.0,0,0.7999999999999999,0,0.0,0
3234,8,5,3.227118493215039,0.097138949143044,1,0.9285714285714285,0,0.9285714285714285,0,0.9285714285714285,0
3235,8,3,4.176069288815402,0.06783828705157277,0,0.9999999999999998,1,0.9999999999999998,1,0.8571428571428571,0
3236,4,4,2.9343108485500458,0.11625579951274433,0,1.0,1,1.0,1,1.0,1
3237,8,5,6.742705520859496,0.19194081779970434,2,0.8571428571428571,0,0.9285714285714285,0,0.8571428571428571,0
3238,4,3,106.78588682450666,0.5981770552096999,2,0.3333333333333334,0,1.0,1,0.3333333333333334,0
3239,6,3,3.0341257996097486,0.09131205849488779,0,0.9999999999999999,1,0.9999999999999999,1,0.9999999999999999,1
3240,8,5,5.332595683814631,0.24501824329874763,7,0.4999999999999999,0,0.8571428571428571,0,0.42857142857142855,0
3241,4,3,4.608798956308114,0.3362597221768169,1,0.6666666666666669,0,1.0,1,1.0,1
3242,10,4,17.66237135419715,0.2778681932374134,9,0.6,0,0.8222222222222221,0,0.5555555555555555,0
3243,4,4,4.432692196200891,0.1401112689382748,0,1.0,1,1.0,1,1.0,1
3244,6,5,57.88877886774468,0.3271307484797117,3,0.6,0,0.8666666666666666,0,0.6,0
3245,6,5,5.71535788312124,0.15115717651603622,4,0.4666666666666666,0,0.4666666666666666,0,0.2,0
3246,8,5,3.0032611365439603,0.11136999465719555,3,0.7857142857142856,0,0.7857142857142856,0,0.7857142857142856,0
3247,4,4,8.309428095652372,0.3507155245474704,2,0.3333333333333334,0,1.0,1,0.3333333333333334,0
3248,6,3,6.329324374352676,0.3298810322400512,4,0.4666666666666666,0,0.9999999999999999,1,0.4666666666666666,0
3249,10,5,4.702087621183692,0.17673960593230356,10,0.5555555555555555,0,0.8666666666666666,0,0.4222222222222222,0
3250,5,3,7.882118969728754,0.3184929587760806,2,0.6,0,0.9999999999999999,1,0.6,0
3251,5,4,2.5589844844771603,0.1383209177742727,2,0.6,0,0.7999999999999999,0,0.39999999999999997,0
3252,10,3,6.727040127430013,0.41198056743089373,5,0.7777777777777777,0,0.9555555555555554,0,0.6444444444444444,0
3253,6,4,12.601212715371293,0.2986013665142899,4,0.4666666666666666,0,0.7333333333333333,0,0.6,0
3254,5,5,3.037044092850433,0.21011640137731497,0,0.9999999999999999,1,0.7999999999999999,0,0.7999999999999999,0
3255,4,5,2.1877686064383464,0.1566864133566942,1,0.6666666666666669,0,1.0,1,1.0,1
3256,8,4,1.9923823830985579,0.14203776533110435,5,0.6428571428571428,0,0.6428571428571428,0,0.42857142857142855,0
3257,6,5,2.9398649917557624,0.15298644512117496,4,0.4666666666666666,0,0.7333333333333333,0,0.4666666666666666,0
3258,4,3,1.5553342121126912,0.08904479047991792,1,0.6666666666666669,0,0.6666666666666669,0,0.6666666666666669,0
3259,5,4,6.834841437964836,0.06577903783597144,0,0.9999999999999999,1,0.9999999999999999,1,0.9999999999999999,1
3260,8,3,2.506526226870975,0.08485080180806737,3,0.7857142857142856,0,0.9999999999999998,1,0.9285714285714285,0
3261,4,5,96.67978983616834,0.15378885471337173,0,1.0,1,1.0,1,1.0,1
3262,6,5,2.2545702816437947,0.12136133340862525,0,0.9999999999999999,1,0.9999999999999999,1,0.8666666666666666,0
3263,8,4,6.864738982793357,0.23683111568332182,5,0.6428571428571428,0,0.8571428571428571,0,0.42857142857142855,0
3264,5,3,23.160437142620246,0.41158776578565354,2,0.6,0,0.9999999999999999,1,0.6,0
3265,6,4,5.479510590372485,0.3291474659306597,3,0.6,0,0.9999999999999999,1,0.6,0
3266,4,5,6.733971788858402,0.12684900835380453,0,1.0,1,1.0,1,1.0,1
3267,8,4,22.3342856373102,0.5893301780861762,9,0.3571428571428571,0,0.9285714285714285,0,0.2857142857142857,0
3268,6,3,2.0922568009130305,0.12329542607685041,1,0.8666666666666666,0,0.9999999999999999,1,0.8666666666666666,0
3269,6,3,7.3635483938803725,0.16152536310697402,2,0.7333333333333333,0,0.8666666666666666,0,0.6,0
3270,4,4,111.73281115179154,0.5215142763308006,1,0.6666666666666669,0,1.0,1,0.6666666666666669,0
3271,4,3,2.6963998473464135,0.2404834670033914,1,0.6666666666666669,0,0.6666666666666669,0,0.6666666666666669,0
3272,4,5,1.7486810786530596,0.03438365563947649,0,1.0,1,0.6666666666666669,0,0.6666666666666669,0
3273,6,4,4.1570218075656475,0.19316068181036114,1,0.8666666666666666,0,0.8666666666666666,0,0.6,0
3274,10,4,2.7084827448053677,0.19019202694810444,5,0.7777777777777777,0,0.911111111111111,0,0.5555555555555555,0
3275,6,5,49.90613516592483,0.375560850457188,1,0.8666666666666666,0,0.9999999999999999,1,0.7333333333333333,0
3276,10,3,1.411426712663606,0.07050752257771946,2,0.911111111111111,0,0.7777777777777777,0,0.8222222222222221,0
3277,5,3,5.509393269503815,0.40170332724559893,2,0.6,0,0.7999999999999999,0,0.6,0
3278,6,4,7.7367793006469805,0.3139366409414176,4,0.4666666666666666,0,0.9999999999999999,1,0.4666666666666666,0
3279,8,5,434.13063390844684,0.702820155374734,11,0.21428571428571427,0,0.8571428571428571,0,0.2857142857142857,0
3280,10,3,2.0435793059933185,0.12392774393653826,1,0.9555555555555554,0,0.9999999999999999,1,0.9555555555555554,0
3281,10,3,1.879342726566221,0.03444284241918503,0,0.9999999999999999,1,0.9999999999999999,1,0.9999999999999999,1
3282,6,5,11.472760357011824,0.2974113015968616,3,0.6,0,0.8666666666666666,0,0.6,0
3283,6,5,1.6405794301049292,0.08745709250227388,0,0.9999999999999999,1,0.9999999999999999,1,0.8666666666666666,0
3284,5,3,30.151535365796388,0.1161184481922242,0,0.9999999999999999,1,0.9999999999999999,1,0.9999999999999999,1
3285,6,3,5.069093867745329,0.2746981235800883,0,0.9999999999999999,1,0.7333333333333333,0,0.9999999999999999,1
3286,4,3,3.4417369958270205,0.17777137107475877,0,1.0,1,1.0,1,1.0,1
3287,4,3,3.0308431680501084,0.17058388725709997,1,0.6666666666666669,0,1.0,1,0.6666666666666669,0
3288,4,5,7.355450256383897,0.17847561862861705,2,0.3333333333333334,0,0.6666666666666669,0,0.3333333333333334,0
3289,6,5,46.29898469033249,0.3287847041722859,3,0.6,0,0.8666666666666666,0,0.6,0
3290,5,5,4.874140302693581,0.24199674584476827,0,0.9999999999999999,1,0.7999999999999999,0,0.7999999999999999,0
3291,6,3,1.0495079723407283,0.0035228107399345107,0,0.9999999999999999,1,0.9999999999999999,1,0.9999999999999999,1
3292,8,3,2.6721217567616584,0.23079024817788163,4,0.7142857142857142,0,0.8571428571428571,0,0.5714285714285714,0
3293,5,4,5.123098959101115,0.06628936653031486,1,0.7999999999999999,0,0.9999999999999999,1,0.7999999999999999,0
3294,4,5,7.078565345874557,0.32001404192060334,1,0.6666666666666669,0,1.0,1,0.3333333333333334,0
3295,10,3,4.404874246935027,0.2575467179169062,4,0.8222222222222221,0,0.911111111111111,0,0.8222222222222221,0
3296,4,3,7.461859279174288,0.17200971456041997,0,1.0,1,1.0,1,1.0,1
3297,4,4,5.620080355667986,0.1505414956603498,2,0.3333333333333334,0,0.3333333333333334,0,0.3333333333333334,0
3298,4,3,12.061759354048599,0.2056751218997398,1,0.6666666666666669,0,1.0,1,0.6666666666666669,0
3299,6,3,12.92501894494073,0.4635525484939622,0,0.9999999999999999,1,0.9999999999999999,1,0.9999999999999999,1
3300,4,3,8.305434424729652,0.24476957551956113,0,1.0,1,1.0,1,1.0,1
3301,4,5,19.00178583540693,0.3770891200884033,1,0.6666666666666669,0,1.0,1,0.6666666666666669,0
3302,4,3,276.0536991536508,0.549058466891367,4,-0.3333333333333334,0,1.0,1,-0.3333333333333334,0
3303,8,4,59.50427915436018,0.17244932438660351,2,0.8571428571428571,0,0.8571428571428571,0,0.7142857142857142,0
3304,5,4,30.685821571035106,0.38061669355220534,1,0.7999999999999999,0,0.9999999999999999,1,0.7999999999999999,0
3305,10,4,2.7145468143228517,0.16483332635962342,4,0.8222222222222221,0,0.8666666666666666,0,0.6888888888888888,0
3306,10,4,2.7262264182523857,0.20265443459840937,3,0.8666666666666666,0,0.9999999999999999,1,0.8666666666666666,0
3307,8,3,6.1971859054466485,0.02439722767618636,0,0.9999999999999998,1,0.9999999999999998,1,0.9999999999999998,1
3308,4,3,3.5848478317125307,0.0597268133727839,0,1.0,1,1.0,1,0.6666666666666669,0
3309,5,4,1.7584618110010768,0.1171623454936005,7,-0.39999999999999997,0,0.6,0,0.19999999999999998,0
3310,6,3,1.745900059840575,0.04079301396321097,1,0.8666666666666666,0,0.8666666666666666,0,0.8666666666666666,0
3311,4,3,1.7202239239878543,0.059040387727756306,1,0.6666666666666669,0,1.0,1,0.6666666666666669,0
3312,8,5,3.020820170477392,0.20297416150770087,3,0.7857142857142856,0,0.8571428571428571,0,0.8571428571428571,0
3313,6,3,2.9732845190222257,0.15097312994826795,0,0.9999999999999999,1,0.8666666666666666,0,0.9999999999999999,1
3314,4,3,1.698886263449235,0.04335431114290466,0,1.0,1,1.0,1,1.0,1
3315,10,3,1.535433208075265,0.09598179052402189,2,0.911111111111111,0,0.8666666666666666,0,0.9555555555555554,0
3316,4,5,8.360400664850225,0.12519408489646527,0,1.0,1,1.0,1,1.0,1
3317,5,3,2.4692039134459787,0.061720228111823414,1,0.7999999999999999,0,0.9999999999999999,1,0.7999999999999999,0
3318,4,5,7.985771643211239,0.25066363532639935,1,0.6666666666666669,0,1.0,1,0.6666666666666669,0
3319,4,5,7.824369691648274,0.1388637157256951,1,0.6666666666666669,0,0.6666666666666669,0,0.3333333333333334,0
3320,6,4,6.828261208288186,0.28943058252544573,3,0.6,0,0.8666666666666666,0,0.6,0
3321,8,4,1.8402407306373458,0.02960022456380174,1,0.9285714285714285,0,0.9285714285714285,0,0.9285714285714285,0
3322,8,3,4.805450880773848,0.30053158957862447,3,0.7857142857142856,0,0.7142857142857142,0,0.7857142857142856,0
3323,5,4,3.0555125807921453,0.10584883703277034,1,0.7999999999999999,0,0.7999999999999999,0,0.7999999999999999,0
3324,6,4,11.51967963580224,0.10919876565519325,3,0.6,0,0.8666666666666666,0,0.7333333333333333,0
3325,8,4,1.9386461530076766,0.13321195842331524,6,0.5714285714285714,0,0.8571428571428571,0,0.5714285714285714,0
3326,8,3,4.162045466583475,0.1589971977607212,1,0.9285714285714285,0,0.9285714285714285,0,0.9285714285714285,0
3327,5,5,46.43529677214531,0.23281488869136074,0,0.9999999999999999,1,0.9999999999999999,1,0.9999999999999999,1
3328,6,3,1.3082554562671131,0.02587737112192553,0,0.9999999999999999,1,0.9999999999999999,1,0.9999999999999999,1
3329,5,5,2.19452323123441,0.1280319620944471,1,0.7999999999999999,0,0.7999999999999999,0,0.7999999999999999,0
3330,10,3,1.0884486537913913,0.019320516574924174,0,0.9999999999999999,1,0.9555555555555554,0,0.9555555555555554,0
3331,4,4,10.241423642357132,0.3736534295070473,1,0.6666666666666669,0,0.6666666666666669,0,0.3333333333333334,0
3332,8,3,1.872917389385156,0.024889376965359263,0,0.9999999999999998,1,0.9285714285714285,0,0.9285714285714285,0
3333,4,3,3.211121899972526,0.25439355715861656,0,1.0,1,1.0,1,1.0,1
3334,10,4,259.13620170736465,0.3554067639224276,1,0.9555555555555554,0,0.911111111111111,0,0.9555555555555554,0
3335,8,3,30.350887354690943,0.610925703935651,10,0.2857142857142857,0,0.9999999999999998,1,0.2857142857142857,0
3336,8,4,1.3804907475416879,0.039488965883253416,0,0.9999999999999998,1,0.9285714285714285,0,0.9999999999999998,1
3337,10,4,206.04024130825937,0.22987724322451078,5,0.7777777777777777,0,0.9555555555555554,0,0.8666666666666666,0
3338,6,4,7.552379898602501,0.14082821492155262,2,0.7333333333333333,0,0.8666666666666666,0,0.7333333333333333,0
3339,4,3,6.264767064626364,0.38123659333457444,1,0.6666666666666669,0,1.0,1,0.6666666666666669,0
3340,6,3,3.6156660616422345,0.1171874902644451,1,0.8666666666666666,0,0.8666666666666666,0,0.8666666666666666,0
3341,4,5,4.529109788131928,0.14199707441858495,1,0.6666666666666669,0,1.0,1,0.6666666666666669,0
3342,4,5,607.7022399398323,0.44337537347840705,1,0.6666666666666669,0,1.0,1,1.0,1
3343,10,4,5.863101994203813,0.24798535308563857,10,0.5555555555555555,0,0.7333333333333333,0,0.5555555555555555,0
3344,10,3,38.200246058793745,0.5089542576809118,18,0.19999999999999998,0,0.8666666666666666,0,0.15555555555555553,0
3345,6,3,9.23826209673972,0.3414178991697001,3,0.6,0,0.9999999999999999,1,0.4666666666666666,0
3346,6,3,1.516346844093936,0.06733948444823408,0,0.9999999999999999,1,0.9999999999999999,1,0.9999999999999999,1
3347,5,3,3.2686588542098445,0.03489106759871882,0,0.9999999999999999,1,0.9999999999999999,1,0.9999999999999999,1
3348,5,3,2.517906568334831,0.21397201364059712,0,0.9999999999999999,1,0.9999999999999999,1,0.9999999999999999,1
3349,8,5,12.86146634206953,0.2679485752607266,8,0.42857142857142855,0,0.6428571428571428,0,0.3571428571428571,0
3350,4,5,2.2099853961066094,0.0841103224002854,0,1.0,1,1.0,1,1.0,1
3351,10,5,5.266411642517242,0.2612466680440517,5,0.7777777777777777,0,0.8666666666666666,0,0.7777777777777777,0
3352,4,5,2.313781455494817,0.1569821501267869,0,1.0,1,0.6666666666666669,0,0.6666666666666669,0
3353,8,5,1.7343381307941952,0.10445408182123957,1,0.9285714285714285,0,0.9285714285714285,0,0.9285714285714285,0
3354,8,3,3.6340116748985265,0.18234861656459705,1,0.9285714285714285,0,0.9285714285714285,0,0.8571428571428571,0
3355,5,4,1.5686635022535678,0.08932657271001346,1,0.7999999999999999,0,0.9999999999999999,1,0.7999999999999999,0
3356,10,3,2.457113369490363,0.14038777802262437,4,0.8222222222222221,0,0.911111111111111,0,0.8222222222222221,0
3357,8,3,1.6257790140916781,0.052363052610772995,1,0.9285714285714285,0,0.7857142857142856,0,0.7857142857142856,0
3358,10,4,3.365516256400243,0.24305582966214925,6,0.7333333333333333,0,0.8222222222222221,0,0.6444444444444444,0
3359,10,4,6.283586243455039,0.13448049761113243,1,0.9555555555555554,0,0.9555555555555554,0,0.9555555555555554,0
3360,10,3,1.6773840345385342,0.1070205209714685,0,0.9999999999999999,1,0.9555555555555554,0,0.9555555555555554,0
3361,5,4,1.9983975926087243,0.1262450711445925,1,0.7999999999999999,0,0.9999999999999999,1,0.7999999999999999,0
3362,10,3,7.413400904593692,0.15767652822924555,7,0.6888888888888888,0,0.7777777777777777,0,0.7777777777777777,0
3363,10,5,21.381730583282277,0.5098299401157748,15,0.3333333333333333,0,0.8666666666666666,0,0.19999999999999998,0
3364,10,4,2.4703291463492003,0.17160786151677382,4,0.8222222222222221,0,0.9555555555555554,0,0.8222222222222221,0
3365,4,4,38.316042826221285,0.14242781372974472,1,0.6666666666666669,0,1.0,1,0.6666666666666669,0
3366,5,4,1.1809001682625684,0.023069791663036007,0,0.9999999999999999,1,0.39999999999999997,0,0.39999999999999997,0
3367,5,3,1.5021520400009885,0.08024476316543014,0,0.9999999999999999,1,0.7999999999999999,0,0.7999999999999999,0
3368,6,4,9.94652685414912,0.24066694276791936,2,0.7333333333333333,0,0.8666666666666666,0,0.4666666666666666,0
3369,10,3,3.6668101889329083,0.14996470748547208,4,0.8222222222222221,0,0.9555555555555554,0,0.8222222222222221,0
3370,5,5,11.455805362893424,0.16025874219440264,0,0.9999999999999999,1,0.9999999999999999,1,0.7999999999999999,0
3371,8,5,2.4421778332965487,0.17021576175093048,4,0.7142857142857142,0,0.8571428571428571,0,0.6428571428571428,0
3372,8,5,26.72296399982053,0.18680413981992944,5,0.6428571428571428,0,0.9999999999999998,1,0.6428571428571428,0
3373,8,4,3.8311052066751974,0.18950557064327683,1,0.9285714285714285,0,0.9285714285714285,0,0.8571428571428571,0
3374,10,5,2.0338193698893665,0.06525493495491999,1,0.9555555555555554,0,0.9555555555555554,0,0.911111111111111,0
3375,8,4,269.1242154973295,0.31939337760595354,7,0.4999999999999999,0,0.8571428571428571,0,0.14285714285714285,0
3376,10,3,1.5966358408625931,0.09836423997251822,2,0.911111111111111,0,0.911111111111111,0,0.7333333333333333,0
3377,4,4,4.604805705256698,0.26326244920705283,0,1.0,1,0.3333333333333334,0,1.0,1
3378,8,3,2.361161032490168,0.17071403426894244,2,0.8571428571428571,0,0.8571428571428571,0,0.7142857142857142,0
3379,10,4,6.9603070349881815,0.04130492367067967,0,0.9999999999999999,1,0.911111111111111,0,0.911111111111111,0
3380,8,5,1.4191600713482795,0.024501752659029114,1,0.9285714285714285,0,0.9999999999999998,1,0.9999999999999998,1
3381,6,4,2.414283445997814,0.18226325912606056,0,0.9999999999999999,1,0.9999999999999999,1,0.8666666666666666,0
3382,8,3,5.165447082560288,0.1111954616512705,1,0.9285714285714285,0,0.9285714285714285,0,0.9285714285714285,0
3383,8,3,6.051643315517103,0.2073498884630541,3,0.7857142857142856,0,0.9999999999999998,1,0.5714285714285714,0
3384,8,4,1.9271754464033064,0.1175671154264385,2,0.8571428571428571,0,0.9285714285714285,0,0.9285714285714285,0
3385,4,5,6.957396685270153,0.2523936315184244,1,0.6666666666666669,0,0.6666666666666669,0,0.6666666666666669,0
3386,6,5,4.68974173850902,0.2831833242598976,3,0.6,0,0.7333333333333333,0,0.6,0
3387,6,3,2.151993866286135,0.1192308948368744,1,0.8666666666666666,0,0.9999999999999999,1,0.9999999999999999,1
3388,6,5,4.935469422503323,0.21094692866575848,1,0.8666666666666666,0,0.9999999999999999,1,0.7333333333333333,0
3389,10,3,15.917563965327258,0.34040844388549624,4,0.8222222222222221,0,0.9555555555555554,0,0.8666666666666666,0
3390,4,3,4.149226163680335,0.14975835939401808,0,1.0,1,0.6666666666666669,0,1.0,1
3391,8,3,4.761062101806361,0.186388621091075,3,0.7857142857142856,0,0.8571428571428571,0,0.7857142857142856,0
3392,6,5,124.01013462718883,0.12430670772353695,1,0.8666666666666666,0,0.7333333333333333,0,0.7333333333333333,0
3393,10,3,17.156629245518815,0.2980296407432471,6,0.7333333333333333,0,0.9555555555555554,0,0.6888888888888888,0
3394,5,3,3211.261774040619,0.2795958338250756,4,0.19999999999999998,0,-0.19999999999999998,0,0.19999999999999998,0
3395,5,3,7.2184344392014035,0.3664568222405892,8,-0.6,0,0.39999999999999997,0,-0.6,0
3396,5,4,7.868940878193675,0.21565885950378566,1,0.7999999999999999,0,0.9999999999999999,1,0.6,0
3397,10,5,7.379968726362691,0.39850900735698025,10,0.5555555555555555,0,0.8666666666666666,0,0.4222222222222222,0
3398,4,4,4.771028881756049,0.14402287286962046,1,0.6666666666666669,0,1.0,1,0.6666666666666669,0
3399,10,4,6.344961901844729,0.059924113452811734,4,0.8222222222222221,0,0.8666666666666666,0,0.7777777777777777,0
3400,10,3,44.186196583985044,0.4374685846175991,13,0.4222222222222222,0,0.9555555555555554,0,0.37777777777777777,0
3401,6,3,12.625757115943886,0.3765577591932989,6,0.2,0,0.9999999999999999,1,0.06666666666666665,0
3402,4,3,29.53504320016931,0.6141981003741932,1,0.6666666666666669,0,1.0,1,0.3333333333333334,0
3403,10,5,2.098677544378771,0.0617791156070097,0,0.9999999999999999,1,0.8666666666666666,0,0.7777777777777777,0
3404,10,5,48.3470335540764,0.24431273344699517,5,0.7777777777777777,0,0.8666666666666666,0,0.7333333333333333,0
3405,8,5,3.3944141653318747,0.1567595169486812,2,0.8571428571428571,0,0.9285714285714285,0,0.8571428571428571,0
3406,4,5,8.168449052708386,0.2942900733334065,2,0.3333333333333334,0,1.0,1,0.3333333333333334,0
3407,5,4,21.083653606623326,0.37021408863625566,2,0.6,0,0.7999999999999999,0,0.6,0
3408,6,4,7.700616918771934,0.25325779467549503,3,0.6,0,0.7333333333333333,0,0.4666666666666666,0
3409,4,3,1.1082643957512195,0.024530879373083445,0,1.0,1,1.0,1,1.0,1
3410,10,3,2.408738349415605,0.1721698745313667,3,0.8666666666666666,0,0.9999999999999999,1,0.8222222222222221,0
3411,10,5,25.48511353561897,0.5621996403023264,17,0.24444444444444444,0,0.8666666666666666,0,0.15555555555555553,0
3412,5,5,7.560654860595432,0.19849424904292023,1,0.7999999999999999,0,0.9999999999999999,1,0.9999999999999999,1
3413,8,4,51.21037788906492,0.2728903836210375,6,0.5714285714285714,0,0.9285714285714285,0,0.42857142857142855,0
3414,5,5,5.861038223912239,0.12373945821815152,0,0.9999999999999999,1,0.9999999999999999,1,0.9999999999999999,1
3415,8,3,1.9317044304468272,0.09951067603198767,2,0.8571428571428571,0,0.9285714285714285,0,0.9285714285714285,0
3416,5,4,30.666831588829616,0.38129176472969745,1,0.7999999999999999,0,0.7999999999999999,0,0.7999999999999999,0
3417,6,4,36.520798666397596,0.23226387490005013,0,0.9999999999999999,1,0.9999999999999999,1,0.8666666666666666,0
3418,8,5,9.083251596168965,0.18432461157764726,2,0.8571428571428571,0,0.8571428571428571,0,0.9285714285714285,0
3419,8,4,10.524584805234529,0.21755805304823797,5,0.6428571428571428,0,0.9285714285714285,0,0.6428571428571428,0
3420,10,5,3.1544947878348792,0.13578842369488764,1,0.9555555555555554,0,0.9555555555555554,0,0.8222222222222221,0
3421,5,3,16.87728459271222,0.38947442521875775,2,0.6,0,0.9999999999999999,1,0.6,0
3422,6,5,12.103310408762193,0.17395690894508384,0,0.9999999999999999,1,0.9999999999999999,1,0.9999999999999999,1
3423,6,5,56.42072022512453,0.3140428825479179,3,0.6,0,0.7333333333333333,0,0.6,0
3424,8,3,1.2030435975984972,0.0254847872920059,0,0.9999999999999998,1,0.8571428571428571,0,0.8571428571428571,0
3425,10,4,2.306364023882954,0.144043737229581,6,0.7333333333333333,0,0.911111111111111,0,0.5555555555555555,0
3426,10,4,33.491941072680795,0.2733411332019112,7,0.6888888888888888,0,0.9999999999999999,1,0.6,0
3427,4,4,1.4398428910450052,0.0307792199046215,0,1.0,1,1.0,1,1.0,1
3428,6,3,3.5097720349308617,0.22106704438165597,1,0.8666666666666666,0,0.9999999999999999,1,0.9999999999999999,1
3429,6,5,7.730815514400875,0.3107026801350359,0,0.9999999999999999,1,0.9999999999999999,1,0.9999999999999999,1
3430,8,5,4.610187462744929,0.10786821224700832,1,0.9285714285714285,0,0.9285714285714285,0,0.9285714285714285,0
3431,5,3,3.125449857228959,0.15694287575839816,3,0.39999999999999997,0,0.9999999999999999,1,0.39999999999999997,0
3432,10,3,2.612449204206841,0.15849095790525392,3,0.8666666666666666,0,0.8666666666666666,0,0.8666666666666666,0
3433,10,5,43.39926348660407,0.5777880255547755,29,-0.28888888888888886,0,0.7777777777777777,0,-0.3333333333333333,0
3434,4,4,10.235278613653028,0.19675812209315424,1,0.6666666666666669,0,1.0,1,1.0,1
3435,6,3,3.6135290238056075,0.15959489987249548,0,0.9999999999999999,1,0.9999999999999999,1,0.9999999999999999,1
3436,10,4,2.7198463638938426,0.20427535262754315,5,0.7777777777777777,0,0.8666666666666666,0,0.7333333333333333,0
3437,6,5,2.3637378718770305,0.18912754106519672,1,0.8666666666666666,0,0.9999999999999999,1,0.9999999999999999,1
3438,8,3,1.5537549372537003,0.0708122633124858,2,0.8571428571428571,0,0.7142857142857142,0,0.7142857142857142,0
3439,10,5,3.8531926080838192,0.1267348697831396,2,0.911111111111111,0,0.911111111111111,0,0.8222222222222221,0
3440,8,5,10.23205710996483,0.16301039612425078,1,0.9285714285714285,0,0.9999999999999998,1,0.9285714285714285,0
3441,6,5,3.588425896630247,0.20058297637599692,2,0.7333333333333333,0,0.9999999999999999,1,0.7333333333333333,0
3442,8,5,7.126187004742386,0.2626692005795482,2,0.8571428571428571,0,0.9285714285714285,0,0.7857142857142856,0
3443,6,3,5.151044785051937,0.33674225310086314,1,0.8666666666666666,0,0.9999999999999999,1,0.7333333333333333,0
3444,6,4,2.2372732825778074,0.14415188377286725,2,0.7333333333333333,0,0.9999999999999999,1,0.7333333333333333,0
3445,5,4,4.115282784459356,0.14750921444304815,1,0.7999999999999999,0,0.9999999999999999,1,0.7999999999999999,0
3446,5,3,2.388797119199819,0.13572312551776483,1,0.7999999999999999,0,0.9999999999999999,1,0.6,0
3447,5,5,8.625888649182553,0.3414960586630532,3,0.39999999999999997,0,0.7999999999999999,0,0.39999999999999997,0
3448,8,5,5.590736698250453,0.23758261326169255,1,0.9285714285714285,0,0.9285714285714285,0,0.6428571428571428,0
3449,10,4,6.630132454793708,0.2845574836840109,6,0.7333333333333333,0,0.8222222222222221,0,0.7333333333333333,0
3450,6,4,2.198210583325545,0.11012346958040446,0,0.9999999999999999,1,0.9999999999999999,1,0.9999999999999999,1
3451,10,4,37.34727791126901,0.08385906738615814,4,0.8222222222222221,0,0.911111111111111,0,0.7777777777777777,0
3452,8,5,2.8919067978803543,0.09091758579401843,0,0.9999999999999998,1,0.8571428571428571,0,0.8571428571428571,0
3453,10,5,29.81055375996472,0.37481898589986107,8,0.6444444444444444,0,0.9555555555555554,0,0.6444444444444444,0
3454,4,5,2.9010484300316506,0.10819838489600572,0,1.0,1,0.6666666666666669,0,0.6666666666666669,0
3455,10,3,26.710407138255523,0.45070167411971124,10,0.5555555555555555,0,0.8666666666666666,0,0.4666666666666666,0
3456,4,5,3.732860244353724,0.12141700061999204,0,1.0,1,0.6666666666666669,0,0.3333333333333334,0
3457,8,5,2.1633248500535855,0.1498884279270318,1,0.9285714285714285,0,0.7857142857142856,0,0.9999999999999998,1
3458,6,3,5.480944772142486,0.2259706427119894,3,0.6,0,0.7333333333333333,0,0.6,0
3459,5,3,3.2520733055870292,0.04242922445435891,0,0.9999999999999999,1,0.9999999999999999,1,0.9999999999999999,1
3460,8,3,2.530285138610833,0.09437108715247827,0,0.9999999999999998,1,0.9999999999999998,1,0.9999999999999998,1
3461,4,5,3.4457264092558684,0.2304761624101586,0,1.0,1,1.0,1,1.0,1
3462,10,4,24.031610045176116,0.41878656172535106,9,0.6,0,0.8666666666666666,0,0.5111111111111111,0
3463,8,4,10.45206466645049,0.35751237336972913,2,0.8571428571428571,0,0.9285714285714285,0,0.7142857142857142,0
3464,4,5,13.09791497220957,0.393754134773389,1,0.6666666666666669,0,1.0,1,0.6666666666666669,0
3465,4,3,3.505157937023805,0.1996332868082757,1,0.6666666666666669,0,0.6666666666666669,0,0.6666666666666669,0
3466,6,5,11.988153680059,0.2215552410005324,3,0.6,0,0.9999999999999999,1,0.6,0
3467,4,3,4.416123177560443,0.17103031195299312,0,1.0,1,1.0,1,1.0,1
3468,8,5,3.2341220996882454,0.12471849862486835,1,0.9285714285714285,0,0.9285714285714285,0,0.9285714285714285,0
3469,8,5,356.7401681245834,0.30581782977911753,1,0.9285714285714285,0,0.8571428571428571,0,0.9285714285714285,0
3470,5,3,25.335050092476777,0.5709795085654634,4,0.19999999999999998,0,0.9999999999999999,1,0.0,0
3471,8,5,3.8267846709948876,0.16786854048239924,2,0.8571428571428571,0,0.7142857142857142,0,0.8571428571428571,0
3472,5,3,2.428570513545072,0.07268628229886376,1,0.7999999999999999,0,0.9999999999999999,1,0.7999999999999999,0
3473,10,5,3.9755818091117465,0.18524942850477139,6,0.7333333333333333,0,0.7333333333333333,0,0.5111111111111111,0
3474,10,5,2.121812912322385,0.12083589965205176,1,0.9555555555555554,0,0.9555555555555554,0,0.6888888888888888,0
3475,4,3,2.181903939249402,0.04062991544978229,0,1.0,1,1.0,1,1.0,1
3476,6,4,5.531935749722833,0.263259306422036,1,0.8666666666666666,0,0.8666666666666666,0,0.7333333333333333,0
3477,10,3,1.46538413381616,0.033288332924548254,1,0.9555555555555554,0,0.9555555555555554,0,0.9555555555555554,0
3478,5,3,5.892346794366331,0.30774963777112285,2,0.6,0,0.9999999999999999,1,0.6,0
3479,10,5,8.047505832795103,0.18585145407656511,3,0.8666666666666666,0,0.9555555555555554,0,0.8222222222222221,0
3480,8,3,65.25222424354114,0.1265867207166832,3,0.7857142857142856,0,0.9285714285714285,0,0.7857142857142856,0
3481,4,5,6.467042540162253,0.09838171240048711,1,0.6666666666666669,0,0.3333333333333334,0,0.6666666666666669,0
3482,6,5,9.912227291618633,0.40651026598690454,5,0.3333333333333333,0,0.7333333333333333,0,0.3333333333333333,0
3483,4,4,3.5234270306333273,0.1614722778430025,0,1.0,1,1.0,1,1.0,1
3484,8,3,3.8856655777391063,0.2756015223374052,2,0.8571428571428571,0,0.9999999999999998,1,0.6428571428571428,0
3485,4,4,7.76368964465768,0.11375322192021678,0,1.0,1,0.6666666666666669,0,1.0,1
3486,4,5,12.064894533486244,0.27047835391671005,1,0.6666666666666669,0,1.0,1,0.3333333333333334,0
3487,4,5,11.289436641272559,0.4958502524707141,4,-0.3333333333333334,0,1.0,1,-0.3333333333333334,0
3488,5,4,3.0314741280683912,0.15129237000165385,0,0.9999999999999999,1,0.9999999999999999,1,0.9999999999999999,1
3489,8,3,2.4253072399521645,0.21060213649240084,2,0.8571428571428571,0,0.6428571428571428,0,0.8571428571428571,0
3490,8,3,1.2625699777080777,0.056346460333484255,1,0.9285714285714285,0,0.9285714285714285,0,0.8571428571428571,0
3491,5,3,13.800109155141824,0.07666439172840614,0,0.9999999999999999,1,0.9999999999999999,1,0.9999999999999999,1
3492,6,4,34.35546723954066,0.2518085763816047,2,0.7333333333333333,0,0.8666666666666666,0,0.7333333333333333,0
3493,5,3,2.2888633778852543,0.13980343492107242,1,0.7999999999999999,0,0.9999999999999999,1,0.9999999999999999,1
3494,4,4,3.0772279051058016,0.09474048819724522,0,1.0,1,1.0,1,1.0,1
3495,4,5,15.089832011778395,0.23234744908513663,1,0.6666666666666669,0,0.6666666666666669,0,0.0,0
3496,10,3,1.819636985766456,0.12262926616629966,2,0.911111111111111,0,0.9555555555555554,0,0.9555555555555554,0
3497,6,5,2.7482397955670015,0.09886926587794444,1,0.8666666666666666,0,0.8666666666666666,0,0.8666666666666666,0
3498,4,3,36.729651515946095,0.262500713143889,0,1.0,1,1.0,1,1.0,1
3499,6,3,1.5635489606355513,0.09509619489704987,5,0.3333333333333333,0,0.6,0,0.4666666666666666,0
3500,6,5,1349.1160283009258,0.4782318913263276,4,0.4666666666666666,0,0.7333333333333333,0,0.6,0
3501,8,4,11.782729685734262,0.2047975470218199,4,0.7142857142857142,0,0.9285714285714285,0,0.6428571428571428,0
3502,5,5,2.179863857378636,0.1380094208733612,1,0.7999999999999999,0,0.7999999999999999,0,0.6,0
3503,8,4,2.6369880425603274,0.17594463144349656,4,0.7142857142857142,0,0.8571428571428571,0,0.7142857142857142,0
3504,4,5,2.9470356601384857,0.12161083778332275,0,1.0,1,1.0,1,1.0,1
3505,10,4,13.19754028022543,0.3180190775295419,8,0.6444444444444444,0,0.8222222222222221,0,0.6888888888888888,0
3506,10,4,3.5140683156577603,0.221886412283188,7,0.6888888888888888,0,0.9555555555555554,0,0.7333333333333333,0
3507,6,4,5.054154767513454,0.24282296769370315,4,0.4666666666666666,0,0.8666666666666666,0,0.4666666666666666,0
3508,5,3,101.33780415312226,0.4539723032377036,1,0.7999999999999999,0,0.9999999999999999,1,0.7999999999999999,0
3509,6,5,4.811701534491755,0.25156929984840326,1,0.8666666666666666,0,0.9999999999999999,1,0.8666666666666666,0
3510,4,3,9.822743661887882,0.31596364998525767,0,1.0,1,0.6666666666666669,0,1.0,1
3511,6,5,5.419076945073534,0.1765534579713212,2,0.7333333333333333,0,0.7333333333333333,0,0.3333333333333333,0
3512,10,3,24.25356061858699,0.3382752872668622,6,0.7333333333333333,0,0.9555555555555554,0,0.6444444444444444,0
3513,4,5,16.389875191570574,0.39133218213782334,2,0.3333333333333334,0,0.6666666666666669,0,0.6666666666666669,0
3514,6,3,73.7441633752806,0.27356384562330505,1,0.8666666666666666,0,0.9999999999999999,1,0.8666666666666666,0
3515,8,3,1.7738324899452371,0.057922921824035314,0,0.9999999999999998,1,0.8571428571428571,0,0.9285714285714285,0
3516,10,3,3.9534289431617435,0.278079220401222,10,0.5555555555555555,0,0.8666666666666666,0,0.4666666666666666,0
3517,6,3,2.6597466681434243,0.08076030160922712,0,0.9999999999999999,1,0.9999999999999999,1,0.9999999999999999,1
3518,8,4,4.147103723589495,0.10544466522073134,0,0.9999999999999998,1,0.9285714285714285,0,0.9999999999999998,1
3519,10,5,1.5013679568284093,0.07098549610520827,0,0.9999999999999999,1,0.911111111111111,0,0.8222222222222221,0
3520,8,5,11.041300995247939,0.11794929864378345,2,0.8571428571428571,0,0.8571428571428571,0,0.7857142857142856,0
3521,8,3,9.115926227743008,0.3461609187392213,1,0.9285714285714285,0,0.9285714285714285,0,0.9999999999999998,1
3522,8,3,2.4009599373285613,0.17294734667795514,4,0.7142857142857142,0,0.7857142857142856,0,0.9285714285714285,0
3523,6,5,1.5855214057030598,0.05093204751997975,0,0.9999999999999999,1,0.9999999999999999,1,0.8666666666666666,0
3524,6,5,2.033765905274909,0.1517448221621523,1,0.8666666666666666,0,0.7333333333333333,0,0.8666666666666666,0
3525,8,3,3.8627713108529442,0.2684717243563953,4,0.7142857142857142,0,0.8571428571428571,0,0.6428571428571428,0
3526,8,3,4.4084174497096456,0.20985078113538813,2,0.8571428571428571,0,0.9999999999999998,1,0.9285714285714285,0
3527,10,3,3.5900611700099967,0.14515372602550713,10,0.5555555555555555,0,0.7333333333333333,0,0.5111111111111111,0
3528,8,5,10.607391059396756,0.2998437638812835,9,0.3571428571428571,0,0.8571428571428571,0,0.3571428571428571,0
3529,8,3,1.315351369992106,0.017234940533359545,0,0.9999999999999998,1,0.9999999999999998,1,0.9999999999999998,1
3530,6,4,15.792806867809526,0.32706248618535405,6,0.2,0,0.8666666666666666,0,-0.06666666666666665,0
3531,8,5,4.552740991770783,0.1641793380678414,3,0.7857142857142856,0,0.9999999999999998,1,0.8571428571428571,0
3532,5,3,1.3491158337595104,0.038768393982475335,0,0.9999999999999999,1,0.9999999999999999,1,0.9999999999999999,1
3533,6,3,7.898893168161778,0.28489676018126064,5,0.3333333333333333,0,0.9999999999999999,1,0.4666666666666666,0
3534,6,5,7.588141325395237,0.2100265141957374,2,0.7333333333333333,0,0.9999999999999999,1,0.7333333333333333,0
3535,5,3,2.5152811366394556,0.09611978585629699,0,0.9999999999999999,1,0.7999999999999999,0,0.9999999999999999,1
3536,6,5,6.745248875956813,0.15926809766141192,1,0.8666666666666666,0,0.8666666666666666,0,0.7333333333333333,0
3537,10,3,6.9099628892892255,0.21814325835516274,6,0.7333333333333333,0,0.911111111111111,0,0.6444444444444444,0
3538,8,3,1.958447043421608,0.15422895361988068,2,0.8571428571428571,0,0.9285714285714285,0,0.7857142857142856,0
3539,5,3,1.7965160863073184,0.05413594750722091,1,0.7999999999999999,0,0.7999999999999999,0,0.7999999999999999,0
3540,8,5,4.777091677315423,0.19462143326776996,2,0.8571428571428571,0,0.9285714285714285,0,0.8571428571428571,0
3541,8,3,3.2286507581622557,0.24898269618538182,3,0.7857142857142856,0,0.9285714285714285,0,0.7857142857142856,0
3542,10,3,4.459497048992632,0.2999241915481569,12,0.4666666666666666,0,0.8222222222222221,0,0.5111111111111111,0
3543,4,5,3.7244401243265925,0.259511698552588,1,0.6666666666666669,0,0.0,0,0.3333333333333334,0
3544,6,3,3.4298141020589377,0.26387497062676035,1,0.8666666666666666,0,0.7333333333333333,0,0.8666666666666666,0
3545,4,4,32.3240607122119,0.2487895516511252,2,0.3333333333333334,0,1.0,1,0.3333333333333334,0
3546,10,3,4.183967523583614,0.14508959906929642,8,0.6444444444444444,0,0.911111111111111,0,0.6,0
3547,10,3,5.369718916843653,0.38859135015917495,7,0.6888888888888888,0,0.8666666666666666,0,0.6888888888888888,0
3548,4,4,9.89379881179672,0.3378430985280888,0,1.0,1,1.0,1,1.0,1
3549,10,3,3.0787955071884503,0.25472308778966224,7,0.6888888888888888,0,0.911111111111111,0,0.5111111111111111,0
3550,10,3,2.119837735477727,0.10136446125502076,2,0.911111111111111,0,0.9999999999999999,1,0.8666666666666666,0
3551,4,5,1.5354886159559646,0.012695449187295475,0,1.0,1,1.0,1,1.0,1
3552,10,4,38.06155947671664,0.2712489377995093,4,0.8222222222222221,0,0.911111111111111,0,0.7333333333333333,0
3553,5,3,3.2847103544283716,0.1690198874262895,0,0.9999999999999999,1,0.9999999999999999,1,0.9999999999999999,1
3554,8,4,39.28690567206322,0.2739467603778511,6,0.5714285714285714,0,0.9285714285714285,0,0.6428571428571428,0
3555,5,3,35.63365899477139,0.08643487368996343,0,0.9999999999999999,1,0.9999999999999999,1,0.9999999999999999,1
3556,5,5,3.411168676401994,0.1306745729407958,0,0.9999999999999999,1,0.9999999999999999,1,0.9999999999999999,1
3557,5,3,1.823816780033006,0.07918995101837228,0,0.9999999999999999,1,0.7999999999999999,0,0.7999999999999999,0
3558,4,4,4.113454543585513,0.2851584599299058,4,-0.3333333333333334,0,0.6666666666666669,0,-0.3333333333333334,0
3559,8,4,4.353442743312621,0.09863982220338224,1,0.9285714285714285,0,0.9285714285714285,0,0.8571428571428571,0
3560,4,4,2.9513726523524397,0.19117555776394424,0,1.0,1,0.6666666666666669,0,0.6666666666666669,0
3561,5,3,2.7264168277872725,0.17584005425391142,2,0.6,0,0.7999999999999999,0,0.6,0
3562,6,3,2.6070870046228123,0.034957033591414034,0,0.9999999999999999,1,0.9999999999999999,1,0.9999999999999999,1
3563,10,3,20.64556939736039,0.4466378947201247,8,0.6444444444444444,0,0.9999999999999999,1,0.6444444444444444,0
3564,4,4,2.6657385760990744,0.15727498489766364,0,1.0,1,1.0,1,1.0,1
3565,5,5,49.43484419931198,0.49984971591683147,5,0.0,0,0.9999999999999999,1,-0.19999999999999998,0
3566,4,4,1.6967901428418017,0.09893652773893824,1,0.6666666666666669,0,0.6666666666666669,0,0.6666666666666669,0
3567,6,3,5.5482847211069535,0.1177103219652387,1,0.8666666666666666,0,0.8666666666666666,0,0.8666666666666666,0
3568,8,5,5.765199139461714,0.22400707989184693,5,0.6428571428571428,0,0.8571428571428571,0,0.4999999999999999,0
3569,5,3,2.4186089628661835,0.15495459375108117,1,0.7999999999999999,0,0.9999999999999999,1,0.6,0
3570,5,3,13.069356109415283,0.38976027141626574,3,0.39999999999999997,0,0.9999999999999999,1,0.39999999999999997,0
3571,8,5,4.931313000204939,0.20934859516594106,1,0.9285714285714285,0,0.9285714285714285,0,0.8571428571428571,0
3572,5,4,58.96373689904386,0.15574221932870042,0,0.9999999999999999,1,0.7999999999999999,0,0.9999999999999999,1
3573,4,3,6.613622334048248,0.3460374034915077,0,1.0,1,1.0,1,1.0,1
3574,6,4,3.91040243612754,0.21500644613549563,1,0.8666666666666666,0,0.8666666666666666,0,0.8666666666666666,0
3575,8,3,13.502009640484419,0.5444510858167266,5,0.6428571428571428,0,0.7142857142857142,0,0.7142857142857142,0
3576,8,4,1.9447508199463077,0.048872288555772414,1,0.9285714285714285,0,0.9285714285714285,0,0.9999999999999998,1
3577,4,5,37.94592830102333,0.27172376840299806,2,0.3333333333333334,0,0.6666666666666669,0,0.0,0
3578,4,5,7.663512357637577,0.14899518082394334,0,1.0,1,1.0,1,1.0,1
3579,10,4,2.269069441760045,0.08849475345477922,5,0.7777777777777777,0,0.8666666666666666,0,0.7333333333333333,0
3580,10,5,35.828079148367856,0.21002386849548865,8,0.6444444444444444,0,0.6444444444444444,0,0.3333333333333333,0
3581,4,4,1.6359647378298252,0.016162769313766128,1,0.6666666666666669,0,1.0,1,0.6666666666666669,0
3582,5,5,16.832269976720283,0.2794506335515959,0,0.9999999999999999,1,0.9999999999999999,1,0.9999999999999999,1
3583,8,5,22.274896251181474,0.41983617825988223,6,0.5714285714285714,0,0.7857142857142856,0,0.5714285714285714,0
3584,4,5,1.6359865667074562,0.04591773344422898,0,1.0,1,1.0,1,1.0,1
3585,6,5,12.309416160276516,0.13473885390603937,3,0.6,0,0.7333333333333333,0,0.6,0
3586,8,5,2.489923305446291,0.15064429501563115,3,0.7857142857142856,0,0.9285714285714285,0,0.9285714285714285,0
3587,8,5,3.681449275472239,0.16166777046928993,3,0.7857142857142856,0,0.8571428571428571,0,0.7142857142857142,0
3588,6,3,3.1531119057805124,0.21486802817900497,2,0.7333333333333333,0,0.9999999999999999,1,0.7333333333333333,0
3589,5,4,5.31059921395506,0.10876480408299746,1,0.7999999999999999,0,0.7999999999999999,0,0.7999999999999999,0
3590,4,5,50.03594014909125,0.22883004493761538,0,1.0,1,1.0,1,0.6666666666666669,0
3591,4,4,31.73436314256875,0.3256856109198626,2,0.3333333333333334,0,0.6666666666666669,0,0.3333333333333334,0
3592,10,5,429.93764855303584,0.2738113043255657,15,0.3333333333333333,0,0.8222222222222221,0,0.24444444444444444,0
3593,4,5,2.1160724221127882,0.059646726427824835,0,1.0,1,0.6666666666666669,0,0.6666666666666669,0
3594,5,3,8.876097342987409,0.18787531058698234,0,0.9999999999999999,1,0.7999999999999999,0,0.9999999999999999,1
3595,5,5,4.767870592235006,0.1592149631915488,1,0.7999999999999999,0,0.7999999999999999,0,0.7999999999999999,0
3596,4,5,8.57321369420541,0.20961791632512755,2,0.3333333333333334,0,1.0,1,0.3333333333333334,0
3597,10,3,2.0729898674857363,0.1549528675646331,2,0.911111111111111,0,0.9999999999999999,1,0.911111111111111,0
3598,8,3,7.666834334282241,0.34868820791602007,10,0.2857142857142857,0,0.8571428571428571,0,0.07142857142857142,0
3599,10,5,9.294390543991202,0.26082828575616346,6,0.7333333333333333,0,0.911111111111111,0,0.7333333333333333,0
3600,5,3,12.973107963495154,0.283325767726215,3,0.39999999999999997,0,0.7999999999999999,0,0.39999999999999997,0
3601,6,4,24.34787325246766,0.013548742612788505,0,0.9999999999999999,1,0.8666666666666666,0,0.9999999999999999,1
3602,8,5,9.530875545095723,0.32235094308547096,5,0.6428571428571428,0,0.9285714285714285,0,0.6428571428571428,0
3603,10,5,9.849379837374387,0.23716691556023334,1,0.9555555555555554,0,0.9555555555555554,0,0.911111111111111,0
3604,8,5,4.672322647075333,0.07625154406292034,1,0.9285714285714285,0,0.8571428571428571,0,0.8571428571428571,0
3605,4,3,12.168882635984849,0.2302464458023911,0,1.0,1,0.6666666666666669,0,1.0,1
3606,4,4,3.930552710181245,0.193313568371919,1,0.6666666666666669,0,1.0,1,0.6666666666666669,0
3607,10,5,8.757468684290345,0.16012731006000347,11,0.5111111111111111,0,0.8666666666666666,0,0.6,0
3608,6,5,5.599665968176416,0.20177066456556403,1,0.8666666666666666,0,0.9999999999999999,1,0.8666666666666666,0
3609,4,3,25.347088917183402,0.5599222050868757,1,0.6666666666666669,0,1.0,1,0.6666666666666669,0
3610,5,5,30.22708934181931,0.4749508921843083,3,0.39999999999999997,0,0.7999999999999999,0,0.39999999999999997,0
3611,8,5,7.503852238714022,0.25749275203993116,3,0.7857142857142856,0,0.9285714285714285,0,0.7857142857142856,0
3612,5,4,33.223943646324706,0.534197919741022,8,-0.6,0,0.9999999999999999,1,-0.39999999999999997,0
3613,4,5,14.28246052321734,0.23686869430624893,1,0.6666666666666669,0,1.0,1,0.6666666666666669,0
3614,8,5,5.36956448487996,0.2141900438416781,4,0.7142857142857142,0,0.7857142857142856,0,0.6428571428571428,0
3615,10,5,29.117646450076098,0.19515775511323813,5,0.7777777777777777,0,0.8666666666666666,0,0.7777777777777777,0
3616,4,3,2.9120423748274953,0.20108113410605313,0,1.0,1,1.0,1,1.0,1
3617,5,4,3.881714552633942,0.22157288024429211,1,0.7999999999999999,0,0.9999999999999999,1,0.6,0
3618,4,5,5.098837580084858,0.21428857058320624,1,0.6666666666666669,0,0.6666666666666669,0,0.6666666666666669,0
3619,6,4,146.75473036378693,0.38629422345487574,6,0.2,0,0.8666666666666666,0,0.2,0
3620,6,4,2.299031564819336,0.07608308987221865,0,0.9999999999999999,1,0.9999999999999999,1,0.9999999999999999,1
3621,6,4,3.271475280854728,0.1965606809574897,2,0.7333333333333333,0,0.7333333333333333,0,0.7333333333333333,0
3622,4,3,1.7901328343545901,0.11548282652435005,1,0.6666666666666669,0,1.0,1,0.6666666666666669,0
3623,8,4,11.724696385047823,0.10655830945041549,3,0.7857142857142856,0,0.9999999999999998,1,0.8571428571428571,0
3624,5,4,5.631939432736824,0.33584095219474114,3,0.39999999999999997,0,0.7999999999999999,0,0.6,0
3625,10,3,9.420985117566266,0.38331582833197086,8,0.6444444444444444,0,0.8666666666666666,0,0.5111111111111111,0
3626,10,3,12.140876441564478,0.4410265876443767,11,0.5111111111111111,0,0.9555555555555554,0,0.3333333333333333,0
3627,10,3,4.16245119950326,0.22563257622861066,2,0.911111111111111,0,0.9555555555555554,0,0.911111111111111,0
3628,4,4,3.8355050260949404,0.2901791859678119,1,0.6666666666666669,0,1.0,1,0.6666666666666669,0
3629,6,4,2.681222585562511,0.14641704373129422,1,0.8666666666666666,0,0.8666666666666666,0,0.7333333333333333,0
3630,10,3,5.485116431732465,0.3663145485927709,12,0.4666666666666666,0,0.8666666666666666,0,0.5111111111111111,0
3631,5,4,4.3201505199935815,0.22126555800654737,0,0.9999999999999999,1,0.9999999999999999,1,0.9999999999999999,1
3632,8,3,3.2067942339569244,0.18449788126194433,2,0.8571428571428571,0,0.8571428571428571,0,0.9285714285714285,0
3633,4,3,1.4663272392991082,0.08313852788682416,0,1.0,1,1.0,1,1.0,1
3634,4,3,20.214608532613028,0.25076793798331404,0,1.0,1,1.0,1,1.0,1
3635,10,4,5.341769984234256,0.2111381238176711,6,0.7333333333333333,0,0.9555555555555554,0,0.6444444444444444,0
3636,6,3,6.594958983993455,0.10287269700269913,2,0.7333333333333333,0,0.7333333333333333,0,0.4666666666666666,0
3637,5,4,2.656899935858732,0.056837789496563755,0,0.9999999999999999,1,0.9999999999999999,1,0.9999999999999999,1
3638,5,5,2.5349142481828975,0.12632294183265372,0,0.9999999999999999,1,0.7999999999999999,0,0.7999999999999999,0
3639,5,3,3.8030796773518767,0.16230272764046164,0,0.9999999999999999,1,0.9999999999999999,1,0.9999999999999999,1
3640,8,5,4.241698993173712,0.2558816751352391,8,0.42857142857142855,0,0.9285714285714285,0,0.4999999999999999,0
3641,6,5,67.47246317824903,0.5142670271610665,4,0.4666666666666666,0,0.7333333333333333,0,0.2,0
3642,4,4,2.409973318996956,0.08191347451789988,0,1.0,1,1.0,1,1.0,1
3643,8,4,2.568419954845435,0.14052268469446144,3,0.7857142857142856,0,0.9999999999999998,1,0.8571428571428571,0
3644,4,3,3.5892666471039156,0.2537910344297173,1,0.6666666666666669,0,1.0,1,0.6666666666666669,0
3645,10,4,4.740029769888182,0.20772199605491382,1,0.9555555555555554,0,0.8666666666666666,0,0.9999999999999999,1
3646,5,5,20.115170019273435,0.41227024096982035,4,0.19999999999999998,0,0.7999999999999999,0,0.19999999999999998,0
3647,8,5,4.805540420297445,0.20040926992588193,1,0.9285714285714285,0,0.9285714285714285,0,0.9285714285714285,0
3648,5,5,18.304857724749063,0.1635517795641801,3,0.39999999999999997,0,0.6,0,0.39999999999999997,0
3649,4,5,4.892011312479475,0.29039805419509873,0,1.0,1,1.0,1,1.0,1
3650,5,4,3.6275001371029676,0.07864600944853681,0,0.9999999999999999,1,0.7999999999999999,0,0.7999999999999999,0
3651,6,4,1.7260473047362188,0.04406649495103046,0,0.9999999999999999,1,0.8666666666666666,0,0.8666666666666666,0
3652,8,3,8.217985157600856,0.21450501706936972,5,0.6428571428571428,0,0.9999999999999998,1,0.6428571428571428,0
3653,4,5,1002.0897262940546,0.4386830148116936,2,0.3333333333333334,0,0.6666666666666669,0,0.3333333333333334,0
3654,5,3,2.6811820991684976,0.19279149136128867,2,0.6,0,0.9999999999999999,1,0.7999999999999999,0
3655,8,3,1.559216129369062,0.07743478546989403,1,0.9285714285714285,0,0.9285714285714285,0,0.9285714285714285,0
3656,8,3,1.518963706009134,0.05730577877257273,0,0.9999999999999998,1,0.9999999999999998,1,0.8571428571428571,0
3657,5,5,9.46994875766892,0.18300437444199572,1,0.7999999999999999,0,0.9999999999999999,1,0.7999999999999999,0
3658,6,5,4.3389016627859975,0.08997134899413187,3,0.6,0,0.4666666666666666,0,0.4666666666666666,0
3659,6,5,3.5218821288051094,0.12396259338678702,0,0.9999999999999999,1,0.9999999999999999,1,0.9999999999999999,1
3660,4,3,1.572242492199142,0.04864431962709773,0,1.0,1,1.0,1,1.0,1
3661,8,5,3.8071025080945775,0.11154827387900662,2,0.8571428571428571,0,0.7142857142857142,0,0.7857142857142856,0
3662,4,4,4.0728573708996985,0.27782412056859984,1,0.6666666666666669,0,1.0,1,0.6666666666666669,0
3663,6,4,7.011090112489465,0.25047535067204263,1,0.8666666666666666,0,0.9999999999999999,1,0.8666666666666666,0
3664,6,4,1.5319477976558047,0.05891679068912101,1,0.8666666666666666,0,0.8666666666666666,0,0.8666666666666666,0
3665,5,4,1.881229376471664,0.11232303026825258,0,0.9999999999999999,1,0.9999999999999999,1,0.9999999999999999,1
3666,5,4,2.398707705515607,0.17997669755754167,1,0.7999999999999999,0,0.9999999999999999,1,0.9999999999999999,1
3667,4,3,7.2230422857937,0.03719340784316732,0,1.0,1,1.0,1,1.0,1
3668,5,5,3.810242036345742,0.14107605580195268,0,0.9999999999999999,1,0.9999999999999999,1,0.7999999999999999,0
3669,4,3,3.4861479231053965,0.2572852695050316,0,1.0,1,1.0,1,1.0,1
3670,10,4,2.0284629365108713,0.11209655871786199,2,0.911111111111111,0,0.9555555555555554,0,0.911111111111111,0
3671,5,4,1.4231959496691362,0.04855148297057943,0,0.9999999999999999,1,0.9999999999999999,1,0.9999999999999999,1
3672,10,4,7.221416216824158,0.30131643403013475,6,0.7333333333333333,0,0.8666666666666666,0,0.6888888888888888,0
3673,10,4,3.2064212714706652,0.2013968332662021,5,0.7777777777777777,0,0.911111111111111,0,0.6888888888888888,0
3674,6,5,29.87859085190266,0.47656671816828655,5,0.3333333333333333,0,0.9999999999999999,1,0.2,0
3675,10,5,1.721416002429033,0.0846020424617685,0,0.9999999999999999,1,0.911111111111111,0,0.911111111111111,0
3676,8,3,18.891189294929397,0.008689087957490578,1,0.9285714285714285,0,0.9285714285714285,0,0.9285714285714285,0
3677,8,3,4.249582105195129,0.32700521592197734,4,0.7142857142857142,0,0.9285714285714285,0,0.6428571428571428,0
3678,8,3,1.6332851808906839,0.06540644422418901,0,0.9999999999999998,1,0.9999999999999998,1,0.9999999999999998,1
3679,4,5,4.287161979524617,0.21120528061912922,0,1.0,1,1.0,1,1.0,1
3680,6,5,3.625854247433758,0.12300406286150534,0,0.9999999999999999,1,0.9999999999999999,1,0.8666666666666666,0
3681,8,5,57.50164308061698,0.3957108974810693,6,0.5714285714285714,0,0.9285714285714285,0,0.5714285714285714,0
3682,5,3,1.2434152948957984,0.04058152982266748,0,0.9999999999999999,1,0.9999999999999999,1,0.9999999999999999,1
3683,8,5,5.777686900785225,0.19908470779132995,2,0.8571428571428571,0,0.9285714285714285,0,0.6428571428571428,0
3684,8,4,29.60033701111524,0.41342788255376445,9,0.3571428571428571,0,0.9285714285714285,0,0.3571428571428571,0
3685,10,3,1.5737940637891839,0.07998046995746608,5,0.7777777777777777,0,0.7777777777777777,0,0.6444444444444444,0
3686,6,3,7.029771208166178,0.13629497803959245,1,0.8666666666666666,0,0.8666666666666666,0,0.8666666666666666,0
3687,6,3,1.5762728019965604,0.07443716990420848,0,0.9999999999999999,1,0.9999999999999999,1,0.9999999999999999,1
3688,10,5,4.900133646647543,0.1383209618122956,6,0.7333333333333333,0,0.5555555555555555,0,0.6,0
3689,6,4,2.433048203814146,0.17677301971738618,1,0.8666666666666666,0,0.9999999999999999,1,0.9999999999999999,1
3690,6,4,1.3335958016441662,0.016017222481848704,0,0.9999999999999999,1,0.8666666666666666,0,0.8666666666666666,0
3691,10,4,8.936433416660883,0.17983011504515917,5,0.7777777777777777,0,0.8666666666666666,0,0.6444444444444444,0
3692,10,4,18.669787154281842,0.1571872807361651,5,0.7777777777777777,0,0.9999999999999999,1,0.6444444444444444,0
3693,10,3,1.8754236405335407,0.08337491694777249,0,0.9999999999999999,1,0.911111111111111,0,0.8666666666666666,0
3694,8,5,24.922121360273415,0.1919751596181058,1,0.9285714285714285,0,0.8571428571428571,0,0.9285714285714285,0
3695,10,4,5.8557868080621684,0.25511237993418345,7,0.6888888888888888,0,0.8666666666666666,0,0.7333333333333333,0
3696,10,5,8.267861594088625,0.20301678661325953,5,0.7777777777777777,0,0.6444444444444444,0,0.6444444444444444,0
3697,8,4,122.96382653538673,0.0694701089155711,1,0.9285714285714285,0,0.9285714285714285,0,0.8571428571428571,0
3698,8,5,5.089792541566672,0.06812809752837912,1,0.9285714285714285,0,0.9285714285714285,0,0.8571428571428571,0
3699,8,3,2.7529370440892658,0.20079014644247567,1,0.9285714285714285,0,0.9999999999999998,1,0.9285714285714285,0
3700,10,4,35.498853123538645,0.12024753633053681,2,0.911111111111111,0,0.911111111111111,0,0.8666666666666666,0
3701,4,3,3.1570586279721558,0.11013347819832672,0,1.0,1,1.0,1,1.0,1
3702,5,5,9.049166983376788,0.28476996579368064,1,0.7999999999999999,0,0.7999999999999999,0,0.39999999999999997,0
3703,5,3,9.42624480244194,0.20735893578727593,1,0.7999999999999999,0,0.9999999999999999,1,0.7999999999999999,0
3704,4,3,8.163007951206232,0.28297425494477696,1,0.6666666666666669,0,1.0,1,0.6666666666666669,0
3705,8,3,3.2194645794882892,0.1426821888144201,1,0.9285714285714285,0,0.9999999999999998,1,0.8571428571428571,0
3706,10,3,2.2141282573871526,0.11423681578180465,2,0.911111111111111,0,0.8666666666666666,0,0.9555555555555554,0
3707,5,5,7.14789406967459,0.10045999653512179,1,0.7999999999999999,0,0.9999999999999999,1,0.7999999999999999,0
3708,5,3,1.11039145204652,0.011890643460799308,0,0.9999999999999999,1,0.7999999999999999,0,0.7999999999999999,0
3709,4,4,3.223831444581612,0.17045596038676059,1,0.6666666666666669,0,0.6666666666666669,0,0.6666666666666669,0
3710,4,5,5.894329888691614,0.302782240700275,2,0.3333333333333334,0,0.6666666666666669,0,0.3333333333333334,0
3711,10,3,2.7678914730591098,0.06389373158143843,0,0.9999999999999999,1,0.8666666666666666,0,0.9999999999999999,1
3712,10,5,8.32704404720617,0.3653615038394323,25,-0.1111111111111111,0,0.7333333333333333,0,-0.15555555555555553,0
3713,6,5,5.129914203333812,0.2880588895825037,1,0.8666666666666666,0,0.7333333333333333,0,0.8666666666666666,0
3714,8,5,3.086722815691489,0.257947744198448,6,0.5714285714285714,0,0.8571428571428571,0,0.6428571428571428,0
3715,6,4,6.3257026205586735,0.21922071212559477,2,0.7333333333333333,0,0.8666666666666666,0,0.9999999999999999,1
3716,5,5,2.410975536077982,0.07474298229601639,0,0.9999999999999999,1,0.7999999999999999,0,0.7999999999999999,0
3717,10,3,5.637067305731379,0.027133653420737962,0,0.9999999999999999,1,0.9999999999999999,1,0.9999999999999999,1
3718,8,3,20.283417666045445,0.4106794328058683,5,0.6428571428571428,0,0.8571428571428571,0,0.6428571428571428,0
3719,4,4,6.346241495431314,0.11197542327684906,1,0.6666666666666669,0,1.0,1,0.6666666666666669,0
3720,10,4,3.063476885295593,0.1508281120308854,6,0.7333333333333333,0,0.9555555555555554,0,0.6888888888888888,0
3721,5,3,2.437089346850122,0.061365036057238115,0,0.9999999999999999,1,0.9999999999999999,1,0.9999999999999999,1
3722,4,5,2.391687824191965,0.14293521006923016,1,0.6666666666666669,0,0.6666666666666669,0,0.6666666666666669,0
3723,5,4,4.199603100356637,0.23333739448566038,1,0.7999999999999999,0,0.9999999999999999,1,0.6,0
3724,8,3,12.880515682899988,0.07584231761102107,2,0.8571428571428571,0,0.9285714285714285,0,0.8571428571428571,0
3725,6,3,3.275627064830129,0.2040212475500013,0,0.9999999999999999,1,0.9999999999999999,1,0.8666666666666666,0
3726,6,3,3.738695658111805,0.2706578835279882,2,0.7333333333333333,0,0.8666666666666666,0,0.8666666666666666,0
3727,4,5,7.467552032318322,0.0738683069582208,0,1.0,1,1.0,1,1.0,1
3728,10,3,7.714361767613419,0.39244841353510396,15,0.3333333333333333,0,0.7777777777777777,0,0.37777777777777777,0
3729,4,3,5.1882258235585486,0.32615903810040114,0,1.0,1,1.0,1,1.0,1
3730,6,5,4.231142220427901,0.08748675953387097,3,0.6,0,0.8666666666666666,0,0.7333333333333333,0
3731,6,5,25.656722690387614,0.2692329719670954,4,0.4666666666666666,0,0.8666666666666666,0,0.4666666666666666,0
3732,8,3,2.498451614422382,0.0652107779519184,2,0.8571428571428571,0,0.8571428571428571,0,0.7857142857142856,0
3733,8,5,3.5010982762343374,0.13261265864410682,1,0.9285714285714285,0,0.9285714285714285,0,0.7857142857142856,0
3734,5,3,7.4853186881988485,0.2941462244540547,0,0.9999999999999999,1,0.39999999999999997,0,0.9999999999999999,1
3735,6,5,4.825455260577679,0.2762152194941224,2,0.7333333333333333,0,0.9999999999999999,1,0.7333333333333333,0
3736,8,4,74.20780465628434,0.604027403475768,12,0.14285714285714285,0,0.7857142857142856,0,0.07142857142857142,0
3737,4,4,3.3011408511530007,0.2836126092022415,2,0.3333333333333334,0,1.0,1,0.3333333333333334,0
3738,5,5,5.311182059328326,0.06740322412578595,3,0.39999999999999997,0,0.39999999999999997,0,0.39999999999999997,0
3739,5,3,1.1357960424626055,0.010407921765522242,0,0.9999999999999999,1,0.9999999999999999,1,0.9999999999999999,1
3740,8,4,4.262647531077781,0.10021059575007105,3,0.7857142857142856,0,0.8571428571428571,0,0.7857142857142856,0
3741,4,4,6.688000314036249,0.21446781633550732,0,1.0,1,1.0,1,0.6666666666666669,0
3742,6,5,36.94807550015504,0.44929096215274167,5,0.3333333333333333,0,0.9999999999999999,1,0.4666666666666666,0
3743,5,3,1.5540245507081751,0.10030548708873317,1,0.7999999999999999,0,0.7999999999999999,0,0.6,0
3744,10,4,3.3438124061155934,0.10445627556813254,2,0.911111111111111,0,0.8666666666666666,0,0.911111111111111,0
3745,10,4,5.04546735223864,0.15283524086176892,2,0.911111111111111,0,0.9555555555555554,0,0.9555555555555554,0
3746,8,5,10.879968408986015,0.11518625329193134,0,0.9999999999999998,1,0.9999999999999998,1,0.7857142857142856,0
3747,10,5,4.202733616670305,0.11984493353854173,2,0.911111111111111,0,0.9555555555555554,0,0.8666666666666666,0
3748,6,3,128.78667651937116,0.2763796309854351,3,0.6,0,0.9999999999999999,1,0.6,0
3749,10,4,3.0165822870640464,0.12900230653843792,2,0.911111111111111,0,0.911111111111111,0,0.8666666666666666,0
3750,5,3,1.3224923724856634,0.06102482028544352,0,0.9999999999999999,1,0.9999999999999999,1,0.9999999999999999,1
3751,5,5,9.805781121998205,0.22128083827779088,3,0.39999999999999997,0,0.9999999999999999,1,0.39999999999999997,0
3752,5,5,48.80140162949041,0.3446398940569126,0,0.9999999999999999,1,0.9999999999999999,1,0.9999999999999999,1
3753,4,5,4.237898461618334,0.2514631570757537,0,1.0,1,1.0,1,0.6666666666666669,0
3754,8,4,5.601028461432507,0.18087755336970307,2,0.8571428571428571,0,0.9285714285714285,0,0.8571428571428571,0
3755,5,3,5.044462320471895,0.009738351411393158,0,0.9999999999999999,1,0.9999999999999999,1,0.9999999999999999,1
3756,6,4,2.4878776624372154,0.19233409483640096,0,0.9999999999999999,1,0.9999999999999999,1,0.9999999999999999,1
3757,6,3,2.7450060852984923,0.22154850462677625,3,0.6,0,0.9999999999999999,1,0.6,0
3758,8,5,20.154392971532502,0.31508474656462304,4,0.7142857142857142,0,0.8571428571428571,0,0.6428571428571428,0
3759,6,4,9.074207026469152,0.24589839736344232,2,0.7333333333333333,0,0.8666666666666666,0,0.6,0
3760,8,3,3.0712255324368787,0.19506856639206166,4,0.7142857142857142,0,0.9999999999999998,1,0.6428571428571428,0
3761,8,4,34.4919667203839,0.40442771524724697,9,0.3571428571428571,0,0.7857142857142856,0,0.3571428571428571,0
3762,6,3,3.2392633873340246,0.2854121373579033,1,0.8666666666666666,0,0.8666666666666666,0,0.8666666666666666,0
3763,4,4,4.627103942689486,0.12150236417270453,0,1.0,1,1.0,1,1.0,1
3764,8,4,48.52809670320406,0.3009158641556581,6,0.5714285714285714,0,0.9999999999999998,1,0.5714285714285714,0
3765,8,4,3.052212831644519,0.22303893022663668,3,0.7857142857142856,0,0.9285714285714285,0,0.7142857142857142,0
3766,10,5,3.0785287861309665,0.09649738458831193,1,0.9555555555555554,0,0.9555555555555554,0,0.8666666666666666,0
3767,6,4,109.79102070685502,0.35585370028369934,4,0.4666666666666666,0,0.9999999999999999,1,0.6,0
3768,8,4,21.778013549442942,0.44778183175218866,9,0.3571428571428571,0,0.9285714285714285,0,0.2857142857142857,0
3769,5,5,6.5579546485931095,0.20657853716882946,2,0.6,0,0.7999999999999999,0,0.6,0
3770,5,4,3.699638060506198,0.09289364266810651,1,0.7999999999999999,0,0.9999999999999999,1,0.9999999999999999,1
3771,5,5,11.623086648477173,0.18921005988080442,3,0.39999999999999997,0,0.7999999999999999,0,0.7999999999999999,0
3772,6,4,2.896471189143037,0.12014494614288623,0,0.9999999999999999,1,0.9999999999999999,1,0.9999999999999999,1
3773,8,3,2.6579159812041686,0.1699493964240677,2,0.8571428571428571,0,0.9999999999999998,1,0.7857142857142856,0
3774,5,5,55.87566960937015,0.5351658286789398,3,0.39999999999999997,0,0.7999999999999999,0,0.39999999999999997,0
3775,6,3,1.3637908447417177,0.07394379523393443,0,0.9999999999999999,1,0.9999999999999999,1,0.9999999999999999,1
3776,4,3,2.2112036045070935,0.09884063210368234,0,1.0,1,1.0,1,1.0,1
3777,4,3,1.5083967853390408,0.005312719314708375,0,1.0,1,1.0,1,1.0,1
3778,6,3,4.6877303357716045,0.30896367579111816,1,0.8666666666666666,0,0.7333333333333333,0,0.7333333333333333,0
3779,4,5,2.6859431019655484,0.14398820708619692,1,0.6666666666666669,0,1.0,1,0.3333333333333334,0
3780,5,4,2.4924841138485423,0.16800374016220548,1,0.7999999999999999,0,0.9999999999999999,1,0.6,0
3781,4,5,48.1892720240716,0.4785464997717454,2,0.3333333333333334,0,1.0,1,0.3333333333333334,0
3782,4,4,4.183390259621015,0.13618123982029545,1,0.6666666666666669,0,0.6666666666666669,0,0.6666666666666669,0
3783,5,5,4.30335565914085,0.27577029373920914,1,0.7999999999999999,0,0.6,0,0.19999999999999998,0
3784,8,5,22.160562894020035,0.2669836867897624,4,0.7142857142857142,0,0.9285714285714285,0,0.6428571428571428,0
3785,4,3,5.319771987139132,0.3883524649623864,1,0.6666666666666669,0,1.0,1,0.6666666666666669,0
3786,10,4,3.8570961244091655,0.2961714629906481,4,0.8222222222222221,0,0.911111111111111,0,0.8222222222222221,0
3787,5,4,5.138940174375187,0.2902903920841187,0,0.9999999999999999,1,0.9999999999999999,1,0.9999999999999999,1
3788,5,5,25.190917257982118,0.48476243855309964,0,0.9999999999999999,1,0.9999999999999999,1,0.7999999999999999,0
3789,8,4,5.755832499749138,0.11770581879629737,2,0.8571428571428571,0,0.9285714285714285,0,0.8571428571428571,0
3790,4,4,25.830823671299964,0.28375601157911534,1,0.6666666666666669,0,1.0,1,0.6666666666666669,0
3791,5,3,6.755626790834583,0.21459143588427626,1,0.7999999999999999,0,0.9999999999999999,1,0.7999999999999999,0
3792,10,4,12.891100772534665,0.07623837415665077,1,0.9555555555555554,0,0.911111111111111,0,0.911111111111111,0
3793,10,4,6.891983764915118,0.2763316886532172,10,0.5555555555555555,0,0.8666666666666666,0,0.5555555555555555,0
3794,4,4,7.76959689452351,0.14858324888397414,0,1.0,1,0.6666666666666669,0,1.0,1
3795,5,4,3.341529712491944,0.22566331216046492,2,0.6,0,0.9999999999999999,1,0.6,0
3796,4,3,62.058113131847705,0.3650256041498723,4,-0.3333333333333334,0,1.0,1,-0.3333333333333334,0
3797,8,3,10.289249437488229,0.46843030600846824,6,0.5714285714285714,0,0.9285714285714285,0,0.5714285714285714,0
3798,5,5,18.997907664045144,0.17131241566373212,0,0.9999999999999999,1,0.7999999999999999,0,0.7999999999999999,0
3799,6,4,10.60478006823849,0.16004597617949745,0,0.9999999999999999,1,0.9999999999999999,1,0.9999999999999999,1
3800,10,5,3.3003688515888236,0.25793879962693694,2,0.911111111111111,0,0.911111111111111,0,0.8666666666666666,0
3801,10,3,1.8041967823166276,0.11213717739372289,4,0.8222222222222221,0,0.9555555555555554,0,0.911111111111111,0
3802,5,4,16.327650721509052,0.3614991422525627,3,0.39999999999999997,0,0.6,0,0.39999999999999997,0
3803,8,5,12.798447667272404,0.31953651803595506,1,0.9285714285714285,0,0.9999999999999998,1,0.9999999999999998,1
3804,6,3,4.9322516204045135,0.2035383633298303,3,0.6,0,0.9999999999999999,1,0.4666666666666666,0
3805,6,4,9.25115429736003,0.2911246616702195,6,0.2,0,0.7333333333333333,0,0.3333333333333333,0
3806,8,5,91.89314576721911,0.547281406437201,5,0.6428571428571428,0,0.9285714285714285,0,0.6428571428571428,0
3807,5,5,325.82527671534154,0.22907351174638513,2,0.6,0,0.6,0,0.6,0
3808,5,4,2.8669634287641594,0.18960370486209535,0,0.9999999999999999,1,0.9999999999999999,1,0.9999999999999999,1
3809,5,3,2.536238186716603,0.0695254114427713,0,0.9999999999999999,1,0.9999999999999999,1,0.7999999999999999,0
3810,10,3,2.72553678100992,0.17316540962046714,3,0.8666666666666666,0,0.911111111111111,0,0.911111111111111,0
3811,5,3,1.931136838886035,0.15699573876476688,1,0.7999999999999999,0,0.6,0,0.7999999999999999,0
3812,4,5,1.8425620396790394,0.07091825171719959,0,1.0,1,1.0,1,0.6666666666666669,0
3813,4,5,5.028097516375645,0.23201603540239563,2,0.3333333333333334,0,1.0,1,0.3333333333333334,0
3814,6,5,4.409737310187723,0.27809127510820153,0,0.9999999999999999,1,0.8666666666666666,0,0.9999999999999999,1
3815,8,5,6.392698092220738,0.2799095456695881,6,0.5714285714285714,0,0.9999999999999998,1,0.2857142857142857,0
3816,5,5,16.41907227461397,0.5118826445064615,2,0.6,0,0.9999999999999999,1,0.39999999999999997,0
3817,8,3,1.7029851774151998,0.06510336596604119,1,0.9285714285714285,0,0.9999999999999998,1,0.9285714285714285,0
3818,5,4,2.182702858062119,0.1395574366020263,2,0.6,0,0.7999999999999999,0,0.6,0
3819,5,3,4.791445512132258,0.13919424469386815,1,0.7999999999999999,0,0.9999999999999999,1,0.7999999999999999,0
3820,8,4,9.885401467564474,0.24420807983634288,1,0.9285714285714285,0,0.9999999999999998,1,0.9285714285714285,0
3821,10,5,9.829679797588199,0.15106094243665308,3,0.8666666666666666,0,0.8666666666666666,0,0.8666666666666666,0
3822,5,3,2.307358831599213,0.12160818287676695,1,0.7999999999999999,0,0.9999999999999999,1,0.7999999999999999,0
3823,6,3,10.724455400329683,0.16442460912124862,4,0.4666666666666666,0,0.8666666666666666,0,0.4666666666666666,0
3824,5,3,4.9038438959531065,0.3329900426355883,2,0.6,0,0.9999999999999999,1,0.6,0
3825,4,4,15.289500322143217,0.324897245664805,1,0.6666666666666669,0,1.0,1,0.6666666666666669,0
3826,8,5,13.10827848708079,0.3981753617652197,8,0.42857142857142855,0,0.9999999999999998,1,0.14285714285714285,0
3827,10,3,2.1611539080870346,0.09498125785039485,0,0.9999999999999999,1,0.9999999999999999,1,0.9555555555555554,0
3828,10,3,124.85326798690441,0.3025048984280059,4,0.8222222222222221,0,0.9999999999999999,1,0.7333333333333333,0
3829,5,4,6.144860566176341,0.20010963052283348,0,0.9999999999999999,1,0.7999999999999999,0,0.7999999999999999,0
3830,10,5,9.620637275340478,0.3968480365653686,10,0.5555555555555555,0,0.7777777777777777,0,0.37777777777777777,0
3831,6,3,3.7481600675412525,0.3017338738376679,1,0.8666666666666666,0,0.9999999999999999,1,0.8666666666666666,0
3832,8,5,6.171680451548845,0.19771236077321586,3,0.7857142857142856,0,0.9285714285714285,0,0.8571428571428571,0
3833,8,3,1.3906635384103827,0.03307383110498522,0,0.9999999999999998,1,0.7857142857142856,0,0.8571428571428571,0
3834,8,4,4.740935219881984,0.24195111374472666,0,0.9999999999999998,1,0.9999999999999998,1,0.9285714285714285,0
3835,8,5,1.4064589656303075,0.03908802338103124,1,0.9285714285714285,0,0.7857142857142856,0,0.7142857142857142,0
3836,10,5,8.369421203287123,0.027854215956346344,3,0.8666666666666666,0,0.8222222222222221,0,0.8222222222222221,0
3837,6,4,13.859788169636266,0.2047898181046853,3,0.6,0,0.7333333333333333,0,0.6,0
3838,10,5,6.853283802920356,0.15730584161224936,4,0.8222222222222221,0,0.8666666666666666,0,0.7777777777777777,0
3839,5,5,3.6940991591719894,0.061708503714146275,0,0.9999999999999999,1,0.9999999999999999,1,0.9999999999999999,1
3840,4,3,5.724019431892653,0.11195503348274784,0,1.0,1,1.0,1,1.0,1
3841,5,4,11.861375532328495,0.2945097580620589,0,0.9999999999999999,1,0.9999999999999999,1,0.9999999999999999,1
3842,5,3,315.95653012113405,0.1274348981577179,1,0.7999999999999999,0,0.7999999999999999,0,0.7999999999999999,0
3843,4,3,18.335507110243,0.25358392960668563,1,0.6666666666666669,0,1.0,1,0.6666666666666669,0
3844,10,4,1.7838994420983474,0.05117129469205637,1,0.9555555555555554,0,0.8666666666666666,0,0.911111111111111,0
3845,6,4,2.3754608999696396,0.15693797918843477,2,0.7333333333333333,0,0.8666666666666666,0,0.6,0
3846,8,4,2.19478323500046,0.19110891414588946,3,0.7857142857142856,0,0.8571428571428571,0,0.8571428571428571,0
3847,6,4,20.625748257201053,0.1071586568232459,0,0.9999999999999999,1,0.7333333333333333,0,0.8666666666666666,0
3848,8,3,20.35418580594791,0.484166865791118,7,0.4999999999999999,0,0.9285714285714285,0,0.42857142857142855,0
3849,8,4,7.5653675510334315,0.33223305519678425,5,0.6428571428571428,0,0.9999999999999998,1,0.6428571428571428,0
3850,6,4,2.617299857053685,0.08361733996844384,0,0.9999999999999999,1,0.8666666666666666,0,0.8666666666666666,0
3851,8,3,2.030608312398331,0.10002981848110239,2,0.8571428571428571,0,0.8571428571428571,0,0.7142857142857142,0
3852,4,4,14.204452737480082,0.4671920460240967,1,0.6666666666666669,0,0.6666666666666669,0,0.6666666666666669,0
3853,10,4,2.379993507100722,0.035969455115055296,1,0.9555555555555554,0,0.8222222222222221,0,0.8222222222222221,0
3854,4,4,7.445379346322326,0.26922056997674826,3,0.0,0,1.0,1,0.3333333333333334,0
3855,4,3,3.6212570986929777,0.18878641647185637,1,0.6666666666666669,0,0.6666666666666669,0,0.6666666666666669,0
3856,4,3,2.573205539900257,0.19453058748307395,1,0.6666666666666669,0,1.0,1,0.6666666666666669,0
3857,10,4,1.7952579111368885,0.12203888423984083,2,0.911111111111111,0,0.8222222222222221,0,0.7777777777777777,0
3858,5,3,1.9881441778108346,0.16082428466675688,3,0.39999999999999997,0,0.9999999999999999,1,0.6,0
3859,5,3,9.670537153306478,0.1537412545572075,1,0.7999999999999999,0,0.7999999999999999,0,0.7999999999999999,0
3860,10,4,1.9018818404915878,0.10437661520717648,0,0.9999999999999999,1,0.9555555555555554,0,0.9555555555555554,0
3861,4,5,17.59028101679635,0.18517057115152694,0,1.0,1,0.0,0,0.6666666666666669,0
3862,4,4,160.07608674178826,0.1733816287957493,2,0.3333333333333334,0,0.6666666666666669,0,0.3333333333333334,0
3863,4,4,9.4488246532832,0.3086225299477533,1,0.6666666666666669,0,1.0,1,0.6666666666666669,0
3864,10,3,1.4955141761903707,0.05406379372321741,1,0.9555555555555554,0,0.911111111111111,0,0.911111111111111,0
3865,5,3,2.599866191423701,0.1860713725392243,3,0.39999999999999997,0,0.9999999999999999,1,0.39999999999999997,0
3866,5,3,3.4488764131093532,0.2936617788507253,3,0.39999999999999997,0,0.9999999999999999,1,0.19999999999999998,0
3867,10,3,44.02064812735104,0.3797800187062248,9,0.6,0,0.7777777777777777,0,0.5555555555555555,0
3868,6,4,3.3797097529917517,0.19497221060711195,2,0.7333333333333333,0,0.9999999999999999,1,0.6,0
3869,6,5,4.84964354522527,0.22212572616469123,3,0.6,0,0.8666666666666666,0,0.3333333333333333,0
3870,5,5,5.425530522820494,0.2613334370889473,1,0.7999999999999999,0,0.6,0,0.6,0
3871,6,4,22.008389650275063,0.5767640718567433,0,0.9999999999999999,1,0.9999999999999999,1,0.9999999999999999,1
3872,8,4,3.4614561337141385,0.20430655415373672,4,0.7142857142857142,0,0.9285714285714285,0,0.6428571428571428,0
3873,8,3,7.575279938856379,0.28235427962054815,5,0.6428571428571428,0,0.9999999999999998,1,0.7142857142857142,0
3874,6,4,18.976761651452904,0.04440140955634428,1,0.8666666666666666,0,0.8666666666666666,0,0.8666666666666666,0
3875,8,3,2.795237124924075,0.04623706819339246,0,0.9999999999999998,1,0.9999999999999998,1,0.9999999999999998,1
3876,4,5,131.039932096752,0.29197420500012494,1,0.6666666666666669,0,0.6666666666666669,0,0.6666666666666669,0
3877,8,3,3.9750707540033368,0.16887635939899887,7,0.4999999999999999,0,0.9285714285714285,0,0.2857142857142857,0
3878,10,3,3.638069617057867,0.05775719371953442,1,0.9555555555555554,0,0.9555555555555554,0,0.9999999999999999,1
3879,5,5,4.72484336588597,0.10037450301537908,3,0.39999999999999997,0,0.7999999999999999,0,0.6,0
3880,6,5,2.6647951407737622,0.08228906615874246,1,0.8666666666666666,0,0.8666666666666666,0,0.8666666666666666,0
3881,6,3,1.191932326120701,0.028227763351133126,0,0.9999999999999999,1,0.8666666666666666,0,0.9999999999999999,1
3882,6,3,4.711914481024234,0.1812259302368474,0,0.9999999999999999,1,0.9999999999999999,1,0.9999999999999999,1
3883,6,3,6.774419726636367,0.28445272774954256,3,0.6,0,0.8666666666666666,0,0.6,0
3884,5,5,18.90562587458002,0.2640307506758497,1,0.7999999999999999,0,0.9999999999999999,1,0.7999999999999999,0
3885,5,4,4.264263338868032,0.08660110428489987,1,0.7999999999999999,0,0.9999999999999999,1,0.7999999999999999,0
3886,4,3,4.093670456252438,0.16644217095939146,0,1.0,1,1.0,1,1.0,1
3887,6,3,4.928647420070138,0.15043969962149817,1,0.8666666666666666,0,0.9999999999999999,1,0.8666666666666666,0
3888,5,4,1.501868484964247,0.05131641080304226,1,0.7999999999999999,0,0.39999999999999997,0,0.6,0
3889,5,3,3.78014599035078,0.24782080192424769,0,0.9999999999999999,1,0.9999999999999999,1,0.7999999999999999,0
3890,10,4,3.5561720018776968,0.2367132406604392,7,0.6888888888888888,0,0.911111111111111,0,0.4666666666666666,0
3891,6,5,5.42148082728519,0.14653952448559188,1,0.8666666666666666,0,0.7333333333333333,0,0.9999999999999999,1
3892,5,4,10.02982165010999,0.1376901253421179,0,0.9999999999999999,1,0.9999999999999999,1,0.9999999999999999,1
3893,8,3,10.265725701378734,0.17954035376669736,6,0.5714285714285714,0,0.8571428571428571,0,0.4999999999999999,0
3894,5,4,174.93899169518102,0.30921018303879205,2,0.6,0,0.7999999999999999,0,0.6,0
3895,4,3,9.79554185054301,0.31312019626620224,2,0.3333333333333334,0,1.0,1,0.3333333333333334,0
3896,5,4,3.944840558385038,0.05535838880647284,0,0.9999999999999999,1,0.9999999999999999,1,0.7999999999999999,0
3897,4,3,16.228610718925406,0.21431066115432545,0,1.0,1,1.0,1,0.6666666666666669,0
3898,4,3,4.4456313446421944,0.32019968634817775,0,1.0,1,1.0,1,1.0,1
3899,4,5,10.659616996622642,0.3452836567308985,1,0.6666666666666669,0,1.0,1,0.6666666666666669,0
3900,6,4,16.110832226782144,0.2976277227377893,3,0.6,0,0.8666666666666666,0,0.4666666666666666,0
3901,6,5,3.1733678598219797,0.13989842104451164,2,0.7333333333333333,0,0.8666666666666666,0,0.8666666666666666,0
3902,8,5,2.553494121620682,0.15858703516531386,3,0.7857142857142856,0,0.8571428571428571,0,0.8571428571428571,0
3903,4,5,1.4996739488533715,0.06546378023151989,0,1.0,1,1.0,1,0.6666666666666669,0
3904,10,4,2.9828564880534816,0.059631681273825315,5,0.7777777777777777,0,0.8666666666666666,0,0.8222222222222221,0
3905,8,4,6.9966821685742575,0.3310989943096472,5,0.6428571428571428,0,0.7142857142857142,0,0.4999999999999999,0
3906,4,3,1.9187470229062566,0.05783659906726235,1,0.6666666666666669,0,1.0,1,1.0,1
3907,10,5,30.13609610459604,0.2368909269258268,6,0.7333333333333333,0,0.911111111111111,0,0.6444444444444444,0
3908,8,5,32.987130435906046,0.23095138759241465,3,0.7857142857142856,0,0.9285714285714285,0,0.6428571428571428,0
3909,4,3,5.154212800113299,0.3026743976923226,1,0.6666666666666669,0,1.0,1,0.6666666666666669,0
3910,4,5,57.17657547833373,0.28848183089061996,2,0.3333333333333334,0,1.0,1,0.3333333333333334,0
3911,10,4,4.67910649703675,0.27246948693034523,11,0.5111111111111111,0,0.8666666666666666,0,0.5111111111111111,0
3912,5,3,3.6419072323874264,0.2636267965799604,2,0.6,0,0.9999999999999999,1,0.6,0
3913,8,5,1.9911459546440535,0.13173946872847866,2,0.8571428571428571,0,0.7857142857142856,0,0.7857142857142856,0
3914,10,4,2.2343397499602635,0.060857425155414396,2,0.911111111111111,0,0.9999999999999999,1,0.9555555555555554,0
3915,6,5,22.173641823269126,0.21780201461956333,0,0.9999999999999999,1,0.8666666666666666,0,0.9999999999999999,1
3916,5,5,4.876860445579085,0.18411047512003492,1,0.7999999999999999,0,0.9999999999999999,1,0.9999999999999999,1
3917,5,4,3.0522905039842887,0.10942472413810803,1,0.7999999999999999,0,0.9999999999999999,1,0.7999999999999999,0
3918,5,4,2.4926697954598094,0.12435340390983668,2,0.6,0,0.9999999999999999,1,0.6,0
3919,5,5,7.001383130274618,0.3350562087657727,2,0.6,0,0.9999999999999999,1,0.6,0
3920,10,5,5.647335704244769,0.1547065908599771,2,0.911111111111111,0,0.9999999999999999,1,0.9555555555555554,0
3921,4,4,2.9342191618786826,0.07408736710769263,0,1.0,1,0.6666666666666669,0,1.0,1
3922,4,4,41.113806692143676,0.33264288239771,1,0.6666666666666669,0,1.0,1,0.3333333333333334,0
3923,6,5,3.9078158148620843,0.0990052889145566,0,0.9999999999999999,1,0.9999999999999999,1,0.9999999999999999,1
3924,5,4,38.27543904817743,0.1722453570996238,1,0.7999999999999999,0,0.7999999999999999,0,0.7999999999999999,0
3925,8,5,2.460866369938867,0.1135620861378415,1,0.9285714285714285,0,0.9285714285714285,0,0.9285714285714285,0
3926,4,5,20.73886886994634,0.046586745933792695,0,1.0,1,1.0,1,1.0,1
3927,4,5,60.66239813806835,0.3388547592581139,2,0.3333333333333334,0,1.0,1,0.6666666666666669,0
3928,8,4,3.6425716112613897,0.09939686599687263,2,0.8571428571428571,0,0.9285714285714285,0,0.8571428571428571,0
3929,4,4,1.4076992939256519,0.049264792543570766,0,1.0,1,1.0,1,1.0,1
3930,6,4,61.55551179180323,0.30107249617978143,2,0.7333333333333333,0,0.9999999999999999,1,0.7333333333333333,0
3931,5,4,2.86081230647606,0.18857096330395148,1,0.7999999999999999,0,0.9999999999999999,1,0.7999999999999999,0
3932,4,3,4.756411327552878,0.269722842721624,1,0.6666666666666669,0,1.0,1,0.6666666666666669,0
3933,4,3,13.654558007068275,0.3839339453123412,0,1.0,1,1.0,1,0.6666666666666669,0
3934,10,3,5.8826072904840165,0.20851490273732684,2,0.911111111111111,0,0.9999999999999999,1,0.9555555555555554,0
3935,4,5,2.075026648726812,0.08359882592718014,1,0.6666666666666669,0,0.6666666666666669,0,0.6666666666666669,0
3936,4,4,31.5890594722211,0.4792962854963101,4,-0.3333333333333334,0,1.0,1,-0.3333333333333334,0
3937,10,5,3.987439421788382,0.14764546710165508,4,0.8222222222222221,0,0.9999999999999999,1,0.7777777777777777,0
3938,10,3,1.9254762328693615,0.08819548609162953,0,0.9999999999999999,1,0.9555555555555554,0,0.911111111111111,0
3939,10,5,2.992772842238743,0.0376428691764013,0,0.9999999999999999,1,0.911111111111111,0,0.8666666666666666,0
3940,6,4,6.721863710780605,0.19052854894094579,1,0.8666666666666666,0,0.9999999999999999,1,0.8666666666666666,0
3941,10,3,2.4548337917258483,0.15382037443637972,10,0.5555555555555555,0,0.911111111111111,0,0.5555555555555555,0
3942,4,5,2.309896255786735,0.15310322024713888,0,1.0,1,1.0,1,1.0,1
3943,8,4,1.7934650152416056,0.04314308129591819,1,0.9285714285714285,0,0.9285714285714285,0,0.9285714285714285,0
3944,5,3,3.627804419020404,0.04466154669246019,0,0.9999999999999999,1,0.9999999999999999,1,0.9999999999999999,1
3945,5,5,8.022363434656166,0.3541890928821928,6,-0.19999999999999998,0,0.7999999999999999,0,-0.19999999999999998,0
3946,4,5,5.145012163084538,0.24597281392206743,0,1.0,1,1.0,1,1.0,1
3947,5,4,2.2087310565865197,0.11901746735108565,0,0.9999999999999999,1,0.9999999999999999,1,0.9999999999999999,1
3948,8,5,3.434108514423254,0.24373588608345384,3,0.7857142857142856,0,0.7857142857142856,0,0.7857142857142856,0
3949,5,3,1.4821026767486356,0.037933103291249305,0,0.9999999999999999,1,0.9999999999999999,1,0.9999999999999999,1
3950,5,5,8.490093994116279,0.23853623630857845,2,0.6,0,0.6,0,0.6,0
3951,5,4,3.7030761637864615,0.1472168158870657,2,0.6,0,0.19999999999999998,0,0.39999999999999997,0
3952,10,4,7.579008365024686,0.20202808547244844,2,0.911111111111111,0,0.911111111111111,0,0.8222222222222221,0
3953,6,5,4.091357799874406,0.12116736060945008,1,0.8666666666666666,0,0.9999999999999999,1,0.8666666666666666,0
3954,8,4,14.286202887527466,0.4695290335053792,9,0.3571428571428571,0,0.8571428571428571,0,0.3571428571428571,0
3955,10,4,2.7608681504952237,0.18947353385232307,4,0.8222222222222221,0,0.911111111111111,0,0.8222222222222221,0
3956,10,5,3.9901469109919616,0.24183895462454869,3,0.8666666666666666,0,0.911111111111111,0,0.7777777777777777,0
3957,4,5,25.73152607227866,0.5358883299181423,2,0.3333333333333334,0,1.0,1,0.3333333333333334,0
3958,6,3,3.721177922728775,0.21935684912445919,2,0.7333333333333333,0,0.9999999999999999,1,0.7333333333333333,0
3959,6,4,5.509566852432858,0.3151761592753628,1,0.8666666666666666,0,0.8666666666666666,0,0.7333333333333333,0
3960,4,5,1.2909316479170143,0.016980847986171582,0,1.0,1,1.0,1,1.0,1
3961,6,4,2.475886293596424,0.11793103428080529,0,0.9999999999999999,1,0.9999999999999999,1,0.9999999999999999,1
3962,6,4,2.7061408319190834,0.1819745713904756,2,0.7333333333333333,0,0.7333333333333333,0,0.8666666666666666,0
3963,8,5,5.28465995744728,0.13686347249709407,5,0.6428571428571428,0,0.7142857142857142,0,0.42857142857142855,0
3964,6,5,4.598811708210854,0.1987018052362921,3,0.6,0,0.9999999999999999,1,0.4666666666666666,0
3965,10,3,3.2357966742200803,0.0573676057860184,1,0.9555555555555554,0,0.9555555555555554,0,0.9555555555555554,0
3966,4,5,23.969438652691007,0.19491340164076293,0,1.0,1,1.0,1,1.0,1
3967,5,4,5.921422930796277,0.17923862156169246,0,0.9999999999999999,1,0.9999999999999999,1,0.9999999999999999,1
3968,10,3,1.3970032926216343,0.023725336258313082,0,0.9999999999999999,1,0.9999999999999999,1,0.9555555555555554,0
3969,10,5,3.460073226507172,0.22436666082898604,2,0.911111111111111,0,0.911111111111111,0,0.911111111111111,0
3970,6,4,5.966136581486002,0.18557699283566115,1,0.8666666666666666,0,0.8666666666666666,0,0.7333333333333333,0
3971,10,5,7.3179378773242245,0.23454280436795,11,0.5111111111111111,0,0.7333333333333333,0,0.28888888888888886,0
3972,6,3,6.038980971329693,0.05598536460403145,1,0.8666666666666666,0,0.9999999999999999,1,0.8666666666666666,0
3973,4,3,2.6693104774119996,0.012733647030703713,0,1.0,1,1.0,1,1.0,1
3974,8,4,3.864188916564812,0.30312597885241105,5,0.6428571428571428,0,0.9285714285714285,0,0.6428571428571428,0
3975,10,4,11.642501427388382,0.17300499072465153,3,0.8666666666666666,0,0.7777777777777777,0,0.6888888888888888,0
3976,5,4,30.763043993960455,0.38703440927511223,1,0.7999999999999999,0,0.9999999999999999,1,0.7999999999999999,0
3977,6,3,1.439921180583988,0.05609103475386455,0,0.9999999999999999,1,0.9999999999999999,1,0.9999999999999999,1
3978,4,4,4.693948468147053,0.12366118110720753,0,1.0,1,1.0,1,1.0,1
3979,10,4,6.935520170549725,0.11308335168612733,2,0.911111111111111,0,0.911111111111111,0,0.9555555555555554,0
3980,8,4,3.0018205338763972,0.04376852057794355,2,0.8571428571428571,0,0.9285714285714285,0,0.9285714285714285,0
3981,4,3,3.97363921118067,0.18892013253032047,3,0.0,0,1.0,1,0.0,0
3982,4,3,4.113019273057514,0.2380342183586554,1,0.6666666666666669,0,1.0,1,0.6666666666666669,0
3983,5,5,4.012177554129318,0.1426347021610979,1,0.7999999999999999,0,0.7999999999999999,0,0.6,0
3984,4,3,1.1123703805559433,0.022416310695033276,0,1.0,1,1.0,1,0.6666666666666669,0
3985,5,4,2.428085554141769,0.11012330669984902,0,0.9999999999999999,1,0.9999999999999999,1,0.7999999999999999,0
3986,5,3,29.441301342936022,0.48023068747010955,2,0.6,0,0.9999999999999999,1,0.6,0
3987,6,3,4.78325427031528,0.2975606586985326,1,0.8666666666666666,0,0.8666666666666666,0,0.7333333333333333,0
3988,5,5,3.182385688574176,0.15144179001671693,2,0.6,0,0.7999999999999999,0,0.6,0
3989,4,3,6.686515109659529,0.32028016379020574,1,0.6666666666666669,0,1.0,1,0.6666666666666669,0
3990,4,5,142.46598178077213,0.375155118913137,2,0.3333333333333334,0,0.6666666666666669,0,0.3333333333333334,0
3991,6,4,8.83547336472592,0.29922127914720753,3,0.6,0,0.9999999999999999,1,0.6,0
3992,8,4,9.988908623730014,0.14267128284870179,3,0.7857142857142856,0,0.7857142857142856,0,0.7857142857142856,0
3993,8,5,2.4908445758923823,0.11221280015738237,1,0.9285714285714285,0,0.9999999999999998,1,0.9999999999999998,1
3994,6,3,1.4907566650655952,0.0993596410167729,1,0.8666666666666666,0,0.8666666666666666,0,0.8666666666666666,0
3995,4,3,2.0288978201706134,0.06380670448677353,0,1.0,1,1.0,1,1.0,1
3996,10,4,4.137661445916777,0.20861500317536194,3,0.8666666666666666,0,0.8222222222222221,0,0.8666666666666666,0
3997,4,5,4.274525094423785,0.25000939929449706,0,1.0,1,1.0,1,0.6666666666666669,0
3998,5,4,2.0258268143360474,0.1015037028682661,0,0.9999999999999999,1,0.9999999999999999,1,0.9999999999999999,1
3999,8,3,4.293502392471972,0.22902447896471329,2,0.8571428571428571,0,0.8571428571428571,0,0.7857142857142856,0
